[{"matchID": "49619cf5-e870-45b5-b1e6-41228ca2cd42", "matchIDinofficial": "20220417SUN40", "matchNum": "40", "matchDate": "2022-04-17+08:00", "matchDay": "SUN", "coupon": {"couponID": "2", "couponShortName": "SUN", "couponNameCH": "\u5468\u65e5\u8cfd\u4e8b", "couponNameEN": "Sunday Matches"}, "league": {"leagueID": "14", "leagueShortName": "FFL", "leagueNameCH": "\u6cd5\u570b\u7532\u7d44\u806f\u8cfd", "leagueNameEN": "French Division 1"}, "homeTeam": {"teamID": "88", "teamNameCH": "\u91cc\u6602", "teamNameEN": "Lyon"}, "awayTeam": {"teamID": "210", "teamNameCH": "\u6ce2\u723e\u591a", "teamNameEN": "Bordeaux"}, "matchStatus": "ResultIn", "matchTime": "2022-04-17T23:05:00+08:00", "statuslastupdated": "2022-04-18T00:30:40+08:00", "inplaydelay": "true", "channel": [{"order": 1, "channelID": "639", "channelNameCH": "NOW 639 \u53f0", "channelNameEN": "NOW 639"}], "liveEvent": {"ilcLiveDisplay": true, "hasLiveInfo": true, "isIncomplete": false, "matchIDbetradar": "27885308", "matchstate": "SecondHalf", "stateTS": "2022-04-18T00:08:13+08:00", "liveevent": [{"order": 1, "minutesElasped": "20", "actionType": "Regular", "playerNameCH": "\u7a46\u6c99\u8fea\u6bd4\u5229", "playerNameEN": "Moussa Dembele", "homeaway": "Home"}, {"order": 2, "minutesElasped": "27", "actionType": "Regular", "playerNameCH": "\u6258\u9ad8\u4f0a\u7518\u6bd4", "playerNameEN": "Karl Toko Ekambi", "homeaway": "Home"}, {"order": 3, "minutesElasped": "34", "actionType": "Regular", "playerNameCH": "\u76e7\u5361\u65af\u67cf\u57fa\u9054", "playerNameEN": "Lucas Paqueta", "homeaway": "Home"}, {"order": 4, "minutesElasped": "46", "actionType": "Regular", "playerNameCH": "\u7f85\u66fc\u6cd5\u592b\u5229", "playerNameEN": "Romain Faivre", "homeaway": "Home"}, {"order": 5, "minutesElasped": "68", "actionType": "Regular", "playerNameCH": "\u6258\u9ad8\u4f0a\u7518\u6bd4", "playerNameEN": "Karl Toko Ekambi", "homeaway": "Home"}]}, "accumulatedscore": [{"periodvalue": "FirstHalf", "periodstatus": "ResultFinal", "home": "3", "away": "0"}, {"periodvalue": "SecondHalf", "periodstatus": "Interim", "home": "5", "away": "0"}], "livescore": {"home": "5", "away": "0"}, "cornerresult": "6", "hasWebTV": false, "hasOdds": false, "chlodds": {"LINELIST": [{"LINENUM": "2", "MAINLINE": "false", "LINESTATUS": "1", "LINEORDER": "2", "LINE": "8.5/8.5", "H": "100@2.65", "L": "100@1.42"}, {"LINENUM": "1", "MAINLINE": "true", "LINESTATUS": "1", "LINEORDER": "1", "LINE": "7.5/7.5", "H": "100@1.56", "L": "100@2.27"}], "ID": "a14f5af6-93c9-487b-8479-9c4bb42678f0", "POOLSTATUS": "Selling", "ET": "0", "INPLAY": "true", "ALLUP": "true", "Cur": "1"}, "hasExtraTimePools": false, "results": {}, "definedPools": ["HAD", "FHA", "CRS", "FCS", "FTS", "OOE", "TTG", "HFT", "HHA", "HDC", "HIL", "FHL", "CHL", "NTS"], "inplayPools": ["HAD", "FHA", "HIL", "CHL", "CRS", "FCS", "NTS"], "hfm": {"LEG1": "SUN 32", "LEG1ID": "0863ae21-d36b-4e6e-b4b2-cff6825dcc01", "LEG2": "SUN 33", "LEG2ID": "978102fa-309d-451f-a3f3-4b158f766741", "LEG3": "SUN 34", "LEG3ID": "42b2a05c-fac2-4343-8c95-a3d4bfbc78a8", "LEG4": "SUN 39", "LEG4ID": "eb1a602d-d5e8-4b82-94b7-187bc283708c", "LEG5": "SUN 40", "LEG5ID": "49619cf5-e870-45b5-b1e6-41228ca2cd42", "LEG6": "SUN 41", "LEG6ID": "2f866805-96f4-457f-8015-85c51496b973", "ITEM": "1"}}, {"matchID": "c7ccd06d-ec2e-4741-b466-2769826620a0", "matchIDinofficial": "20220417SUN53", "matchNum": "53", "matchDate": "2022-04-17+08:00", "matchDay": "SUN", "coupon": {"couponID": "2", "couponShortName": "SUN", "couponNameCH": "\u5468\u65e5\u8cfd\u4e8b", "couponNameEN": "Sunday Matches"}, "league": {"leagueID": "4", "leagueShortName": "SFL", "leagueNameCH": "\u897f\u73ed\u7259\u7532\u7d44\u806f\u8cfd", "leagueNameEN": "Spanish Division 1"}, "homeTeam": {"teamID": "61", "teamNameCH": "\u7562\u723e\u5305", "teamNameEN": "Bilbao"}, "awayTeam": {"teamID": "62", "teamNameCH": "\u5207\u723e\u9054", "teamNameEN": "Celta Vigo"}, "matchStatus": "Closed", "matchTime": "2022-04-18T00:30:00+08:00", "statuslastupdated": "2022-04-18T00:31:14+08:00", "inplaydelay": "true", "channel": [{"order": 1, "channelID": "632", "channelNameCH": "NOW 632\u53f0", "channelNameEN": "NOW 632"}], "liveEvent": {"ilcLiveDisplay": true, "hasLiveInfo": true, "isIncomplete": false, "matchIDbetradar": "27965788", "matchstate": "FirstHalf", "stateTS": "2022-04-18T00:31:14+08:00", "liveevent": []}, "accumulatedscore": [{"periodvalue": "FirstHalf", "periodstatus": "Started", "home": "", "away": ""}], "livescore": {"home": "0", "away": "0"}, "cornerresult": "0", "hasWebTV": false, "hasOdds": false, "chlodds": {"LINELIST": [{"LINENUM": "1", "MAINLINE": "true", "LINESTATUS": "1", "LINEORDER": "1", "LINE": "8.5/8.5", "L": "100@1.95", "H": "100@1.75"}, {"LINENUM": "2", "MAINLINE": "false", "LINESTATUS": "1", "LINEORDER": "2", "LINE": "9.5/9.5", "H": "100@2.22", "L": "100@1.58"}], "ID": "3d72ddc0-dc52-424e-b3d4-342d41621bc7", "POOLSTATUS": "Selling", "ET": "0", "INPLAY": "true", "ALLUP": "true", "Cur": "1"}, "hasExtraTimePools": false, "results": {}, "definedPools": ["HAD", "FHA", "CRS", "FCS", "FTS", "OOE", "TTG", "HFT", "HHA", "HDC", "HIL", "FHL", "CHL", "NTS"], "inplayPools": ["HAD", "FHA", "HIL", "CHL", "CRS", "FCS", "NTS"]}]