[{"matchID": "55da434b-a10b-47b7-8240-54a77442dd25", "matchIDinofficial": "20220430SAT69", "matchNum": "69", "matchDate": "2022-04-30+08:00", "matchDay": "SAT", "coupon": {"couponID": "1", "couponShortName": "SAT", "couponNameCH": "\u5468\u516d\u8cfd\u4e8b", "couponNameEN": "Saturday Matches"}, "league": {"leagueID": "2", "leagueShortName": "ISA", "leagueNameCH": "\u610f\u5927\u5229\u7532\u7d44\u806f\u8cfd", "leagueNameEN": "Italian Division 1"}, "homeTeam": {"teamID": "54", "teamNameCH": "\u68ee\u591a\u5229\u4e9e", "teamNameEN": "Sampdoria"}, "awayTeam": {"teamID": "677", "teamNameCH": "\u71b1\u62ff\u4e9e", "teamNameEN": "Genoa"}, "matchStatus": "ResultIn", "matchTime": "2022-05-01T00:00:00+08:00", "statuslastupdated": "2022-05-01T01:34:10+08:00", "inplaydelay": "true", "channel": [{"order": 1, "channelID": "638", "channelNameCH": "NOW 638\u53f0", "channelNameEN": "NOW 638"}], "liveEvent": {"ilcLiveDisplay": true, "hasLiveInfo": true, "isIncomplete": false, "matchIDbetradar": "28160524", "matchstate": "SecondHalf", "stateTS": "2022-05-01T01:07:39+08:00", "liveevent": [{"order": 1, "minutesElasped": "25", "actionType": "Regular", "playerNameCH": "\u6c99\u6bd4\u5c3c", "playerNameEN": "Abdelhamid Sabiri", "homeaway": "Home"}, {"order": 2, "minutesElasped": "32", "actionType": "YellowCard", "playerNameCH": "\u5967\u9054\u8def", "playerNameEN": "Emil Audero", "homeaway": "Home"}, {"order": 3, "minutesElasped": "51", "actionType": "YellowCard", "playerNameCH": "\u7c21\u9054\u83ef", "playerNameEN": "Antonio Candreva", "homeaway": "Home"}]}, "accumulatedscore": [{"periodvalue": "FirstHalf", "periodstatus": "ResultFinal", "home": "1", "away": "0"}, {"periodvalue": "SecondHalf", "periodstatus": "Interim", "home": "", "away": ""}], "livescore": {"home": "1", "away": "0"}, "cornerresult": "3", "hasWebTV": false, "hasOdds": false, "chlodds": {"LINELIST": [{"LINENUM": "1", "MAINLINE": "true", "LINESTATUS": "1", "LINEORDER": "1", "LINE": "4.5/4.5", "L": "100@1.59", "H": "100@2.20"}, {"LINENUM": "2", "MAINLINE": "false", "LINESTATUS": "1", "LINEORDER": "2", "LINE": "5.5/5.5", "L": "100@1.12", "H": "100@5.10"}], "ID": "2152a6c9-e9fd-4bc6-9758-d94ff1759ee3", "POOLSTATUS": "Selling", "ET": "0", "INPLAY": "true", "ALLUP": "true", "Cur": "1"}, "hasExtraTimePools": false, "results": {}, "definedPools": ["HAD", "FHA", "CRS", "FCS", "FTS", "OOE", "TTG", "HFT", "HHA", "HDC", "HIL", "FHL", "CHL", "NTS"], "inplayPools": ["HAD", "FHA", "HIL", "CHL", "CRS", "FCS", "NTS"]}, {"matchID": "c3157a83-4dcc-4d04-897e-30272da2ff3c", "matchIDinofficial": "20220430SAT74", "matchNum": "74", "matchDate": "2022-04-30+08:00", "matchDay": "SAT", "coupon": {"couponID": "1", "couponShortName": "SAT", "couponNameCH": "\u5468\u516d\u8cfd\u4e8b", "couponNameEN": "Saturday Matches"}, "league": {"leagueID": "1", "leagueShortName": "EPL", "leagueNameCH": "\u82f1\u683c\u862d\u8d85\u7d1a\u806f\u8cfd", "leagueNameEN": "Eng Premier"}, "homeTeam": {"teamID": "10", "teamNameCH": "\u5217\u65af\u806f", "teamNameEN": "Leeds"}, "awayTeam": {"teamID": "13", "teamNameCH": "\u66fc\u57ce", "teamNameEN": "Manchester City"}, "matchStatus": "ResultIn", "matchTime": "2022-05-01T00:30:00+08:00", "statuslastupdated": "2022-05-01T01:39:36+08:00", "inplaydelay": "true", "channel": [{"order": 1, "channelID": "621", "channelNameCH": "NOW 621\u53f0", "channelNameEN": "NOW 621"}, {"order": 2, "channelID": "611", "channelNameCH": "NOW 611\u53f0", "channelNameEN": "NOW 611"}], "liveEvent": {"ilcLiveDisplay": true, "hasLiveInfo": true, "isIncomplete": false, "matchIDbetradar": "27751736", "matchstate": "SecondHalf", "stateTS": "2022-05-01T01:39:36+08:00", "liveevent": [{"order": 1, "minutesElasped": "6", "actionType": "YellowCard", "playerNameCH": "\u7956\u5c3c\u4e9e\u8cbb\u666e", "playerNameEN": "Junior Firpo", "homeaway": "Home"}, {"order": 2, "minutesElasped": "13", "actionType": "Regular", "playerNameCH": "\u6d1b\u8fea\u5361\u65af\u7c21\u8fea", "playerNameEN": "Rodri", "homeaway": "Away"}, {"order": 3, "minutesElasped": "14", "actionType": "YellowCard", "playerNameCH": "\u57fa\u4e9e\u5229\u6b8a", "playerNameEN": "Jack Grealish", "homeaway": "Away"}]}, "accumulatedscore": [{"periodvalue": "FirstHalf", "periodstatus": "ResultFinal", "home": "0", "away": "1"}, {"periodvalue": "SecondHalf", "periodstatus": "Started", "home": "", "away": ""}], "livescore": {"home": "0", "away": "1"}, "cornerresult": "4", "hasWebTV": false, "hasOdds": false, "chlodds": {"LINELIST": [{"LINENUM": "2", "MAINLINE": "false", "LINESTATUS": "1", "LINEORDER": "2", "LINE": "9.5/9.5", "H": "100@2.48", "L": "100@1.47"}, {"LINENUM": "1", "MAINLINE": "true", "LINESTATUS": "1", "LINEORDER": "1", "LINE": "8.5/8.5", "L": "100@1.98", "H": "100@1.73"}], "ID": "76a42370-1e38-4a2e-a2e6-5b9d67f05877", "POOLSTATUS": "Selling", "ET": "0", "INPLAY": "true", "ALLUP": "true", "Cur": "1"}, "hasExtraTimePools": false, "results": {}, "definedPools": ["HAD", "FHA", "CRS", "FCS", "FTS", "OOE", "TTG", "HFT", "HHA", "HDC", "HIL", "FHL", "CHL", "NTS"], "inplayPools": ["HAD", "FHA", "HIL", "CHL", "CRS", "FCS", "NTS"]}, {"matchID": "426c5287-17c7-4ae7-a7e4-dbcbb0901a34", "matchIDinofficial": "20220430SAT75", "matchNum": "75", "matchDate": "2022-04-30+08:00", "matchDay": "SAT", "coupon": {"couponID": "1", "couponShortName": "SAT", "couponNameCH": "\u5468\u516d\u8cfd\u4e8b", "couponNameEN": "Saturday Matches"}, "league": {"leagueID": "4", "leagueShortName": "SFL", "leagueNameCH": "\u897f\u73ed\u7259\u7532\u7d44\u806f\u8cfd", "leagueNameEN": "Spanish Division 1"}, "homeTeam": {"teamID": "73", "teamNameCH": "\u83ef\u502b\u897f\u4e9e", "teamNameEN": "Valencia"}, "awayTeam": {"teamID": "264", "teamNameCH": "\u5229\u96f2\u7279", "teamNameEN": "Levante"}, "matchStatus": "ResultIn", "matchTime": "2022-05-01T00:30:00+08:00", "statuslastupdated": "2022-05-01T01:41:57+08:00", "inplaydelay": "true", "channel": [{"order": 1, "channelID": "632", "channelNameCH": "NOW 632\u53f0", "channelNameEN": "NOW 632"}], "liveEvent": {"ilcLiveDisplay": true, "hasLiveInfo": true, "isIncomplete": false, "matchIDbetradar": "27965840", "matchstate": "SecondHalf", "stateTS": "2022-05-01T01:37:27+08:00", "liveevent": [{"order": 1, "minutesElasped": "23", "actionType": "YellowCard", "playerNameCH": "\u5e72\u5361\u8def\u53e4\u4e9e\u8fea\u65af", "playerNameEN": "Goncalo Guedes", "homeaway": "Home"}, {"order": 2, "minutesElasped": "27", "actionType": "Regular", "playerNameCH": "\u66c9\u9ad8\u675c\u7f85", "playerNameEN": "Hugo Duro", "homeaway": "Home"}, {"order": 3, "minutesElasped": "30", "actionType": "YellowCard", "playerNameCH": "\u8377\u897f\u52a0\u8036", "playerNameEN": "Jose Luis Gaya", "homeaway": "Home"}, {"order": 4, "minutesElasped": "31", "actionType": "RedCard", "playerNameCH": "\u8377\u897f\u52a0\u8036", "playerNameEN": "Jose Luis Gaya", "homeaway": "Home"}, {"order": 5, "minutesElasped": "36", "actionType": "YellowCard", "playerNameCH": "\u5c3c\u66fc\u67e5\u62c9\u5ea6\u67e5", "playerNameEN": "Nemanja Radoja", "homeaway": "Away"}, {"order": 6, "minutesElasped": "38", "actionType": "YellowCard", "playerNameCH": "\u8f9b\u6069\u5e0c\u9054\u9ad8", "playerNameEN": "Son", "homeaway": "Away"}, {"order": 7, "minutesElasped": "38", "actionType": "YellowCard", "playerNameCH": "\u5967\u723e\u5fb7\u96f7\u7279, \u5967\u99ac\u723e", "playerNameEN": "Omar Alderete", "homeaway": "Home"}]}, "accumulatedscore": [{"periodvalue": "FirstHalf", "periodstatus": "ResultFinal", "home": "1", "away": "0"}, {"periodvalue": "SecondHalf", "periodstatus": "Interim", "home": "", "away": ""}], "livescore": {"home": "1", "away": "0"}, "cornerresult": "5", "hasWebTV": false, "hasOdds": false, "chlodds": {"LINELIST": [{"LINENUM": "1", "MAINLINE": "true", "LINESTATUS": "1", "LINEORDER": "1", "LINE": "9.5/9.5", "L": "100@1.98", "H": "100@1.73"}, {"LINENUM": "2", "MAINLINE": "false", "LINESTATUS": "1", "LINEORDER": "2", "LINE": "10.5/10.5", "H": "100@2.48", "L": "100@1.47"}], "ID": "8ffe25c6-2bfa-408d-a8f0-7a21798835c7", "POOLSTATUS": "NotSelling", "ET": "0", "INPLAY": "true", "ALLUP": "true", "Cur": "1"}, "hasExtraTimePools": false, "results": {}, "definedPools": ["HAD", "FHA", "CRS", "FCS", "FTS", "OOE", "TTG", "HFT", "HHA", "HDC", "HIL", "FHL", "CHL", "NTS"], "inplayPools": ["HAD", "FHA", "HIL", "CHL", "CRS", "FCS", "NTS"]}]