[{"matchID": "6050c362-4b3a-4c5f-a27e-6828840760a7", "matchIDinofficial": "20220421THU9", "matchNum": "9", "matchDate": "2022-04-21+08:00", "matchDay": "THU", "coupon": {"couponID": "6", "couponShortName": "THU", "couponNameCH": "\u5468\u56db\u8cfd\u4e8b", "couponNameEN": "Thursday Matches"}, "league": {"leagueID": "4", "leagueShortName": "SFL", "leagueNameCH": "\u897f\u73ed\u7259\u7532\u7d44\u806f\u8cfd", "leagueNameEN": "Spanish Division 1"}, "homeTeam": {"teamID": "64", "teamNameCH": "\u611b\u65af\u8cd3\u5974", "teamNameEN": "Espanyol"}, "awayTeam": {"teamID": "863", "teamNameCH": "\u83ef\u6b77\u7c21\u5974", "teamNameEN": "Vallecano"}, "matchStatus": "Closed", "matchTime": "2022-04-22T01:00:00+08:00", "statuslastupdated": "2022-04-22T01:02:14+08:00", "inplaydelay": "true", "channel": [{"order": 1, "channelID": "633", "channelNameCH": "NOW 633\u53f0", "channelNameEN": "NOW 633"}], "liveEvent": {"ilcLiveDisplay": true, "hasLiveInfo": true, "isIncomplete": false, "matchIDbetradar": "27965816", "matchstate": "FirstHalf", "stateTS": "2022-04-22T01:02:14+08:00", "liveevent": []}, "accumulatedscore": [{"periodvalue": "FirstHalf", "periodstatus": "Started", "home": "", "away": ""}], "livescore": {"home": "0", "away": "0"}, "cornerresult": "4", "hasWebTV": false, "hasOdds": false, "chlodds": {"LINELIST": [{"LINENUM": "2", "MAINLINE": "false", "LINESTATUS": "1", "LINEORDER": "2", "LINE": "12.5/12.5", "H": "100@2.10", "L": "100@1.65"}, {"LINENUM": "1", "MAINLINE": "true", "LINESTATUS": "1", "LINEORDER": "1", "LINE": "11.5/11.5", "L": "100@2.10", "H": "100@1.65"}], "ID": "2ff284e8-7caa-4c7a-83cd-3061a8b6d27d", "POOLSTATUS": "Selling", "ET": "0", "INPLAY": "true", "ALLUP": "true", "Cur": "1"}, "hasExtraTimePools": false, "results": {}, "definedPools": ["HAD", "FHA", "CRS", "FCS", "FTS", "OOE", "TTG", "HFT", "HHA", "HDC", "HIL", "FHL", "CHL", "NTS"], "inplayPools": ["HAD", "FHA", "HIL", "CHL", "CRS", "FCS", "NTS"], "dhc": {"LEG1": "THU 9", "LEG1ID": "6050c362-4b3a-4c5f-a27e-6828840760a7", "LEG2": "THU 10", "LEG2ID": "fbd9266f-8c4e-4787-a264-b1e1342e35ec", "ITEM": "1"}, "hfm": {"LEG1": "THU 9", "LEG1ID": "6050c362-4b3a-4c5f-a27e-6828840760a7", "LEG2": "THU 10", "LEG2ID": "fbd9266f-8c4e-4787-a264-b1e1342e35ec", "LEG3": "THU 13", "LEG3ID": "94ed0285-43d7-4074-ab02-9bd01afeacef", "LEG4": "THU 14", "LEG4ID": "fcb732c9-66f9-4b5e-bf61-449d8ffae509", "LEG5": "THU 16", "LEG5ID": "781d762f-90cf-4550-a601-ee0f23fd7a2a", "LEG6": "THU 20", "LEG6ID": "71cfc385-5f1d-4206-beeb-a82e597f075d", "ITEM": "1"}}, {"matchID": "fbd9266f-8c4e-4787-a264-b1e1342e35ec", "matchIDinofficial": "20220421THU10", "matchNum": "10", "matchDate": "2022-04-21+08:00", "matchDay": "THU", "coupon": {"couponID": "6", "couponShortName": "THU", "couponNameCH": "\u5468\u56db\u8cfd\u4e8b", "couponNameEN": "Thursday Matches"}, "league": {"leagueID": "4", "leagueShortName": "SFL", "leagueNameCH": "\u897f\u73ed\u7259\u7532\u7d44\u806f\u8cfd", "leagueNameEN": "Spanish Division 1"}, "homeTeam": {"teamID": "264", "teamNameCH": "\u5229\u96f2\u7279", "teamNameEN": "Levante"}, "awayTeam": {"teamID": "72", "teamNameCH": "\u897f\u7dad\u723e", "teamNameEN": "Sevilla"}, "matchStatus": "Closed", "matchTime": "2022-04-22T01:00:00+08:00", "statuslastupdated": "2022-04-22T01:02:15+08:00", "inplaydelay": "true", "channel": [{"order": 1, "channelID": "632", "channelNameCH": "NOW 632\u53f0", "channelNameEN": "NOW 632"}], "liveEvent": {"ilcLiveDisplay": true, "hasLiveInfo": true, "isIncomplete": false, "matchIDbetradar": "27965818", "matchstate": "FirstHalf", "stateTS": "2022-04-22T01:02:15+08:00", "liveevent": [{"order": 1, "minutesElasped": "4", "actionType": "YellowCard", "playerNameCH": "\u7956\u5b89\u4f50\u6566", "playerNameEN": "Joan Jordan", "homeaway": "Away"}]}, "accumulatedscore": [{"periodvalue": "FirstHalf", "periodstatus": "Started", "home": "", "away": ""}], "livescore": {"home": "0", "away": "0"}, "cornerresult": "-1", "hasWebTV": false, "hasOdds": false, "chlodds": {"LINELIST": [{"LINENUM": "2", "MAINLINE": "false", "LINESTATUS": "1", "LINEORDER": "2", "LINE": "10.5/10.5", "H": "100@2.60", "L": "100@1.43"}, {"LINENUM": "1", "MAINLINE": "true", "LINESTATUS": "1", "LINEORDER": "1", "LINE": "9.5/9.5", "L": "100@1.77", "H": "100@1.93"}], "ID": "0d8bf28d-0564-4e1f-85af-ddaa3ea05657", "POOLSTATUS": "NotSelling", "ET": "0", "INPLAY": "true", "ALLUP": "true", "Cur": "1"}, "hasExtraTimePools": false, "results": {}, "definedPools": ["HAD", "FHA", "CRS", "FCS", "FTS", "OOE", "TTG", "HFT", "HHA", "HDC", "HIL", "FHL", "CHL", "NTS"], "inplayPools": ["HAD", "FHA", "HIL", "CHL", "CRS", "FCS", "NTS"], "dhc": {"LEG1": "THU 9", "LEG1ID": "6050c362-4b3a-4c5f-a27e-6828840760a7", "LEG2": "THU 10", "LEG2ID": "fbd9266f-8c4e-4787-a264-b1e1342e35ec", "ITEM": "1"}, "hfm": {"LEG1": "THU 9", "LEG1ID": "6050c362-4b3a-4c5f-a27e-6828840760a7", "LEG2": "THU 10", "LEG2ID": "fbd9266f-8c4e-4787-a264-b1e1342e35ec", "LEG3": "THU 13", "LEG3ID": "94ed0285-43d7-4074-ab02-9bd01afeacef", "LEG4": "THU 14", "LEG4ID": "fcb732c9-66f9-4b5e-bf61-449d8ffae509", "LEG5": "THU 16", "LEG5ID": "781d762f-90cf-4550-a601-ee0f23fd7a2a", "LEG6": "THU 20", "LEG6ID": "71cfc385-5f1d-4206-beeb-a82e597f075d", "ITEM": "1"}}]