[{"matchID": "06ced236-27cc-471c-a500-cdd51d6a6fd7", "matchIDinofficial": "20220423SAT14", "matchNum": "14", "matchDate": "2022-04-23+08:00", "matchDay": "SAT", "coupon": {"couponID": "1", "couponShortName": "SAT", "couponNameCH": "\u5468\u516d\u8cfd\u4e8b", "couponNameEN": "Saturday Matches"}, "league": {"leagueID": "87", "leagueShortName": "JD2", "leagueNameCH": "\u65e5\u672c\u4e59\u7d44\u806f\u8cfd", "leagueNameEN": "Japanese Division 2"}, "homeTeam": {"teamID": "1030", "teamNameCH": "\u6c34\u6236\u8700\u8475", "teamNameEN": "Mito Hollyhock"}, "awayTeam": {"teamID": "2652", "teamNameCH": "\u5c71\u53e3\u96f7\u6cd5", "teamNameEN": "Renofa Yamaguchi"}, "matchStatus": "ResultIn", "matchTime": "2022-04-23T15:00:00+08:00", "statuslastupdated": "2022-04-23T16:38:04+08:00", "inplaydelay": "true", "channel": [{"order": 1, "channelID": "GX", "channelNameCH": "GoalX app", "channelNameEN": "GoalX app"}, {"order": 2, "channelID": "HKJC", "channelNameCH": "HKJC TV app", "channelNameEN": "HKJC TV app"}], "liveEvent": {"ilcLiveDisplay": true, "hasLiveInfo": true, "isIncomplete": true, "matchIDbetradar": "", "matchstate": "SecondHalf", "stateTS": "2022-04-23T16:08:01+08:00", "liveevent": [{"order": 1, "minutesElasped": "13", "actionType": "Regular", "playerNameCH": "", "playerNameEN": "", "homeaway": "Away"}, {"order": 2, "minutesElasped": "60", "actionType": "Regular", "playerNameCH": "\u6728\u4e0b\u5eb7\u4ecb", "playerNameEN": "Kosuke Kinoshita", "homeaway": "Home"}, {"order": 3, "minutesElasped": "69", "actionType": "Regular", "playerNameCH": "", "playerNameEN": "Kazuma Takai", "homeaway": "Home"}]}, "accumulatedscore": [{"periodvalue": "FirstHalf", "periodstatus": "ResultFinal", "home": "0", "away": "1"}, {"periodvalue": "SecondHalf", "periodstatus": "Interim", "home": "2", "away": "2"}], "livescore": {"home": "2", "away": "2"}, "cornerresult": "13", "hasWebTV": false, "hasOdds": false, "chlodds": {"LINELIST": [{"LINENUM": "1", "MAINLINE": "true", "LINESTATUS": "1", "LINEORDER": "1", "LINE": "15.5/15.5", "H": "100@2.33", "L": "100@1.53"}, {"LINENUM": "2", "MAINLINE": "false", "LINESTATUS": "1", "LINEORDER": "2", "LINE": "16.5/16.5", "H": "100@4.15", "L": "100@1.18"}], "ID": "b5f45591-f331-4bb8-9de2-42c1948568de", "POOLSTATUS": "Selling", "ET": "0", "INPLAY": "true", "ALLUP": "true", "Cur": "1"}, "hasExtraTimePools": false, "results": {}, "definedPools": ["HAD", "FHA", "CRS", "FCS", "FTS", "OOE", "TTG", "HFT", "HHA", "HDC", "HIL", "FHL", "CHL", "NTS"], "inplayPools": ["HAD", "FHA", "HIL", "CHL", "CRS", "FCS", "NTS"]}]