[{"matchID": "27491df3-5772-4a05-a06e-d8fb7f55152a", "matchIDinofficial": "20220508SUN35", "matchNum": "35", "matchDate": "2022-05-08+08:00", "matchDay": "SUN", "coupon": {"couponID": "2", "couponShortName": "SUN", "couponNameCH": "\u5468\u65e5\u8cfd\u4e8b", "couponNameEN": "Sunday Matches"}, "league": {"leagueID": "1", "leagueShortName": "EPL", "leagueNameCH": "\u82f1\u683c\u862d\u8d85\u7d1a\u806f\u8cfd", "leagueNameEN": "Eng Premier"}, "homeTeam": {"teamID": "1", "teamNameCH": "\u963f\u4ed9\u5974", "teamNameEN": "Arsenal"}, "awayTeam": {"teamID": "10", "teamNameCH": "\u5217\u65af\u806f", "teamNameEN": "Leeds"}, "matchStatus": "ResultIn", "matchTime": "2022-05-08T21:00:00+08:00", "statuslastupdated": "2022-05-08T22:18:18+08:00", "inplaydelay": "true", "channel": [{"order": 1, "channelID": "621", "channelNameCH": "NOW 621\u53f0", "channelNameEN": "NOW 621"}], "liveEvent": {"ilcLiveDisplay": true, "hasLiveInfo": true, "isIncomplete": false, "matchIDbetradar": "27751752", "matchstate": "SecondHalf", "stateTS": "2022-05-08T22:05:38+08:00", "liveevent": [{"order": 1, "minutesElasped": "5", "actionType": "Regular", "playerNameCH": "\u5c3c\u57fa\u8fea\u4e9e", "playerNameEN": "Eddie Nketiah", "homeaway": "Home"}, {"order": 2, "minutesElasped": "10", "actionType": "Regular", "playerNameCH": "\u5c3c\u57fa\u8fea\u4e9e", "playerNameEN": "Eddie Nketiah", "homeaway": "Home"}, {"order": 3, "minutesElasped": "16", "actionType": "YellowCard", "playerNameCH": "\u52a0\u6bd4\u723e\u99ac\u52a0\u5e0c\u65af", "playerNameEN": "Gabriel Magalhaes", "homeaway": "Home"}, {"order": 4, "minutesElasped": "25", "actionType": "YellowCard", "playerNameCH": "\u827e\u5be7", "playerNameEN": "Luke Ayling", "homeaway": "Away"}, {"order": 5, "minutesElasped": "27", "actionType": "RedCard", "playerNameCH": "\u827e\u5be7", "playerNameEN": "Luke Ayling", "homeaway": "Away"}, {"order": 6, "minutesElasped": "27", "actionType": "YellowCard", "playerNameCH": "\u62c9\u82ac\u590f\u6bd4\u6d1b\u5c3c", "playerNameEN": "Raphinha", "homeaway": "Away"}, {"order": 7, "minutesElasped": "34", "actionType": "YellowCard", "playerNameCH": "\u57fa\u5217\u6cbb", "playerNameEN": "Mateusz Klich", "homeaway": "Away"}]}, "accumulatedscore": [{"periodvalue": "FirstHalf", "periodstatus": "ResultFinal", "home": "2", "away": "0"}, {"periodvalue": "SecondHalf", "periodstatus": "Interim", "home": "", "away": ""}], "livescore": {"home": "2", "away": "0"}, "cornerresult": "6", "hasWebTV": false, "hasOdds": false, "chlodds": {"LINELIST": [{"LINENUM": "2", "MAINLINE": "false", "LINESTATUS": "1", "LINEORDER": "2", "LINE": "9.5/9.5", "H": "100@2.33", "L": "100@1.53"}, {"LINENUM": "1", "MAINLINE": "true", "LINESTATUS": "1", "LINEORDER": "1", "LINE": "8.5/8.5", "H": "100@1.56", "L": "100@2.27"}], "ID": "b1e3a092-6f51-4054-925e-6d8f5b1ae848", "POOLSTATUS": "Selling", "ET": "0", "INPLAY": "true", "ALLUP": "true", "Cur": "1"}, "hasExtraTimePools": false, "results": {}, "definedPools": ["HAD", "FHA", "CRS", "FCS", "FTS", "OOE", "TTG", "HFT", "HHA", "HDC", "HIL", "FHL", "CHL", "NTS"], "inplayPools": ["HAD", "FHA", "HIL", "CHL", "CRS", "FCS", "NTS"]}, {"matchID": "f7de2232-7c7f-4402-b54d-68848e65ea8c", "matchIDinofficial": "20220508SUN37", "matchNum": "37", "matchDate": "2022-05-08+08:00", "matchDay": "SUN", "coupon": {"couponID": "2", "couponShortName": "SUN", "couponNameCH": "\u5468\u65e5\u8cfd\u4e8b", "couponNameEN": "Sunday Matches"}, "league": {"leagueID": "1", "leagueShortName": "EPL", "leagueNameCH": "\u82f1\u683c\u862d\u8d85\u7d1a\u806f\u8cfd", "leagueNameEN": "Eng Premier"}, "homeTeam": {"teamID": "11", "teamNameCH": "\u674e\u65af\u7279\u57ce", "teamNameEN": "Leicester"}, "awayTeam": {"teamID": "8", "teamNameCH": "\u611b\u83ef\u9813", "teamNameEN": "Everton"}, "matchStatus": "ResultIn", "matchTime": "2022-05-08T21:00:00+08:00", "statuslastupdated": "2022-05-08T22:17:57+08:00", "inplaydelay": "true", "channel": [{"order": 1, "channelID": "623", "channelNameCH": "NOW 623\u53f0", "channelNameEN": "NOW 623"}], "liveEvent": {"ilcLiveDisplay": true, "hasLiveInfo": true, "isIncomplete": false, "matchIDbetradar": "27751764", "matchstate": "SecondHalf", "stateTS": "2022-05-08T22:04:39+08:00", "liveevent": [{"order": 1, "minutesElasped": "6", "actionType": "Regular", "playerNameCH": "\u7c73\u9ad8\u862d\u9ad8", "playerNameEN": "Vitaliy Mykolenko", "homeaway": "Away"}, {"order": 2, "minutesElasped": "11", "actionType": "Regular", "playerNameCH": "\u9054\u5361", "playerNameEN": "Patson Daka", "homeaway": "Home"}, {"order": 3, "minutesElasped": "30", "actionType": "Regular", "playerNameCH": "\u8cc0\u57fa\u8fea", "playerNameEN": "Mason Holgate", "homeaway": "Away"}, {"order": 4, "minutesElasped": "46", "actionType": "YellowCard", "playerNameCH": "\u5357\u67cf\u65af\u6587\u8fea", "playerNameEN": "Nampalys Mendy", "homeaway": "Home"}]}, "accumulatedscore": [{"periodvalue": "FirstHalf", "periodstatus": "ResultFinal", "home": "1", "away": "2"}, {"periodvalue": "SecondHalf", "periodstatus": "Interim", "home": "", "away": ""}], "livescore": {"home": "1", "away": "2"}, "cornerresult": "-1", "hasWebTV": false, "hasOdds": false, "chlodds": {"LINELIST": [{"LINENUM": "1", "MAINLINE": "true", "LINESTATUS": "1", "LINEORDER": "1", "LINE": "7.5/7.5", "H": "100@1.97", "L": "100@1.74"}, {"LINENUM": "2", "MAINLINE": "false", "LINESTATUS": "1", "LINEORDER": "2", "LINE": "8.5/8.5", "L": "100@1.30", "H": "100@3.15"}], "ID": "ee0f8c1a-70ac-420a-b2b5-8f4871425977", "POOLSTATUS": "NotSelling", "ET": "0", "INPLAY": "true", "ALLUP": "true", "Cur": "1"}, "hasExtraTimePools": false, "results": {}, "definedPools": ["HAD", "FHA", "CRS", "FCS", "FTS", "OOE", "TTG", "HFT", "HHA", "HDC", "HIL", "FHL", "CHL", "NTS"], "inplayPools": ["HAD", "FHA", "HIL", "CHL", "CRS", "FCS", "NTS"]}, {"matchID": "1a95fbfd-9a12-4127-ab69-0a9d1af4993e", "matchIDinofficial": "20220508SUN48", "matchNum": "48", "matchDate": "2022-05-08+08:00", "matchDay": "SUN", "coupon": {"couponID": "2", "couponShortName": "SUN", "couponNameCH": "\u5468\u65e5\u8cfd\u4e8b", "couponNameEN": "Sunday Matches"}, "league": {"leagueID": "4", "leagueShortName": "SFL", "leagueNameCH": "\u897f\u73ed\u7259\u7532\u7d44\u806f\u8cfd", "leagueNameEN": "Spanish Division 1"}, "homeTeam": {"teamID": "75", "teamNameCH": "\u7dad\u62c9\u5229\u723e", "teamNameEN": "Villarreal"}, "awayTeam": {"teamID": "72", "teamNameCH": "\u897f\u7dad\u723e", "teamNameEN": "Sevilla"}, "matchStatus": "Closed", "matchTime": "2022-05-08T22:15:00+08:00", "statuslastupdated": "2022-05-08T22:16:12+08:00", "inplaydelay": "true", "channel": [{"order": 1, "channelID": "632", "channelNameCH": "NOW 632\u53f0", "channelNameEN": "NOW 632"}], "liveEvent": {"ilcLiveDisplay": true, "hasLiveInfo": true, "isIncomplete": false, "matchIDbetradar": "27965864", "matchstate": "FirstHalf", "stateTS": "2022-05-08T22:16:12+08:00", "liveevent": [{"order": 1, "minutesElasped": "4", "actionType": "YellowCard", "playerNameCH": "\u5353\u79be\u65af", "playerNameEN": "Samuel Chukwueze", "homeaway": "Home"}]}, "accumulatedscore": [{"periodvalue": "FirstHalf", "periodstatus": "Started", "home": "", "away": ""}], "livescore": {"home": "0", "away": "0"}, "cornerresult": "1", "hasWebTV": false, "hasOdds": false, "chlodds": {"LINELIST": [{"LINENUM": "1", "MAINLINE": "true", "LINESTATUS": "1", "LINEORDER": "1", "LINE": "9.5/9.5", "L": "100@1.73", "H": "100@1.98"}, {"LINENUM": "2", "MAINLINE": "false", "LINESTATUS": "1", "LINEORDER": "2", "LINE": "10.5/10.5", "H": "100@2.60", "L": "100@1.43"}], "ID": "5bc00ad0-b4b3-4551-a4b1-a550cb114c8b", "POOLSTATUS": "Selling", "ET": "0", "INPLAY": "true", "ALLUP": "true", "Cur": "1"}, "hasExtraTimePools": false, "results": {}, "definedPools": ["HAD", "FHA", "CRS", "FCS", "FTS", "OOE", "TTG", "HFT", "HHA", "HDC", "HIL", "FHL", "CHL", "NTS"], "inplayPools": ["HAD", "FHA", "HIL", "CHL", "CRS", "FCS", "NTS"]}]