[{"matchID": "43193f7e-c286-47d6-9f94-9a233679ebe1", "matchIDinofficial": "20220508SUN25", "matchNum": "25", "matchDate": "2022-05-08+08:00", "matchDay": "SUN", "coupon": {"couponID": "2", "couponShortName": "SUN", "couponNameCH": "\u5468\u65e5\u8cfd\u4e8b", "couponNameEN": "Sunday Matches"}, "league": {"leagueID": "14", "leagueShortName": "FFL", "leagueNameCH": "\u6cd5\u570b\u7532\u7d44\u806f\u8cfd", "leagueNameEN": "French Division 1"}, "homeTeam": {"teamID": "214", "teamNameCH": "\u6885\u65af", "teamNameEN": "Metz"}, "awayTeam": {"teamID": "88", "teamNameCH": "\u91cc\u6602", "teamNameEN": "Lyon"}, "matchStatus": "ResultIn", "matchTime": "2022-05-08T19:00:00+08:00", "statuslastupdated": "2022-05-08T20:47:19+08:00", "inplaydelay": "true", "channel": [{"order": 1, "channelID": "639", "channelNameCH": "NOW 639 \u53f0", "channelNameEN": "NOW 639"}], "liveEvent": {"ilcLiveDisplay": true, "hasLiveInfo": true, "isIncomplete": false, "matchIDbetradar": "27885396", "matchstate": "SecondHalf", "stateTS": "2022-05-08T20:04:26+08:00", "liveevent": [{"order": 1, "minutesElasped": "26", "actionType": "Regular", "playerNameCH": "\u7dad\u8f9b\u8fea\u67cf\u7956\u7279", "playerNameEN": "Vincent Pajot", "homeaway": "Home"}, {"order": 2, "minutesElasped": "40", "actionType": "Regular", "playerNameCH": "\u8fea\u514b", "playerNameEN": "Didier Lamkel Ze", "homeaway": "Home"}, {"order": 3, "minutesElasped": "43", "actionType": "Regular", "playerNameCH": "\u7a46\u6c99\u8fea\u6bd4\u5229", "playerNameEN": "Moussa Dembele", "homeaway": "Away"}, {"order": 4, "minutesElasped": "68", "actionType": "RedCard", "playerNameCH": "\u6cf0\u4e9e\u9ad8\u6587\u8fea\u65af", "playerNameEN": "Thiago Mendes", "homeaway": "Away"}, {"order": 5, "minutesElasped": "70", "actionType": "YellowCard", "playerNameCH": "S.\u5c3c\u4e9e\u624b", "playerNameEN": "Sikou Niakate", "homeaway": "Home"}, {"order": 6, "minutesElasped": "74", "actionType": "YellowCard", "playerNameCH": "\u4fdd\u5df4\u5361\u67e5\u5967\u723e", "playerNameEN": "Boubacar Traore", "homeaway": "Home"}, {"order": 7, "minutesElasped": "84", "actionType": "Regular", "playerNameCH": "\u7a46\u6c99\u8fea\u6bd4\u5229", "playerNameEN": "Moussa Dembele", "homeaway": "Away"}, {"order": 8, "minutesElasped": "86", "actionType": "YellowCard", "playerNameCH": "\u5c3c\u7576\u6bd4\u5229", "playerNameEN": "Tanguy Ndombele", "homeaway": "Away"}, {"order": 9, "minutesElasped": "88", "actionType": "YellowCard", "playerNameCH": "\u8fea\u67cf\u7dad\u5229", "playerNameEN": "Nicolas de Preville", "homeaway": "Home"}]}, "accumulatedscore": [{"periodvalue": "FirstHalf", "periodstatus": "ResultFinal", "home": "2", "away": "1"}, {"periodvalue": "SecondHalf", "periodstatus": "Interim", "home": "2", "away": "2"}], "livescore": {"home": "2", "away": "2"}, "cornerresult": "10", "hasWebTV": false, "hasOdds": false, "chlodds": {"LINELIST": [{"LINENUM": "1", "MAINLINE": "true", "LINESTATUS": "1", "LINEORDER": "1", "LINE": "11.5/11.5", "L": "100@1.23", "H": "100@3.65"}], "ID": "7c229e76-cf56-4096-8340-23519f3fa76f", "POOLSTATUS": "Selling", "ET": "0", "INPLAY": "true", "ALLUP": "true", "Cur": "1"}, "hasExtraTimePools": false, "results": {}, "definedPools": ["HAD", "FHA", "CRS", "FCS", "FTS", "OOE", "TTG", "HFT", "HHA", "HDC", "HIL", "FHL", "CHL", "NTS"], "inplayPools": ["HAD", "FHA", "HIL", "CHL", "CRS", "FCS", "NTS"]}, {"matchID": "ba634bd6-2e42-47b2-b3e8-98efa4c776d8", "matchIDinofficial": "20220508SUN31", "matchNum": "31", "matchDate": "2022-05-08+08:00", "matchDay": "SUN", "coupon": {"couponID": "2", "couponShortName": "SUN", "couponNameCH": "\u5468\u65e5\u8cfd\u4e8b", "couponNameEN": "Sunday Matches"}, "league": {"leagueID": "4", "leagueShortName": "SFL", "leagueNameCH": "\u897f\u73ed\u7259\u7532\u7d44\u806f\u8cfd", "leagueNameEN": "Spanish Division 1"}, "homeTeam": {"teamID": "348", "teamNameCH": "\u57fa\u9054\u83f2", "teamNameEN": "Getafe"}, "awayTeam": {"teamID": "863", "teamNameCH": "\u83ef\u6b77\u7c21\u5974", "teamNameEN": "Vallecano"}, "matchStatus": "Closed", "matchTime": "2022-05-08T20:00:00+08:00", "statuslastupdated": "2022-05-08T20:01:10+08:00", "inplaydelay": "true", "channel": [{"order": 1, "channelID": "632", "channelNameCH": "NOW 632\u53f0", "channelNameEN": "NOW 632"}], "liveEvent": {"ilcLiveDisplay": true, "hasLiveInfo": true, "isIncomplete": false, "matchIDbetradar": "27965856", "matchstate": "FirstHalf", "stateTS": "2022-05-08T20:01:10+08:00", "liveevent": [{"order": 1, "minutesElasped": "27", "actionType": "YellowCard", "playerNameCH": "\u67e5\u7956", "playerNameEN": "Oscar Trejo", "homeaway": "Away"}, {"order": 2, "minutesElasped": "37", "actionType": "YellowCard", "playerNameCH": "\u99ac\u6cf0\u65af\u5967\u5229\u83ef\u62c9", "playerNameEN": "Mathias Olivera", "homeaway": "Home"}, {"order": 3, "minutesElasped": "39", "actionType": "YellowCard", "playerNameCH": "\u5967\u65af\u5361\u83ef\u502b\u5929", "playerNameEN": "Oscar Valentin", "homeaway": "Away"}, {"order": 4, "minutesElasped": "42", "actionType": "YellowCard", "playerNameCH": "\u99ac\u91cc\u5967\u8607\u4e9e\u96f7\u65af", "playerNameEN": "Mario Suarez", "homeaway": "Away"}]}, "accumulatedscore": [{"periodvalue": "FirstHalf", "periodstatus": "Started", "home": "", "away": ""}], "livescore": {"home": "0", "away": "0"}, "cornerresult": "2", "hasWebTV": false, "hasOdds": false, "chlodds": {"LINELIST": [{"LINENUM": "1", "MAINLINE": "true", "LINESTATUS": "1", "LINEORDER": "1", "LINE": "6.5/6.5", "L": "100@1.81", "H": "100@1.89"}, {"LINENUM": "2", "MAINLINE": "false", "LINESTATUS": "1", "LINEORDER": "2", "LINE": "7.5/7.5", "L": "100@1.41", "H": "100@2.68"}], "ID": "946de567-b832-48d7-b80d-32bfea1f19c0", "POOLSTATUS": "Selling", "ET": "0", "INPLAY": "true", "ALLUP": "true", "Cur": "1"}, "hasExtraTimePools": false, "results": {}, "definedPools": ["HAD", "FHA", "CRS", "FCS", "FTS", "OOE", "TTG", "HFT", "HHA", "HDC", "HIL", "FHL", "CHL", "NTS"], "inplayPools": ["HAD", "FHA", "HIL", "CHL", "CRS", "FCS", "NTS"]}]