[{"matchID": "32a6c67f-619e-4d69-bfd3-e5a48328ade0", "matchIDinofficial": "20220508SUN58", "matchNum": "58", "matchDate": "2022-05-08+08:00", "matchDay": "SUN", "coupon": {"couponID": "2", "couponShortName": "SUN", "couponNameCH": "\u5468\u65e5\u8cfd\u4e8b", "couponNameEN": "Sunday Matches"}, "league": {"leagueID": "2", "leagueShortName": "ISA", "leagueNameCH": "\u610f\u5927\u5229\u7532\u7d44\u806f\u8cfd", "leagueNameEN": "Italian Division 1"}, "homeTeam": {"teamID": "1186", "teamNameCH": "\u6c99\u862d\u529b\u5766\u62ff", "teamNameEN": "Salernitana"}, "awayTeam": {"teamID": "341", "teamNameCH": "\u5361\u5229\u4e9e\u91cc", "teamNameEN": "Cagliari"}, "matchStatus": "ResultIn", "matchTime": "2022-05-09T00:00:00+08:00", "statuslastupdated": "2022-05-09T01:48:12+08:00", "inplaydelay": "true", "channel": [{"order": 1, "channelID": "638", "channelNameCH": "NOW 638\u53f0", "channelNameEN": "NOW 638"}], "liveEvent": {"ilcLiveDisplay": true, "hasLiveInfo": true, "isIncomplete": false, "matchIDbetradar": "28160540", "matchstate": "SecondHalf", "stateTS": "2022-05-09T01:02:30+08:00", "liveevent": [{"order": 1, "minutesElasped": "54", "actionType": "YellowCard", "playerNameCH": "\u827e\u7f8e\u4fdd\u5e0c\u502b", "playerNameEN": "Emil Bohinen", "homeaway": "Home"}, {"order": 2, "minutesElasped": "62", "actionType": "YellowCard", "playerNameCH": "\u67cf\u79be\u5217\u8fea", "playerNameEN": "Leonardo Pavoletti", "homeaway": "Away"}, {"order": 3, "minutesElasped": "67", "actionType": "YellowCard", "playerNameCH": "\u5361\u683c\u5974", "playerNameEN": "Alessio Cragno", "homeaway": "Away"}, {"order": 4, "minutesElasped": "68", "actionType": "Penalty", "playerNameCH": "\u65bd\u8499\u5c3c\u79be\u8fea", "playerNameEN": "Simone Verdi", "homeaway": "Home"}, {"order": 5, "minutesElasped": "84", "actionType": "YellowCard", "playerNameCH": "\u4f50\u8482\u4e9e, \u7d0d\u8fea\u723e", "playerNameEN": "Nadir Zortea", "homeaway": "Home"}, {"order": 6, "minutesElasped": "87", "actionType": "YellowCard", "playerNameCH": "\u62c9\u5ea6\u96f2\u6d1b\u57df", "playerNameEN": "Ivan Radovanovic", "homeaway": "Home"}, {"order": 7, "minutesElasped": "90", "actionType": "YellowCard", "playerNameCH": "\u67cf\u6d1b\u8fea", "playerNameEN": "Diego Perotti", "homeaway": "Home"}, {"order": 8, "minutesElasped": "", "actionType": "RedCard", "playerNameCH": "\u5217\u8c9d\u5229", "playerNameEN": "Franck Ribery", "homeaway": "Home"}]}, "accumulatedscore": [{"periodvalue": "FirstHalf", "periodstatus": "ResultFinal", "home": "0", "away": "0"}, {"periodvalue": "SecondHalf", "periodstatus": "Interim", "home": "1", "away": "0"}], "livescore": {"home": "1", "away": "0"}, "cornerresult": "-1", "hasWebTV": false, "hasOdds": false, "chlodds": {"LINELIST": [{"LINENUM": "1", "MAINLINE": "true", "LINESTATUS": "1", "LINEORDER": "1", "LINE": "13.5/13.5", "H": "100@5.10", "L": "100@1.12"}], "ID": "205641a0-0669-4e04-a5ae-f1fa92589e7e", "POOLSTATUS": "FinalStopSell", "ET": "0", "INPLAY": "true", "ALLUP": "true", "Cur": "1"}, "hasExtraTimePools": false, "results": {}, "definedPools": ["HAD", "FHA", "CRS", "FCS", "FTS", "OOE", "TTG", "HFT", "HHA", "HDC", "HIL", "FHL", "CHL", "NTS"], "inplayPools": ["HAD", "FHA", "HIL", "CHL", "CRS", "FCS", "NTS"]}]