[{"matchID": "41364519-beba-42a8-8370-94ac885c5abb", "matchIDinofficial": "20220506FRI5", "matchNum": "5", "matchDate": "2022-05-06+08:00", "matchDay": "FRI", "coupon": {"couponID": "7", "couponShortName": "FRI", "couponNameCH": "\u5468\u4e94\u8cfd\u4e8b", "couponNameEN": "Friday Matches"}, "league": {"leagueID": "54", "leagueShortName": "GD2", "leagueNameCH": "\u5fb7\u570b\u4e59\u7d44\u806f\u8cfd", "leagueNameEN": "German Division 2"}, "homeTeam": {"teamID": "1293", "teamNameCH": "\u675c\u585e\u723e\u591a\u592b", "teamNameEN": "Dusseldorf"}, "awayTeam": {"teamID": "845", "teamNameCH": "\u9054\u65af\u6cf0\u7279", "teamNameEN": "Darmstadt"}, "matchStatus": "ResultIn", "matchTime": "2022-05-07T00:30:00+08:00", "statuslastupdated": "2022-05-07T01:34:56+08:00", "inplaydelay": "true", "channel": [{"order": 1, "channelID": "ONTV", "channelNameCH": "OnTV\u6771\u7db2", "channelNameEN": "OnTV"}], "liveEvent": {"ilcLiveDisplay": true, "hasLiveInfo": true, "isIncomplete": false, "matchIDbetradar": "27884672", "matchstate": "SecondHalf", "stateTS": "2022-05-07T01:34:56+08:00", "liveevent": [{"order": 1, "minutesElasped": "3", "actionType": "Regular", "playerNameCH": "\u4f0a\u5967\u590f, \u827e\u66fc\u5974", "playerNameEN": "Emmanuel Iyoha", "homeaway": "Home"}, {"order": 2, "minutesElasped": "10", "actionType": "Regular", "playerNameCH": "\u99ac\u83f2\u4e9e\u65af\u68ee\u99ac\u6587", "playerNameEN": "Matthias Zimmermann", "homeaway": "Home"}, {"order": 3, "minutesElasped": "30", "actionType": "YellowCard", "playerNameCH": "\u4f0a\u745f\u4f0d\u5fb7, \u6258\u99ac\u65af", "playerNameEN": "Thomas Isherwood", "homeaway": "Away"}]}, "accumulatedscore": [{"periodvalue": "FirstHalf", "periodstatus": "ResultFinal", "home": "2", "away": "0"}, {"periodvalue": "SecondHalf", "periodstatus": "Started", "home": "", "away": ""}], "livescore": {"home": "2", "away": "0"}, "cornerresult": "3", "hasWebTV": false, "hasOdds": false, "chlodds": {"LINELIST": [{"LINENUM": "1", "MAINLINE": "true", "LINESTATUS": "1", "LINEORDER": "1", "LINE": "8.5/8.5", "H": "100@2.00", "L": "100@1.72"}, {"LINENUM": "2", "MAINLINE": "false", "LINESTATUS": "1", "LINEORDER": "2", "LINE": "9.5/9.5", "H": "100@2.68", "L": "100@1.41"}], "ID": "cb186993-c073-4fab-a69d-46adcb433dfa", "POOLSTATUS": "Selling", "ET": "0", "INPLAY": "true", "ALLUP": "true", "Cur": "1"}, "hasExtraTimePools": false, "results": {}, "definedPools": ["HAD", "FHA", "CRS", "FCS", "FTS", "OOE", "TTG", "HFT", "HHA", "HDC", "HIL", "FHL", "CHL", "NTS"], "inplayPools": ["HAD", "FHA", "HIL", "CHL", "CRS", "FCS", "NTS"], "dhc": {"LEG1": "FRI 5", "LEG1ID": "41364519-beba-42a8-8370-94ac885c5abb", "LEG2": "FRI 6", "LEG2ID": "b7364b99-76d4-46bd-9dcc-1a690cc7a570", "ITEM": "1"}}, {"matchID": "fcaed1cf-449f-436d-b63b-d4563c13a707", "matchIDinofficial": "20220506FRI7", "matchNum": "7", "matchDate": "2022-05-06+08:00", "matchDay": "FRI", "coupon": {"couponID": "7", "couponShortName": "FRI", "couponNameCH": "\u5468\u4e94\u8cfd\u4e8b", "couponNameEN": "Friday Matches"}, "league": {"leagueID": "2", "leagueShortName": "ISA", "leagueNameCH": "\u610f\u5927\u5229\u7532\u7d44\u806f\u8cfd", "leagueNameEN": "Italian Division 1"}, "homeTeam": {"teamID": "45", "teamNameCH": "\u570b\u969b\u7c73\u862d", "teamNameEN": "Inter Milan"}, "awayTeam": {"teamID": "44", "teamNameCH": "\u5b89\u73bb\u91cc", "teamNameEN": "Empoli"}, "matchStatus": "ResultIn", "matchTime": "2022-05-07T00:45:00+08:00", "statuslastupdated": "2022-05-07T01:34:44+08:00", "inplaydelay": "true", "channel": [{"order": 1, "channelID": "638", "channelNameCH": "NOW 638\u53f0", "channelNameEN": "NOW 638"}], "liveEvent": {"ilcLiveDisplay": true, "hasLiveInfo": true, "isIncomplete": false, "matchIDbetradar": "28160536", "matchstate": "FirstHalf", "stateTS": "2022-05-07T00:47:57+08:00", "liveevent": [{"order": 1, "minutesElasped": "5", "actionType": "Regular", "playerNameCH": "\u8cd3\u62ff\u8499\u8fea", "playerNameEN": "Andrea Pinamonti", "homeaway": "Away"}, {"order": 2, "minutesElasped": "28", "actionType": "Regular", "playerNameCH": "\u963f\u65af\u62c9\u5c3c, \u514b\u91cc\u65af\u8482\u5b89", "playerNameEN": "Kristjan Asllani", "homeaway": "Away"}, {"order": 3, "minutesElasped": "40", "actionType": "OwnGoal", "playerNameCH": "\u65bd\u8499\u5c3c\u7f85\u99ac\u6d1b\u5c3c", "playerNameEN": "Simone Romagnoli", "homeaway": "Home"}, {"order": 4, "minutesElasped": "45", "actionType": "Regular", "playerNameCH": "\u62ff\u9054\u8def\u99ac\u5929\u5c3c\u65af", "playerNameEN": "Lautaro Martinez", "homeaway": "Home"}]}, "accumulatedscore": [{"periodvalue": "FirstHalf", "periodstatus": "Interim", "home": "2", "away": "2"}], "livescore": {"home": "2", "away": "2"}, "cornerresult": "-1", "hasWebTV": false, "hasOdds": false, "chlodds": {"LINELIST": [{"LINENUM": "1", "MAINLINE": "true", "LINESTATUS": "1", "LINEORDER": "1", "LINE": "8.5/8.5", "H": "100@1.84", "L": "100@1.86"}, {"LINENUM": "2", "MAINLINE": "false", "LINESTATUS": "1", "LINEORDER": "2", "LINE": "9.5/9.5", "H": "100@2.58", "L": "100@1.44"}], "ID": "a278c33e-8a06-4210-ac71-90154d965b60", "POOLSTATUS": "Selling", "ET": "0", "INPLAY": "true", "ALLUP": "true", "Cur": "1"}, "hasExtraTimePools": false, "results": {}, "definedPools": ["HAD", "FHA", "CRS", "FCS", "FTS", "OOE", "TTG", "HFT", "HHA", "HDC", "HIL", "FHL", "CHL", "NTS"], "inplayPools": ["HAD", "FHA", "HIL", "CHL", "CRS", "FCS", "NTS"]}]