[{"matchID": "c039a78f-5c8c-432c-a71e-48a80bfebe12", "matchIDinofficial": "20220423SAT6", "matchNum": "6", "matchDate": "2022-04-23+08:00", "matchDay": "SAT", "coupon": {"couponID": "1", "couponShortName": "SAT", "couponNameCH": "\u5468\u516d\u8cfd\u4e8b", "couponNameEN": "Saturday Matches"}, "league": {"leagueID": "87", "leagueShortName": "JD2", "leagueNameCH": "\u65e5\u672c\u4e59\u7d44\u806f\u8cfd", "leagueNameEN": "Japanese Division 2"}, "homeTeam": {"teamID": "1096", "teamNameCH": "\u4ed9\u53f0\u7dad\u52a0\u6cf0", "teamNameEN": "Vegalta Sendai"}, "awayTeam": {"teamID": "2201", "teamNameCH": "FC\u7409\u7403", "teamNameEN": "FC Ryukyu"}, "matchStatus": "ResultIn", "matchTime": "2022-04-23T13:00:00+08:00", "statuslastupdated": "2022-04-23T14:50:37+08:00", "inplaydelay": "true", "channel": [{"order": 1, "channelID": "C661", "channelNameCH": "\u6709\u7dda661\u53f0", "channelNameEN": "i-CABLE 661"}, {"order": 2, "channelID": "C601", "channelNameCH": "\u6709\u7dda601\u53f0", "channelNameEN": "i-CABLE 601"}], "liveEvent": {"ilcLiveDisplay": true, "hasLiveInfo": true, "isIncomplete": false, "matchIDbetradar": "", "matchstate": "SecondHalf", "stateTS": "2022-04-23T14:05:30+08:00", "liveevent": [{"order": 1, "minutesElasped": "58", "actionType": "Regular", "playerNameCH": "\u5361\u591a\u4f50, \u8cbb\u5229\u4f69", "playerNameEN": "Felippe Cardoso", "homeaway": "Home"}, {"order": 2, "minutesElasped": "80", "actionType": "Regular", "playerNameCH": "\u6c23\u7530\u4eae\u771f", "playerNameEN": "Ryoma Kida", "homeaway": "Home"}]}, "accumulatedscore": [{"periodvalue": "FirstHalf", "periodstatus": "ResultFinal", "home": "0", "away": "0"}, {"periodvalue": "SecondHalf", "periodstatus": "Interim", "home": "2", "away": "0"}], "livescore": {"home": "2", "away": "0"}, "cornerresult": "-1", "hasWebTV": false, "hasOdds": false, "chlodds": {"LINELIST": [{"LINENUM": "1", "MAINLINE": "true", "LINESTATUS": "1", "LINEORDER": "1", "LINE": "10.5/10.5", "L": "100@1.08", "H": "100@6.10"}], "ID": "54aab8f6-569b-4480-8b6c-d95c160704a6", "POOLSTATUS": "FinalStopSell", "ET": "0", "INPLAY": "true", "ALLUP": "true", "Cur": "1"}, "hasExtraTimePools": false, "results": {}, "definedPools": ["HAD", "FHA", "CRS", "FCS", "FTS", "OOE", "TTG", "HFT", "HHA", "HDC", "HIL", "FHL", "CHL", "NTS"], "inplayPools": ["HAD", "FHA", "HIL", "CHL", "CRS", "FCS", "NTS"]}]