[{"matchID": "42d30ab4-11b0-4ba3-aa96-bd9646ef9b5d", "matchIDinofficial": "20220429FRI16", "matchNum": "16", "matchDate": "2022-04-29+08:00", "matchDay": "FRI", "coupon": {"couponID": "7", "couponShortName": "FRI", "couponNameCH": "\u5468\u4e94\u8cfd\u4e8b", "couponNameEN": "Friday Matches"}, "league": {"leagueID": "16", "leagueShortName": "DFL", "leagueNameCH": "\u8377\u862d\u7532\u7d44\u806f\u8cfd", "leagueNameEN": "Dutch Division 1"}, "homeTeam": {"teamID": "229", "teamNameCH": "\u70cf\u5fb7\u52d2\u652f", "teamNameEN": "Utrecht"}, "awayTeam": {"teamID": "238", "teamNameCH": "\u5948\u6885\u4ea8", "teamNameEN": "NEC Nijmegen"}, "matchStatus": "ResultIn", "matchTime": "2022-04-30T02:00:00+08:00", "statuslastupdated": "2022-04-30T03:50:40+08:00", "inplaydelay": "true", "channel": [{"order": 1, "channelID": "GX", "channelNameCH": "GoalX app", "channelNameEN": "GoalX app"}, {"order": 2, "channelID": "HKJC", "channelNameCH": "HKJC TV app", "channelNameEN": "HKJC TV app"}], "liveEvent": {"ilcLiveDisplay": true, "hasLiveInfo": true, "isIncomplete": false, "matchIDbetradar": "27647272", "matchstate": "SecondHalf", "stateTS": "2022-04-30T03:08:38+08:00", "liveevent": [{"order": 1, "minutesElasped": "14", "actionType": "YellowCard", "playerNameCH": "\u7c73\u514b\u723eDuelund", "playerNameEN": "Mikkel Duelund", "homeaway": "Away"}, {"order": 2, "minutesElasped": "51", "actionType": "YellowCard", "playerNameCH": "\u5e03\u6069, \u4f50\u8fea", "playerNameEN": "Jordy Bruijn", "homeaway": "Away"}, {"order": 3, "minutesElasped": "73", "actionType": "YellowCard", "playerNameCH": "", "playerNameEN": "Dirk Wanner Proper", "homeaway": "Away"}, {"order": 4, "minutesElasped": "77", "actionType": "Regular", "playerNameCH": "\u675c\u7dad\u5361\u65af, \u963f\u7d0d\u65af\u5854\u897f\u5967\u65af", "playerNameEN": "Anastasios Douvikas", "homeaway": "Home"}]}, "accumulatedscore": [{"periodvalue": "FirstHalf", "periodstatus": "ResultFinal", "home": "0", "away": "0"}, {"periodvalue": "SecondHalf", "periodstatus": "Interim", "home": "1", "away": "0"}], "livescore": {"home": "1", "away": "0"}, "cornerresult": "-1", "hasWebTV": false, "hasOdds": false, "chlodds": {"LINELIST": [{"LINENUM": "1", "MAINLINE": "true", "LINESTATUS": "1", "LINEORDER": "1", "LINE": "13.5/13.5", "H": "100@3.90", "L": "100@1.20"}], "ID": "525c3d98-03b7-4136-a7ea-3cb824d57244", "POOLSTATUS": "FinalStopSell", "ET": "0", "INPLAY": "true", "ALLUP": "true", "Cur": "1"}, "hasExtraTimePools": false, "results": {}, "definedPools": ["HAD", "FHA", "CRS", "FCS", "FTS", "OOE", "TTG", "HFT", "HHA", "HDC", "HIL", "FHL", "CHL", "NTS"], "inplayPools": ["HAD", "FHA", "HIL", "CHL", "CRS", "FCS", "NTS"]}]