[{"matchID": "d8506bb9-17ea-4140-a8da-fe10d21a2a02", "matchIDinofficial": "20220424SUN43", "matchNum": "43", "matchDate": "2022-04-24+08:00", "matchDay": "SUN", "coupon": {"couponID": "2", "couponShortName": "SUN", "couponNameCH": "\u5468\u65e5\u8cfd\u4e8b", "couponNameEN": "Sunday Matches"}, "league": {"leagueID": "14", "leagueShortName": "FFL", "leagueNameCH": "\u6cd5\u570b\u7532\u7d44\u806f\u8cfd", "leagueNameEN": "French Division 1"}, "homeTeam": {"teamID": "213", "teamNameCH": "\u91cc\u723e", "teamNameEN": "Lille"}, "awayTeam": {"teamID": "221", "teamNameCH": "\u65af\u7279\u62c9\u65af\u5821", "teamNameEN": "Strasbourg"}, "matchStatus": "ResultIn", "matchTime": "2022-04-24T23:05:00+08:00", "statuslastupdated": "2022-04-25T00:15:15+08:00", "inplaydelay": "true", "channel": [{"order": 1, "channelID": "639", "channelNameCH": "NOW 639 \u53f0", "channelNameEN": "NOW 639"}], "liveEvent": {"ilcLiveDisplay": true, "hasLiveInfo": true, "isIncomplete": false, "matchIDbetradar": "27885348", "matchstate": "SecondHalf", "stateTS": "2022-04-25T00:05:20+08:00", "liveevent": [{"order": 1, "minutesElasped": "36", "actionType": "YellowCard", "playerNameCH": "\u53e4\u5fb7\u8499\u68ee", "playerNameEN": "Gabriel Gudmundsson", "homeaway": "Home"}, {"order": 2, "minutesElasped": "40", "actionType": "YellowCard", "playerNameCH": "\u76e7\u5361\u65af\u4f69\u9023", "playerNameEN": "Lucas Perrin", "homeaway": "Away"}, {"order": 3, "minutesElasped": "60", "actionType": "YellowCard", "playerNameCH": "\u4fdd\u6cbb\u6587", "playerNameEN": "Sven Botman", "homeaway": "Home"}]}, "accumulatedscore": [{"periodvalue": "FirstHalf", "periodstatus": "ResultFinal", "home": "0", "away": "0"}, {"periodvalue": "SecondHalf", "periodstatus": "Interim", "home": "", "away": ""}], "livescore": {"home": "0", "away": "0"}, "cornerresult": "6", "hasWebTV": false, "hasOdds": false, "chlodds": {"LINELIST": [{"LINENUM": "2", "MAINLINE": "false", "LINESTATUS": "1", "LINEORDER": "2", "LINE": "9.5/9.5", "H": "100@2.75", "L": "100@1.39"}, {"LINENUM": "1", "MAINLINE": "true", "LINESTATUS": "1", "LINEORDER": "1", "LINE": "8.5/8.5", "L": "100@2.04", "H": "100@1.69"}], "ID": "e1ace5b6-b2ef-4f98-82b5-2e3f6d5d1f8d", "POOLSTATUS": "Selling", "ET": "0", "INPLAY": "true", "ALLUP": "true", "Cur": "1"}, "hasExtraTimePools": false, "results": {}, "definedPools": ["HAD", "FHA", "CRS", "FCS", "FTS", "OOE", "TTG", "HFT", "HHA", "HDC", "HIL", "FHL", "CHL", "NTS"], "inplayPools": ["HAD", "FHA", "HIL", "CHL", "CRS", "FCS", "NTS"]}]