[{"matchID": "e3dad783-8bb6-4257-abca-4bbbcd0f4e0b", "matchIDinofficial": "20220427WED41", "matchNum": "41", "matchDate": "2022-04-27+08:00", "matchDay": "WED", "coupon": {"couponID": "5", "couponShortName": "WED", "couponNameCH": "\u5468\u4e09\u8cfd\u4e8b", "couponNameEN": "Wednesday Matches"}, "league": {"leagueID": "71", "leagueShortName": "LBC", "leagueNameCH": "\u5357\u7f8e\u81ea\u7531\u76c3", "leagueNameEN": "Copa Libertadores"}, "homeTeam": {"teamID": "909", "teamNameCH": "\u9ad8\u8def\u9ad8\u8def", "teamNameEN": "Colo Colo"}, "awayTeam": {"teamID": "628", "teamNameCH": "\u6cb3\u5e8a", "teamNameEN": "River Plate"}, "matchStatus": "ResultIn", "matchTime": "2022-04-28T08:00:00+08:00", "statuslastupdated": "2022-04-28T09:51:34+08:00", "inplaydelay": "true", "channel": [{"order": 1, "channelID": "GX", "channelNameCH": "GoalX app", "channelNameEN": "GoalX app"}, {"order": 2, "channelID": "HKJC", "channelNameCH": "HKJC TV app", "channelNameEN": "HKJC TV app"}], "liveEvent": {"ilcLiveDisplay": true, "hasLiveInfo": true, "isIncomplete": true, "matchIDbetradar": "32898669", "matchstate": "SecondHalf", "stateTS": "2022-04-28T09:09:15+08:00", "liveevent": [{"order": 1, "minutesElasped": "19", "actionType": "YellowCard", "playerNameCH": "\u5361\u65af\u9ad8", "playerNameEN": "Milton Casco", "homeaway": "Away"}, {"order": 2, "minutesElasped": "57", "actionType": "YellowCard", "playerNameCH": "\u5b89\u7d20\u4f69\u96f7\u65af", "playerNameEN": "Enzo Perez", "homeaway": "Away"}, {"order": 3, "minutesElasped": "63", "actionType": "YellowCard", "playerNameCH": "\u65bd\u85a9\u5bcc\u6069\u8fea\u65af", "playerNameEN": "Cesar Fuentes", "homeaway": "Home"}, {"order": 4, "minutesElasped": "80", "actionType": "YellowCard", "playerNameCH": "\u827e\u65af\u57fa\u5df4\u9ad8", "playerNameEN": "Ezequiel Barco", "homeaway": "Away"}, {"order": 5, "minutesElasped": "82", "actionType": "YellowCard", "playerNameCH": "\u52a0\u5e03\u91cc\u57c3\u723e\u79d1\u65af\u5854", "playerNameEN": "Gabriel Costa", "homeaway": "Home"}, {"order": 6, "minutesElasped": "83", "actionType": "Regular", "playerNameCH": "\u99ac\u8fea\u4e9e\u65af\u8607\u4e9e\u96f7\u65af", "playerNameEN": "Matias Suarez", "homeaway": "Away"}]}, "accumulatedscore": [{"periodvalue": "FirstHalf", "periodstatus": "ResultFinal", "home": "0", "away": "0"}, {"periodvalue": "SecondHalf", "periodstatus": "Interim", "home": "0", "away": "1"}], "livescore": {"home": "0", "away": "1"}, "cornerresult": "-1", "hasWebTV": false, "hasOdds": false, "chlodds": {"LINELIST": [{"LINENUM": "1", "MAINLINE": "true", "LINESTATUS": "1", "LINEORDER": "1", "LINE": "9.5/9.5", "H": "100@4.30", "L": "100@1.17"}], "ID": "86a381ac-ddf7-430c-8f61-6baea94b8f29", "POOLSTATUS": "FinalStopSell", "ET": "0", "INPLAY": "true", "ALLUP": "true", "Cur": "1"}, "hasExtraTimePools": false, "results": {}, "definedPools": ["HAD", "FHA", "CRS", "FCS", "FTS", "OOE", "TTG", "HFT", "HHA", "HDC", "HIL", "FHL", "CHL", "NTS"], "inplayPools": ["HAD", "FHA", "HIL", "CHL", "CRS", "FCS", "NTS"]}]