[{"matchID": "7ab2fc1f-451b-4f77-8ccc-ab55069e4080", "matchIDinofficial": "20220415FRI59", "matchNum": "59", "matchDate": "2022-04-15+08:00", "matchDay": "FRI", "coupon": {"couponID": "7", "couponShortName": "FRI", "couponNameCH": "\u5468\u4e94\u8cfd\u4e8b", "couponNameEN": "Friday Matches"}, "league": {"leagueID": "124", "leagueShortName": "MXL", "leagueNameCH": "\u58a8\u897f\u54e5\u8d85\u7d1a\u806f\u8cfd", "leagueNameEN": "Mexican Premier"}, "homeTeam": {"teamID": "907", "teamNameCH": "\u5c3c\u5361\u6c99", "teamNameEN": "Necaxa"}, "awayTeam": {"teamID": "1212", "teamNameCH": "\u8056\u8def\u6613\u65af\u9ad4\u80b2\u6703", "teamNameEN": "Atletico San Luis"}, "matchStatus": "Closed", "matchTime": "2022-04-16T08:00:00+08:00", "statuslastupdated": "2022-04-16T08:00:28+08:00", "inplaydelay": "true", "liveEvent": {"ilcLiveDisplay": true, "hasLiveInfo": true, "isIncomplete": false, "matchIDbetradar": "31019055", "matchstate": "FirstHalf", "stateTS": "2022-04-16T08:00:28+08:00", "liveevent": []}, "accumulatedscore": [{"periodvalue": "FirstHalf", "periodstatus": "Started", "home": "", "away": ""}], "livescore": {"home": "0", "away": "0"}, "cornerresult": "0", "hasWebTV": false, "hasOdds": false, "chlodds": {"LINELIST": [{"LINENUM": "2", "MAINLINE": "false", "LINESTATUS": "1", "LINEORDER": "2", "LINE": "9.5/9.5", "L": "100@1.39", "H": "100@2.75"}, {"LINENUM": "1", "MAINLINE": "true", "LINESTATUS": "1", "LINEORDER": "1", "LINE": "8.5/8.5", "L": "100@1.68", "H": "100@2.05"}], "ID": "b0f1d846-402a-4fdb-9186-54051d121fa8", "POOLSTATUS": "Selling", "ET": "0", "INPLAY": "true", "ALLUP": "true", "Cur": "1"}, "hasExtraTimePools": false, "results": {}, "definedPools": ["HAD", "FHA", "CRS", "FCS", "FTS", "OOE", "TTG", "HFT", "HHA", "HDC", "HIL", "FHL", "CHL", "NTS"], "inplayPools": ["HAD", "FHA", "HIL", "CHL", "CRS", "FCS", "NTS"]}]