[{"matchID": "796df0c8-f798-46ea-b3fa-bb27e1861bea", "matchIDinofficial": "20220416SAT18", "matchNum": "18", "matchDate": "2022-04-16+08:00", "matchDay": "SAT", "coupon": {"couponID": "1", "couponShortName": "SAT", "couponNameCH": "\u5468\u516d\u8cfd\u4e8b", "couponNameEN": "Saturday Matches"}, "league": {"leagueID": "2", "leagueShortName": "ISA", "leagueNameCH": "\u610f\u5927\u5229\u7532\u7d44\u806f\u8cfd", "leagueNameEN": "Italian Division 1"}, "homeTeam": {"teamID": "56", "teamNameCH": "\u70cf\u7538\u5c3c\u65af", "teamNameEN": "Udinese"}, "awayTeam": {"teamID": "44", "teamNameCH": "\u5b89\u73bb\u91cc", "teamNameEN": "Empoli"}, "matchStatus": "ResultIn", "matchTime": "2022-04-16T20:30:00+08:00", "statuslastupdated": "2022-04-16T21:41:23+08:00", "inplaydelay": "true", "channel": [{"order": 1, "channelID": "638", "channelNameCH": "NOW 638\u53f0", "channelNameEN": "NOW 638"}], "liveEvent": {"ilcLiveDisplay": true, "hasLiveInfo": true, "isIncomplete": false, "matchIDbetradar": "28160488", "matchstate": "SecondHalf", "stateTS": "2022-04-16T21:33:31+08:00", "liveevent": [{"order": 1, "minutesElasped": "6", "actionType": "OwnGoal", "playerNameCH": "\u4f0a\u65af\u99ac\u4f0a\u5229", "playerNameEN": "Ardian Ismajli", "homeaway": "Home"}, {"order": 2, "minutesElasped": "44", "actionType": "YellowCard", "playerNameCH": "\u4f0a\u65af\u99ac\u4f0a\u5229", "playerNameEN": "Ardian Ismajli", "homeaway": "Away"}, {"order": 3, "minutesElasped": "52", "actionType": "Regular", "playerNameCH": "\u8b1d\u62c9\u7279\u8fea\u9b6f\u8cbb", "playerNameEN": "Gerard Deulofeu", "homeaway": "Home"}]}, "accumulatedscore": [{"periodvalue": "FirstHalf", "periodstatus": "ResultFinal", "home": "1", "away": "0"}, {"periodvalue": "SecondHalf", "periodstatus": "Interim", "home": "2", "away": "0"}], "livescore": {"home": "2", "away": "0"}, "cornerresult": "5", "hasWebTV": false, "hasOdds": false, "chlodds": {"LINELIST": [{"LINENUM": "1", "MAINLINE": "true", "LINESTATUS": "1", "LINEORDER": "1", "LINE": "8.5/8.5", "L": "100@1.78", "H": "100@1.92"}, {"LINENUM": "2", "MAINLINE": "false", "LINESTATUS": "1", "LINEORDER": "2", "LINE": "9.5/9.5", "L": "100@1.31", "H": "100@3.10"}], "ID": "7529a1e4-b89f-49b7-82d2-3f8af3aae18b", "POOLSTATUS": "Selling", "ET": "0", "INPLAY": "true", "ALLUP": "true", "Cur": "1"}, "hasExtraTimePools": false, "results": {}, "definedPools": ["HAD", "FHA", "CRS", "FCS", "FTS", "OOE", "TTG", "HFT", "HHA", "HDC", "HIL", "FHL", "CHL", "NTS"], "inplayPools": ["HAD", "FHA", "HIL", "CHL", "CRS", "FCS", "NTS"]}, {"matchID": "b9775943-a30f-45fd-b929-7ef03838a78a", "matchIDinofficial": "20220416SAT19", "matchNum": "19", "matchDate": "2022-04-16+08:00", "matchDay": "SAT", "coupon": {"couponID": "1", "couponShortName": "SAT", "couponNameCH": "\u5468\u516d\u8cfd\u4e8b", "couponNameEN": "Saturday Matches"}, "league": {"leagueID": "2", "leagueShortName": "ISA", "leagueNameCH": "\u610f\u5927\u5229\u7532\u7d44\u806f\u8cfd", "leagueNameEN": "Italian Division 1"}, "homeTeam": {"teamID": "54", "teamNameCH": "\u68ee\u591a\u5229\u4e9e", "teamNameEN": "Sampdoria"}, "awayTeam": {"teamID": "1186", "teamNameCH": "\u6c99\u862d\u529b\u5766\u62ff", "teamNameEN": "Salernitana"}, "matchStatus": "ResultIn", "matchTime": "2022-04-16T20:30:00+08:00", "statuslastupdated": "2022-04-16T21:36:29+08:00", "inplaydelay": "true", "channel": [{"order": 1, "channelID": "639", "channelNameCH": "NOW 639 \u53f0", "channelNameEN": "NOW 639"}], "liveEvent": {"ilcLiveDisplay": true, "hasLiveInfo": true, "isIncomplete": false, "matchIDbetradar": "28160484", "matchstate": "SecondHalf", "stateTS": "2022-04-16T21:34:22+08:00", "liveevent": [{"order": 1, "minutesElasped": "4", "actionType": "Regular", "playerNameCH": "\u6cd5\u65af\u5967", "playerNameEN": "Federico Fazio", "homeaway": "Away"}, {"order": 2, "minutesElasped": "6", "actionType": "Regular", "playerNameCH": "\u57c3\u5fb7\u68ee", "playerNameEN": "Ederson", "homeaway": "Away"}, {"order": 3, "minutesElasped": "20", "actionType": "YellowCard", "playerNameCH": "\u65bd\u6bd4", "playerNameEN": "Luigi Sepe", "homeaway": "Away"}, {"order": 4, "minutesElasped": "20", "actionType": "YellowCard", "playerNameCH": "\u7c73\u862d\u8fea\u7956\u932b", "playerNameEN": "Milan Djuric", "homeaway": "Away"}, {"order": 5, "minutesElasped": "32", "actionType": "Regular", "playerNameCH": "\u5361\u4f69\u5716", "playerNameEN": "Francesco Caputo", "homeaway": "Home"}, {"order": 6, "minutesElasped": "49", "actionType": "YellowCard", "playerNameCH": "\u8cbb\u9054\u6b77\u9ad8\u90a6\u62ff\u7d22\u5c3c", "playerNameEN": "Federico Bonazzoli", "homeaway": "Away"}, {"order": 7, "minutesElasped": "50", "actionType": "YellowCard", "playerNameCH": "\u827e\u7f8e\u4fdd\u5e0c\u502b", "playerNameEN": "Emil Bohinen", "homeaway": "Away"}]}, "accumulatedscore": [{"periodvalue": "FirstHalf", "periodstatus": "ResultFinal", "home": "1", "away": "2"}, {"periodvalue": "SecondHalf", "periodstatus": "Interim", "home": "", "away": ""}], "livescore": {"home": "1", "away": "2"}, "cornerresult": "1", "hasWebTV": false, "hasOdds": false, "chlodds": {"LINELIST": [{"LINENUM": "1", "MAINLINE": "true", "LINESTATUS": "1", "LINEORDER": "1", "LINE": "5.5/5.5", "L": "100@1.66", "H": "100@2.08"}, {"LINENUM": "2", "MAINLINE": "false", "LINESTATUS": "1", "LINEORDER": "2", "LINE": "6.5/6.5", "L": "100@1.29", "H": "100@3.20"}], "ID": "d0132d59-3614-4314-b156-a71f897e6b19", "POOLSTATUS": "Selling", "ET": "0", "INPLAY": "true", "ALLUP": "true", "Cur": "1"}, "hasExtraTimePools": false, "results": {}, "definedPools": ["HAD", "FHA", "CRS", "FCS", "FTS", "OOE", "TTG", "HFT", "HHA", "HDC", "HIL", "FHL", "CHL", "NTS"], "inplayPools": ["HAD", "FHA", "HIL", "CHL", "CRS", "FCS", "NTS"]}, {"matchID": "d0ff4a55-f8be-4716-afc8-152a71809759", "matchIDinofficial": "20220416SAT25", "matchNum": "25", "matchDate": "2022-04-16+08:00", "matchDay": "SAT", "coupon": {"couponID": "1", "couponShortName": "SAT", "couponNameCH": "\u5468\u516d\u8cfd\u4e8b", "couponNameEN": "Saturday Matches"}, "league": {"leagueID": "3", "leagueShortName": "GSL", "leagueNameCH": "\u5fb7\u570b\u7532\u7d44\u806f\u8cfd", "leagueNameEN": "German Division 1"}, "homeTeam": {"teamID": "25", "teamNameCH": "\u591a\u8499\u7279", "teamNameEN": "Dortmund"}, "awayTeam": {"teamID": "38", "teamNameCH": "\u79be\u592b\u65af\u5821", "teamNameEN": "Wolfsburg"}, "matchStatus": "Closed", "matchTime": "2022-04-16T21:30:00+08:00", "statuslastupdated": "2022-04-16T21:32:44+08:00", "inplaydelay": "true", "channel": [{"order": 1, "channelID": "76", "channelNameCH": "\u9999\u6e2f\u570b\u969b\u8ca1\u7d93\u53f0", "channelNameEN": "Hong Kong International Business Channel"}, {"order": 2, "channelID": "C661", "channelNameCH": "\u6709\u7dda661\u53f0", "channelNameEN": "i-CABLE 661"}, {"order": 3, "channelID": "C601", "channelNameCH": "\u6709\u7dda601\u53f0", "channelNameEN": "i-CABLE 601"}], "liveEvent": {"ilcLiveDisplay": true, "hasLiveInfo": true, "isIncomplete": false, "matchIDbetradar": "27883610", "matchstate": "FirstHalf", "stateTS": "2022-04-16T21:32:44+08:00", "liveevent": []}, "accumulatedscore": [{"periodvalue": "FirstHalf", "periodstatus": "Started", "home": "", "away": ""}], "livescore": {"home": "0", "away": "0"}, "cornerresult": "0", "hasWebTV": false, "hasOdds": false, "chlodds": {"LINELIST": [{"LINENUM": "1", "MAINLINE": "true", "LINESTATUS": "1", "LINEORDER": "1", "LINE": "8.5/8.5", "H": "100@1.85", "L": "100@1.85"}, {"LINENUM": "2", "MAINLINE": "false", "LINESTATUS": "1", "LINEORDER": "2", "LINE": "9.5/9.5", "H": "100@2.38", "L": "100@1.51"}], "ID": "1b2d78a4-d00b-47a2-b7cd-ecd2fd1b1372", "POOLSTATUS": "Selling", "ET": "0", "INPLAY": "true", "ALLUP": "true", "Cur": "1"}, "hasExtraTimePools": false, "results": {}, "definedPools": ["HAD", "FHA", "CRS", "FCS", "FTS", "OOE", "TTG", "HFT", "HHA", "HDC", "HIL", "FHL", "CHL", "NTS"], "inplayPools": ["HAD", "FHA", "HIL", "CHL", "CRS", "FCS", "NTS"], "hfm": {"LEG1": "SAT 25", "LEG1ID": "d0ff4a55-f8be-4716-afc8-152a71809759", "LEG2": "SAT 26", "LEG2ID": "0b58f1bf-3a89-4255-8332-d177e883f820", "LEG3": "SAT 27", "LEG3ID": "a27407b8-f066-422a-98b8-47412028430c", "LEG4": "SAT 30", "LEG4ID": "32e5397a-4fbf-43af-b927-cd5be9ba4dae", "LEG5": "SAT 31", "LEG5ID": "87c104ef-93ae-4374-b756-fd81b9e38f63", "LEG6": "SAT 32", "LEG6ID": "1b9405d4-8f75-4ee9-91a3-1d17241e2a7c", "ITEM": "1"}}]