[{"matchID": "f0257111-4687-4dd5-92a4-34fc09b209eb", "matchIDinofficial": "20220427WED2", "matchNum": "2", "matchDate": "2022-04-27+08:00", "matchDay": "WED", "coupon": {"couponID": "5", "couponShortName": "WED", "couponNameCH": "\u5468\u4e09\u8cfd\u4e8b", "couponNameEN": "Wednesday Matches"}, "league": {"leagueID": "90", "leagueShortName": "ACL", "leagueNameCH": "\u4e9e\u6d32\u806f\u8cfd\u51a0\u8ecd\u76c3", "leagueNameEN": "Asian Champions League"}, "homeTeam": {"teamID": "1108", "teamNameCH": "\u851a\u5c71\u73fe\u4ee3", "teamNameEN": "Ulsan Hyundai"}, "awayTeam": {"teamID": "548", "teamNameCH": "\u5ddd\u5d0e\u524d\u92d2", "teamNameEN": "Kawasaki Frontale"}, "matchStatus": "ResultIn", "matchTime": "2022-04-27T17:00:00+08:00", "statuslastupdated": "2022-04-27T17:15:55+08:00", "inplaydelay": "true", "neutralgroundvenue": {"neutralgroundvenueNameCH": "\u99ac\u4f86\u897f\u4e9e\u4e39\u65af\u91cc\u62ff\u7763\u54c8\u5409\u54c8\u6851\u5c24\u8afe\u65af\u7403\u5834", "neutralgroundvenueNameEN": "Tan Sri Dato Haji Hassan Yunos Stadium, Johor Bahru, Malaysia"}, "channel": [{"order": 1, "channelID": "ES", "channelNameCH": "ElevenSports", "channelNameEN": "ElevenSports"}], "liveEvent": {"ilcLiveDisplay": true, "hasLiveInfo": true, "isIncomplete": false, "matchIDbetradar": "32307543", "matchstate": "FirstHalf", "stateTS": "2022-04-27T17:00:26+08:00", "liveevent": [{"order": 1, "minutesElasped": "14", "actionType": "Regular", "playerNameCH": "\u674e\u5b89\u7d0d\u5ea6\u62ff\u65af\u6587\u5716", "playerNameEN": "Leonardo", "homeaway": "Home"}]}, "accumulatedscore": [{"periodvalue": "FirstHalf", "periodstatus": "Interim", "home": "1", "away": "0"}], "livescore": {"home": "1", "away": "0"}, "cornerresult": "2", "hasWebTV": false, "hasOdds": false, "chlodds": {"LINELIST": [{"LINENUM": "1", "MAINLINE": "true", "LINESTATUS": "1", "LINEORDER": "1", "LINE": "9.5/9.5", "L": "100@1.74", "H": "100@1.97"}, {"LINENUM": "2", "MAINLINE": "false", "LINESTATUS": "1", "LINEORDER": "2", "LINE": "10.5/10.5", "H": "100@2.58", "L": "100@1.44"}], "ID": "556a28b2-9947-45eb-8fda-db835eac4755", "POOLSTATUS": "Selling", "ET": "0", "INPLAY": "true", "ALLUP": "true", "Cur": "1"}, "hasExtraTimePools": false, "results": {}, "definedPools": ["HAD", "FHA", "CRS", "FCS", "FTS", "OOE", "TTG", "HFT", "HHA", "HDC", "HIL", "FHL", "CHL", "NTS"], "inplayPools": ["HAD", "FHA", "HIL", "CHL", "CRS", "FCS", "NTS"]}]