[{"matchID": "8d45d25a-4d09-4ca9-af63-810da3286004", "matchIDinofficial": "20220504WED3", "matchNum": "3", "matchDate": "2022-05-04+08:00", "matchDay": "WED", "coupon": {"couponID": "5", "couponShortName": "WED", "couponNameCH": "\u5468\u4e09\u8cfd\u4e8b", "couponNameEN": "Wednesday Matches"}, "league": {"leagueID": "55", "leagueShortName": "JD1", "leagueNameCH": "\u65e5\u672c\u8077\u696d\u806f\u8cfd", "leagueNameEN": "Japanese Division 1"}, "homeTeam": {"teamID": "543", "teamNameCH": "\u5927\u962a\u98db\u8173", "teamNameEN": "Gamba Osaka"}, "awayTeam": {"teamID": "871", "teamNameCH": "\u5317\u6d77\u9053\u672d\u5e4c\u5ca1\u85a9\u591a", "teamNameEN": "Hokkaido Consadole Sapporo"}, "matchStatus": "Closed", "matchTime": "2022-05-04T13:00:00+08:00", "statuslastupdated": "2022-05-04T13:03:16+08:00", "inplaydelay": "true", "channel": [{"order": 1, "channelID": "C661", "channelNameCH": "\u6709\u7dda661\u53f0", "channelNameEN": "i-CABLE 661"}, {"order": 2, "channelID": "C601", "channelNameCH": "\u6709\u7dda601\u53f0", "channelNameEN": "i-CABLE 601"}], "liveEvent": {"ilcLiveDisplay": true, "hasLiveInfo": true, "isIncomplete": false, "matchIDbetradar": "31767695", "matchstate": "FirstHalf", "stateTS": "2022-05-04T13:03:16+08:00", "liveevent": [{"order": 1, "minutesElasped": "43", "actionType": "YellowCard", "playerNameCH": "\u9ed1\u5ddd\u572d\u4ecb", "playerNameEN": "Keisuke Kurokawa", "homeaway": "Home"}, {"order": 2, "minutesElasped": "45", "actionType": "YellowCard", "playerNameCH": "\u6b0a\u656c\u539f", "playerNameEN": "Kwon Kyung-won", "homeaway": "Home"}]}, "accumulatedscore": [{"periodvalue": "FirstHalf", "periodstatus": "Started", "home": "", "away": ""}], "livescore": {"home": "0", "away": "0"}, "cornerresult": "5", "hasWebTV": false, "hasOdds": false, "chlodds": {"LINELIST": [{"LINENUM": "2", "MAINLINE": "false", "LINESTATUS": "1", "LINEORDER": "2", "LINE": "11.5/11.5", "H": "100@3.10", "L": "100@1.31"}, {"LINENUM": "1", "MAINLINE": "true", "LINESTATUS": "1", "LINEORDER": "1", "LINE": "10.5/10.5", "H": "100@2.10", "L": "100@1.65"}], "ID": "4cd260fa-5ecf-4f97-baa0-76158249e077", "POOLSTATUS": "Selling", "ET": "0", "INPLAY": "true", "ALLUP": "true", "Cur": "1"}, "hasExtraTimePools": false, "results": {}, "definedPools": ["HAD", "FHA", "CRS", "FCS", "FTS", "OOE", "TTG", "HFT", "HHA", "HDC", "HIL", "FHL", "CHL", "NTS"], "inplayPools": ["HAD", "FHA", "HIL", "CHL", "CRS", "FCS", "NTS"], "dhc": {"LEG1": "WED 3", "LEG1ID": "8d45d25a-4d09-4ca9-af63-810da3286004", "LEG2": "WED 5", "LEG2ID": "05fce114-c3b6-414e-8b99-66be1d628345", "ITEM": "1"}, "hfm": {"LEG1": "WED 3", "LEG1ID": "8d45d25a-4d09-4ca9-af63-810da3286004", "LEG2": "WED 5", "LEG2ID": "05fce114-c3b6-414e-8b99-66be1d628345", "LEG3": "WED 6", "LEG3ID": "5c1acc52-c33f-49da-89d0-d7715df2293a", "LEG4": "WED 7", "LEG4ID": "47c16de8-cdac-4062-a971-dde4af6ac7fb", "LEG5": "WED 8", "LEG5ID": "e200bdd2-dcc7-43c8-a991-32e79d767eb4", "LEG6": "WED 9", "LEG6ID": "0dd91616-8cee-46d5-a136-9479f57436ba", "ITEM": "1"}}]