[{"matchID": "0623bae4-c133-4ba5-abb4-8f8eddff0065", "matchIDinofficial": "20220429FRI10", "matchNum": "10", "matchDate": "2022-04-29+08:00", "matchDay": "FRI", "coupon": {"couponID": "7", "couponShortName": "FRI", "couponNameCH": "\u5468\u4e94\u8cfd\u4e8b", "couponNameEN": "Friday Matches"}, "league": {"leagueID": "54", "leagueShortName": "GD2", "leagueNameCH": "\u5fb7\u570b\u4e59\u7d44\u806f\u8cfd", "leagueNameEN": "German Division 2"}, "homeTeam": {"teamID": "851", "teamNameCH": "\u8f9b\u7279\u4faf\u905c", "teamNameEN": "Sandhausen"}, "awayTeam": {"teamID": "35", "teamNameCH": "\u53f2\u6d69\u514b04", "teamNameEN": "Schalke 04"}, "matchStatus": "ResultIn", "matchTime": "2022-04-30T00:30:00+08:00", "statuslastupdated": "2022-04-30T02:10:42+08:00", "inplaydelay": "true", "channel": [{"order": 1, "channelID": "ONTV", "channelNameCH": "OnTV\u6771\u7db2", "channelNameEN": "OnTV"}], "liveEvent": {"ilcLiveDisplay": true, "hasLiveInfo": true, "isIncomplete": true, "matchIDbetradar": "27884658", "matchstate": "SecondHalf", "stateTS": "2022-04-30T01:33:24+08:00", "liveevent": [{"order": 1, "minutesElasped": "71", "actionType": "Regular", "playerNameCH": "\u6cf0\u8def\u8fea", "playerNameEN": "Simon Terodde", "homeaway": "Away"}]}, "accumulatedscore": [{"periodvalue": "FirstHalf", "periodstatus": "ResultFinal", "home": "0", "away": "0"}, {"periodvalue": "SecondHalf", "periodstatus": "Interim", "home": "0", "away": "1"}], "livescore": {"home": "0", "away": "1"}, "cornerresult": "-1", "hasWebTV": false, "hasOdds": false, "chlodds": {"LINELIST": [{"LINENUM": "1", "MAINLINE": "true", "LINESTATUS": "1", "LINEORDER": "1", "LINE": "9.5/9.5", "H": "100@2.22", "L": "100@1.58"}, {"LINENUM": "2", "MAINLINE": "false", "LINESTATUS": "1", "LINEORDER": "2", "LINE": "10.5/10.5", "L": "100@1.12", "H": "100@5.10"}], "ID": "4033e06a-8939-41c9-b5ae-4cf7ed9b12e8", "POOLSTATUS": "NotSelling", "ET": "0", "INPLAY": "true", "ALLUP": "true", "Cur": "1"}, "hasExtraTimePools": false, "results": {}, "definedPools": ["HAD", "FHA", "CRS", "FCS", "FTS", "OOE", "TTG", "HFT", "HHA", "HDC", "HIL", "FHL", "CHL", "NTS"], "inplayPools": ["HAD", "FHA", "HIL", "CHL", "CRS", "FCS", "NTS"], "dhc": {"LEG1": "FRI 10", "LEG1ID": "0623bae4-c133-4ba5-abb4-8f8eddff0065", "LEG2": "FRI 14", "LEG2ID": "f427d35d-c94d-4627-8572-b8babd8cefa7", "ITEM": "1"}}, {"matchID": "42d30ab4-11b0-4ba3-aa96-bd9646ef9b5d", "matchIDinofficial": "20220429FRI16", "matchNum": "16", "matchDate": "2022-04-29+08:00", "matchDay": "FRI", "coupon": {"couponID": "7", "couponShortName": "FRI", "couponNameCH": "\u5468\u4e94\u8cfd\u4e8b", "couponNameEN": "Friday Matches"}, "league": {"leagueID": "16", "leagueShortName": "DFL", "leagueNameCH": "\u8377\u862d\u7532\u7d44\u806f\u8cfd", "leagueNameEN": "Dutch Division 1"}, "homeTeam": {"teamID": "229", "teamNameCH": "\u70cf\u5fb7\u52d2\u652f", "teamNameEN": "Utrecht"}, "awayTeam": {"teamID": "238", "teamNameCH": "\u5948\u6885\u4ea8", "teamNameEN": "NEC Nijmegen"}, "matchStatus": "Closed", "matchTime": "2022-04-30T02:00:00+08:00", "statuslastupdated": "2022-04-30T02:02:50+08:00", "inplaydelay": "true", "channel": [{"order": 1, "channelID": "GX", "channelNameCH": "GoalX app", "channelNameEN": "GoalX app"}, {"order": 2, "channelID": "HKJC", "channelNameCH": "HKJC TV app", "channelNameEN": "HKJC TV app"}], "liveEvent": {"ilcLiveDisplay": true, "hasLiveInfo": true, "isIncomplete": false, "matchIDbetradar": "27647272", "matchstate": "FirstHalf", "stateTS": "2022-04-30T02:02:50+08:00", "liveevent": []}, "accumulatedscore": [{"periodvalue": "FirstHalf", "periodstatus": "Started", "home": "", "away": ""}], "livescore": {"home": "0", "away": "0"}, "cornerresult": "1", "hasWebTV": false, "hasOdds": false, "chlodds": {"LINELIST": [{"LINENUM": "1", "MAINLINE": "true", "LINESTATUS": "1", "LINEORDER": "1", "LINE": "10.5/10.5", "H": "100@2.02", "L": "100@1.70"}, {"LINENUM": "2", "MAINLINE": "false", "LINESTATUS": "1", "LINEORDER": "2", "LINE": "11.5/11.5", "H": "100@2.65", "L": "100@1.42"}], "ID": "525c3d98-03b7-4136-a7ea-3cb824d57244", "POOLSTATUS": "Selling", "ET": "0", "INPLAY": "true", "ALLUP": "true", "Cur": "1"}, "hasExtraTimePools": false, "results": {}, "definedPools": ["HAD", "FHA", "CRS", "FCS", "FTS", "OOE", "TTG", "HFT", "HHA", "HDC", "HIL", "FHL", "CHL", "NTS"], "inplayPools": ["HAD", "FHA", "HIL", "CHL", "CRS", "FCS", "NTS"]}]