[{"matchID": "22ebc93a-f405-4a6d-b611-11e1189a9c3b", "matchIDinofficial": "20220422FRI8", "matchNum": "8", "matchDate": "2022-04-22+08:00", "matchDay": "FRI", "coupon": {"couponID": "7", "couponShortName": "FRI", "couponNameCH": "\u5468\u4e94\u8cfd\u4e8b", "couponNameEN": "Friday Matches"}, "league": {"leagueID": "54", "leagueShortName": "GD2", "leagueNameCH": "\u5fb7\u570b\u4e59\u7d44\u806f\u8cfd", "leagueNameEN": "German Division 2"}, "homeTeam": {"teamID": "1293", "teamNameCH": "\u675c\u585e\u723e\u591a\u592b", "teamNameEN": "Dusseldorf"}, "awayTeam": {"teamID": "523", "teamNameCH": "\u7279\u96f7\u65af\u767b", "teamNameEN": "Dresden"}, "matchStatus": "ResultIn", "matchTime": "2022-04-23T00:30:00+08:00", "statuslastupdated": "2022-04-23T01:07:30+08:00", "inplaydelay": "true", "channel": [{"order": 1, "channelID": "ONTV", "channelNameCH": "OnTV\u6771\u7db2", "channelNameEN": "OnTV"}], "liveEvent": {"ilcLiveDisplay": true, "hasLiveInfo": true, "isIncomplete": false, "matchIDbetradar": "27884634", "matchstate": "FirstHalf", "stateTS": "2022-04-23T00:30:23+08:00", "liveevent": [{"order": 1, "minutesElasped": "26", "actionType": "Regular", "playerNameCH": "\u963f\u4f69\u723e\u574e\u666e", "playerNameEN": "Shinta Karl Appelkamp", "homeaway": "Home"}, {"order": 2, "minutesElasped": "28", "actionType": "YellowCard", "playerNameCH": "\u514b\u5c3c\u5e73, \u8482\u59c6", "playerNameEN": "Tim Knipping", "homeaway": "Away"}, {"order": 3, "minutesElasped": "31", "actionType": "Regular", "playerNameCH": "\u55ac\u8fea \u5fb7 \u7dad\u65af", "playerNameEN": "Jordy De Wijs", "homeaway": "Home"}]}, "accumulatedscore": [{"periodvalue": "FirstHalf", "periodstatus": "Interim", "home": "2", "away": "0"}], "livescore": {"home": "2", "away": "0"}, "cornerresult": "4", "hasWebTV": false, "hasOdds": false, "chlodds": {"LINELIST": [{"LINENUM": "2", "MAINLINE": "false", "LINESTATUS": "1", "LINEORDER": "2", "LINE": "10.5/10.5", "H": "100@2.30", "L": "100@1.54"}, {"LINENUM": "1", "MAINLINE": "true", "LINESTATUS": "1", "LINEORDER": "1", "LINE": "9.5/9.5", "L": "100@2.04", "H": "100@1.69"}], "ID": "8d67f688-57dd-4823-8fd8-49b9ecbba590", "POOLSTATUS": "Selling", "ET": "0", "INPLAY": "true", "ALLUP": "true", "Cur": "1"}, "hasExtraTimePools": false, "results": {}, "definedPools": ["HAD", "FHA", "CRS", "FCS", "FTS", "OOE", "TTG", "HFT", "HHA", "HDC", "HIL", "FHL", "CHL", "NTS"], "inplayPools": ["HAD", "FHA", "HIL", "CHL", "CRS", "FCS", "NTS"], "hfm": {"LEG1": "FRI 8", "LEG1ID": "22ebc93a-f405-4a6d-b611-11e1189a9c3b", "LEG2": "FRI 9", "LEG2ID": "18508735-30d9-4237-b04f-e735dcec1fae", "LEG3": "FRI 13", "LEG3ID": "91eb8716-61ae-441a-bdf3-23557497f53d", "LEG4": "FRI 14", "LEG4ID": "08be7ed9-591d-43f9-a34e-6a1e6fdf446b", "LEG5": "FRI 21", "LEG5ID": "722a48d3-e83e-4ba2-bbea-a89af4e21716", "LEG6": "FRI 22", "LEG6ID": "f2fc4d34-41e3-45d4-adde-4d00293f38f8", "ITEM": "1"}}]