[{"matchID": "c10b9dcb-a27e-4bb6-9b7b-2ccfb229f91c", "matchIDinofficial": "20220422FRI41", "matchNum": "41", "matchDate": "2022-04-22+08:00", "matchDay": "FRI", "coupon": {"couponID": "7", "couponShortName": "FRI", "couponNameCH": "\u5468\u4e94\u8cfd\u4e8b", "couponNameEN": "Friday Matches"}, "league": {"leagueID": "124", "leagueShortName": "MXL", "leagueNameCH": "\u58a8\u897f\u54e5\u8d85\u7d1a\u806f\u8cfd", "leagueNameEN": "Mexican Premier"}, "homeTeam": {"teamID": "2682", "teamNameCH": "\u7956\u4e9e\u96f7\u65af", "teamNameEN": "Juarez"}, "awayTeam": {"teamID": "1368", "teamNameCH": "FC\u99ac\u85a9\u7279\u862d", "teamNameEN": "Mazatlan FC"}, "matchStatus": "ResultIn", "matchTime": "2022-04-23T10:00:00+08:00", "statuslastupdated": "2022-04-23T11:56:29+08:00", "inplaydelay": "true", "liveEvent": {"ilcLiveDisplay": true, "hasLiveInfo": true, "isIncomplete": false, "matchIDbetradar": "31019091", "matchstate": "SecondHalf", "stateTS": "2022-04-23T11:11:24+08:00", "liveevent": [{"order": 1, "minutesElasped": "15", "actionType": "YellowCard", "playerNameCH": "\u99ac\u54e5\u6cd5\u6bd4\u5b89", "playerNameEN": "Marco Fabian", "homeaway": "Away"}, {"order": 2, "minutesElasped": "21", "actionType": "Regular", "playerNameCH": "\u76e7\u6bd4\u5967, \u5e03\u8cf4\u6069", "playerNameEN": "Brian Rubio", "homeaway": "Away"}, {"order": 3, "minutesElasped": "41", "actionType": "YellowCard", "playerNameCH": "\u7956\u4e9e\u6606\u827e\u65af\u57fa\u7dad", "playerNameEN": "Jose Jaoquin Esquivel", "homeaway": "Home"}, {"order": 4, "minutesElasped": "47", "actionType": "Regular", "playerNameCH": "\u76e7\u6bd4\u5967, \u5e03\u8cf4\u6069", "playerNameEN": "Brian Rubio", "homeaway": "Away"}, {"order": 5, "minutesElasped": "82", "actionType": "YellowCard", "playerNameCH": "\u5967\u65af\u83ef\u5ea6\u963f\u862d\u5c3c\u65af", "playerNameEN": "Oswaldo Alanis", "homeaway": "Away"}, {"order": 6, "minutesElasped": "86", "actionType": "YellowCard", "playerNameCH": "\u76e7\u6bd4\u5967, \u5e03\u8cf4\u6069", "playerNameEN": "Brian Rubio", "homeaway": "Away"}]}, "accumulatedscore": [{"periodvalue": "FirstHalf", "periodstatus": "ResultFinal", "home": "0", "away": "1"}, {"periodvalue": "SecondHalf", "periodstatus": "Interim", "home": "0", "away": "2"}], "livescore": {"home": "0", "away": "2"}, "cornerresult": "-1", "hasWebTV": false, "hasOdds": false, "chlodds": {"LINELIST": [{"LINENUM": "1", "MAINLINE": "true", "LINESTATUS": "1", "LINEORDER": "1", "LINE": "5.5/5.5", "L": "100@1.18", "H": "100@4.15"}], "ID": "6b57456b-cdc1-492b-a794-689a7da691a3", "POOLSTATUS": "FinalStopSell", "ET": "0", "INPLAY": "true", "ALLUP": "true", "Cur": "1"}, "hasExtraTimePools": false, "results": {}, "definedPools": ["HAD", "FHA", "CRS", "FCS", "FTS", "OOE", "TTG", "HFT", "HHA", "HDC", "HIL", "FHL", "CHL", "NTS"], "inplayPools": ["HAD", "FHA", "HIL", "CHL", "CRS", "FCS", "NTS"]}]