[{"matchID": "225c2667-33bf-4d06-996f-08b24a728ebf", "matchIDinofficial": "20220430SAT13", "matchNum": "13", "matchDate": "2022-04-30+08:00", "matchDay": "SAT", "coupon": {"couponID": "1", "couponShortName": "SAT", "couponNameCH": "\u5468\u516d\u8cfd\u4e8b", "couponNameEN": "Saturday Matches"}, "league": {"leagueID": "122", "leagueShortName": "RPL", "leagueNameCH": "\u4fc4\u7f85\u65af\u8d85\u7d1a\u806f\u8cfd", "leagueNameEN": "Russian Premier"}, "homeTeam": {"teamID": "839", "teamNameCH": "\u9b6f\u8cd3\u5361\u5c71", "teamNameEN": "Rubin Kazan"}, "awayTeam": {"teamID": "3252", "teamNameCH": "PFC\u7d22\u5951", "teamNameEN": "PFC Sochi"}, "matchStatus": "ResultIn", "matchTime": "2022-04-30T19:00:00+08:00", "statuslastupdated": "2022-04-30T20:43:02+08:00", "inplaydelay": "true", "channel": [{"order": 1, "channelID": "C661", "channelNameCH": "\u6709\u7dda661\u53f0", "channelNameEN": "i-CABLE 661"}, {"order": 2, "channelID": "C601", "channelNameCH": "\u6709\u7dda601\u53f0", "channelNameEN": "i-CABLE 601"}], "liveEvent": {"ilcLiveDisplay": true, "hasLiveInfo": false, "isIncomplete": false, "matchIDbetradar": "", "matchstate": "SecondHalf", "stateTS": "2022-04-30T20:01:27+08:00", "liveevent": []}, "accumulatedscore": [{"periodvalue": "FirstHalf", "periodstatus": "ResultFinal", "home": "0", "away": "2"}, {"periodvalue": "SecondHalf", "periodstatus": "Interim", "home": "0", "away": "5"}], "cornerresult": "-1", "hasWebTV": false, "hasOdds": false, "chlodds": {"LINELIST": [{"LINENUM": "1", "MAINLINE": "true", "LINESTATUS": "1", "LINEORDER": "1", "LINE": "12.5/12.5", "L": "100@1.11", "H": "100@5.30"}], "ID": "800c4e37-0e2d-4130-912b-652df234c31e", "POOLSTATUS": "FinalStopSell", "ET": "0", "INPLAY": "true", "ALLUP": "true", "Cur": "1"}, "hasExtraTimePools": false, "results": {}, "definedPools": ["HAD", "FHA", "CRS", "FCS", "FTS", "OOE", "TTG", "HFT", "HHA", "HDC", "HIL", "FHL", "CHL", "NTS"], "inplayPools": ["HAD", "FHA", "HIL", "CHL", "CRS", "FCS", "NTS"]}, {"matchID": "a67814e1-e213-418e-806f-1bdcdcd2c00a", "matchIDinofficial": "20220430SAT15", "matchNum": "15", "matchDate": "2022-04-30+08:00", "matchDay": "SAT", "coupon": {"couponID": "1", "couponShortName": "SAT", "couponNameCH": "\u5468\u516d\u8cfd\u4e8b", "couponNameEN": "Saturday Matches"}, "league": {"leagueID": "1", "leagueShortName": "EPL", "leagueNameCH": "\u82f1\u683c\u862d\u8d85\u7d1a\u806f\u8cfd", "leagueNameEN": "Eng Premier"}, "homeTeam": {"teamID": "17", "teamNameCH": "\u7d10\u5361\u7d20", "teamNameEN": "Newcastle"}, "awayTeam": {"teamID": "12", "teamNameCH": "\u5229\u7269\u6d66", "teamNameEN": "Liverpool"}, "matchStatus": "ResultIn", "matchTime": "2022-04-30T19:30:00+08:00", "statuslastupdated": "2022-04-30T20:37:52+08:00", "inplaydelay": "true", "channel": [{"order": 1, "channelID": "621", "channelNameCH": "NOW 621\u53f0", "channelNameEN": "NOW 621"}, {"order": 2, "channelID": "611", "channelNameCH": "NOW 611\u53f0", "channelNameEN": "NOW 611"}], "liveEvent": {"ilcLiveDisplay": true, "hasLiveInfo": true, "isIncomplete": false, "matchIDbetradar": "27751740", "matchstate": "SecondHalf", "stateTS": "2022-04-30T20:33:12+08:00", "liveevent": [{"order": 1, "minutesElasped": "19", "actionType": "Regular", "playerNameCH": "\u62ff\u6bd4\u57fa\u9054", "playerNameEN": "Naby Keita", "homeaway": "Away"}, {"order": 2, "minutesElasped": "43", "actionType": "YellowCard", "playerNameCH": "\u8fea\u4e9e\u9ad8\u7956\u9054", "playerNameEN": "Diogo Jota", "homeaway": "Away"}, {"order": 3, "minutesElasped": "43", "actionType": "YellowCard", "playerNameCH": "\u7956\u9023\u9813", "playerNameEN": "Joelinton", "homeaway": "Home"}, {"order": 4, "minutesElasped": "51", "actionType": "YellowCard", "playerNameCH": "\u7956\u9ad8\u7f8e\u65af", "playerNameEN": "Joe Gomez", "homeaway": "Away"}]}, "accumulatedscore": [{"periodvalue": "FirstHalf", "periodstatus": "ResultFinal", "home": "0", "away": "1"}, {"periodvalue": "SecondHalf", "periodstatus": "Interim", "home": "", "away": ""}], "livescore": {"home": "0", "away": "1"}, "cornerresult": "4", "hasWebTV": false, "hasOdds": false, "chlodds": {"LINELIST": [{"LINENUM": "2", "MAINLINE": "false", "LINESTATUS": "1", "LINEORDER": "2", "LINE": "8.5/8.5", "H": "100@2.43", "L": "100@1.49"}, {"LINENUM": "1", "MAINLINE": "true", "LINESTATUS": "1", "LINEORDER": "1", "LINE": "7.5/7.5", "H": "100@1.72", "L": "100@2.00"}], "ID": "ee86076b-45f4-4b24-ad02-5312efc8c019", "POOLSTATUS": "Selling", "ET": "0", "INPLAY": "true", "ALLUP": "true", "Cur": "1"}, "hasExtraTimePools": false, "results": {}, "definedPools": ["HAD", "FHA", "CRS", "FCS", "FTS", "OOE", "TTG", "HFT", "HHA", "HDC", "HIL", "FHL", "CHL", "NTS"], "inplayPools": ["HAD", "FHA", "HIL", "CHL", "CRS", "FCS", "NTS"]}]