[{"matchID": "fc781ea7-7eae-4882-9a96-7576e113050e", "matchIDinofficial": "20220418MON50", "matchNum": "50", "matchDate": "2022-04-18+08:00", "matchDay": "MON", "coupon": {"couponID": "3", "couponShortName": "MON", "couponNameCH": "\u5468\u4e00\u8cfd\u4e8b", "couponNameEN": "Monday Matches"}, "league": {"leagueID": "123", "leagueShortName": "CD1", "leagueNameCH": "\u667a\u5229\u7532\u7d44\u806f\u8cfd", "leagueNameEN": "Chilean Division 1"}, "homeTeam": {"teamID": "2279", "teamNameCH": "\u5361\u62c9\u96f7\u806f", "teamNameEN": "Union La Calera"}, "awayTeam": {"teamID": "1972", "teamNameCH": "\u5967\u5e0c\u91d1\u65af", "teamNameEN": "O'Higgins"}, "matchStatus": "Closed", "matchTime": "2022-04-19T08:27:00+08:00", "statuslastupdated": "2022-04-19T08:30:50+08:00", "inplaydelay": "true", "neutralgroundvenue": {"neutralgroundvenueNameCH": "\u6bd4\u5c3c\u4e9e\u5fb7\u723e\u99ac\u5c0f\u67f3\u6a39\u9ad4\u80b2\u5834", "neutralgroundvenueNameEN": "Estadio Sausalito, Vina del Mar"}, "liveEvent": {"ilcLiveDisplay": true, "hasLiveInfo": true, "isIncomplete": false, "matchIDbetradar": "31802443", "matchstate": "FirstHalf", "stateTS": "2022-04-19T08:30:50+08:00", "liveevent": []}, "accumulatedscore": [{"periodvalue": "FirstHalf", "periodstatus": "Started", "home": "", "away": ""}], "livescore": {"home": "0", "away": "0"}, "cornerresult": "4", "hasWebTV": false, "hasOdds": false, "chlodds": {"LINELIST": [{"LINENUM": "1", "MAINLINE": "true", "LINESTATUS": "1", "LINEORDER": "1", "LINE": "9.5/9.5", "L": "100@1.76", "H": "100@1.94"}, {"LINENUM": "2", "MAINLINE": "false", "LINESTATUS": "1", "LINEORDER": "2", "LINE": "10.5/10.5", "L": "100@1.41", "H": "100@2.68"}], "ID": "dace3db1-6c98-4317-8626-1aa7ebf3dbbf", "POOLSTATUS": "Selling", "ET": "0", "INPLAY": "true", "ALLUP": "true", "Cur": "1"}, "hasExtraTimePools": false, "results": {}, "definedPools": ["HAD", "FHA", "CRS", "FCS", "FTS", "OOE", "TTG", "HFT", "HHA", "HDC", "HIL", "FHL", "CHL", "NTS"], "inplayPools": ["HAD", "FHA", "HIL", "CHL", "CRS", "FCS", "NTS"]}]