[{"matchID": "81e51860-0314-42df-99a5-a19ae9b9b4b8", "matchIDinofficial": "20220428THU3", "matchNum": "3", "matchDate": "2022-04-28+08:00", "matchDay": "THU", "coupon": {"couponID": "6", "couponShortName": "THU", "couponNameCH": "\u5468\u56db\u8cfd\u4e8b", "couponNameEN": "Thursday Matches"}, "league": {"leagueID": "90", "leagueShortName": "ACL", "leagueNameCH": "\u4e9e\u6d32\u806f\u8cfd\u51a0\u8ecd\u76c3", "leagueNameEN": "Asian Champions League"}, "homeTeam": {"teamID": "1085", "teamNameCH": "FC\u6089\u5c3c", "teamNameEN": "Sydney FC"}, "awayTeam": {"teamID": "874", "teamNameCH": "\u5168\u5317\u6c7d\u8eca", "teamNameEN": "Jeonbuk Motors"}, "matchStatus": "ResultIn", "matchTime": "2022-04-28T22:00:00+08:00", "statuslastupdated": "2022-04-28T23:19:03+08:00", "inplaydelay": "true", "neutralgroundvenue": {"neutralgroundvenueNameCH": "\u8d8a\u5357\u80e1\u5fd7\u660e\u5e02\u7d71\u4e00\u9ad4\u80b2\u5834", "neutralgroundvenueNameEN": "Thong Nhat Stadium, Ho Chi Minh City, Vietnam"}, "channel": [{"order": 1, "channelID": "ES", "channelNameCH": "ElevenSports", "channelNameEN": "ElevenSports"}], "liveEvent": {"ilcLiveDisplay": true, "hasLiveInfo": true, "isIncomplete": false, "matchIDbetradar": "32307385", "matchstate": "SecondHalf", "stateTS": "2022-04-28T23:03:07+08:00", "liveevent": [{"order": 1, "minutesElasped": "2", "actionType": "YellowCard", "playerNameCH": "\u54e5\u6797\u6cf0\u4fdd\u7279", "playerNameEN": "Callum Talbot", "homeaway": "Home"}, {"order": 2, "minutesElasped": "40", "actionType": "Regular", "playerNameCH": "\u65b9\u7956", "playerNameEN": "Adam Le Fondre", "homeaway": "Home"}, {"order": 3, "minutesElasped": "45", "actionType": "YellowCard", "playerNameCH": "\u6734\u91d1\u57ce", "playerNameEN": "Jin-seong Park", "homeaway": "Away"}, {"order": 4, "minutesElasped": "49", "actionType": "Regular", "playerNameCH": "\u97d3\u6559\u5143", "playerNameEN": "Han Kyo-won", "homeaway": "Away"}, {"order": 5, "minutesElasped": "51", "actionType": "YellowCard", "playerNameCH": "\u91d1\u73cd\u572d", "playerNameEN": "Kim Jin-gyu", "homeaway": "Away"}]}, "accumulatedscore": [{"periodvalue": "FirstHalf", "periodstatus": "ResultFinal", "home": "1", "away": "0"}, {"periodvalue": "SecondHalf", "periodstatus": "Interim", "home": "1", "away": "1"}], "livescore": {"home": "1", "away": "1"}, "cornerresult": "6", "hasWebTV": false, "hasOdds": false, "chlodds": {"LINELIST": [{"LINENUM": "1", "MAINLINE": "true", "LINESTATUS": "1", "LINEORDER": "1", "LINE": "8.5/8.5", "H": "100@1.64", "L": "100@2.12"}, {"LINENUM": "2", "MAINLINE": "false", "LINESTATUS": "1", "LINEORDER": "2", "LINE": "9.5/9.5", "H": "100@2.65", "L": "100@1.42"}], "ID": "01ee6c59-50d6-482a-aea9-bdec8eddf181", "POOLSTATUS": "Selling", "ET": "0", "INPLAY": "true", "ALLUP": "true", "Cur": "1"}, "hasExtraTimePools": false, "results": {}, "definedPools": ["HAD", "FHA", "CRS", "FCS", "FTS", "OOE", "TTG", "HFT", "HHA", "HDC", "HIL", "FHL", "CHL", "NTS"], "inplayPools": ["HAD", "FHA", "HIL", "CHL", "CRS", "FCS", "NTS"]}]