[{"matchID": "f988b608-8b5c-4a86-be3d-95fa48f90bd2", "matchIDinofficial": "20220508SUN96", "matchNum": "96", "matchDate": "2022-05-08+08:00", "matchDay": "SUN", "coupon": {"couponID": "2", "couponShortName": "SUN", "couponNameCH": "\u5468\u65e5\u8cfd\u4e8b", "couponNameEN": "Sunday Matches"}, "league": {"leagueID": "124", "leagueShortName": "MXL", "leagueNameCH": "\u58a8\u897f\u54e5\u8d85\u7d1a\u806f\u8cfd", "leagueNameEN": "Mexican Premier"}, "homeTeam": {"teamID": "639", "teamNameCH": "\u74dc\u9054\u62c9\u54c8\u62c9", "teamNameEN": "Guadalajara"}, "awayTeam": {"teamID": "1780", "teamNameCH": "\u666e\u99ac\u65af", "teamNameEN": "Pumas UNAM"}, "matchStatus": "ResultIn", "matchTime": "2022-05-09T08:15:00+08:00", "statuslastupdated": "2022-05-09T10:14:02+08:00", "inplaydelay": "true", "channel": [{"order": 1, "channelID": "GX", "channelNameCH": "GoalX app", "channelNameEN": "GoalX app"}, {"order": 2, "channelID": "HKJC", "channelNameCH": "HKJC TV app", "channelNameEN": "HKJC TV app"}], "liveEvent": {"ilcLiveDisplay": true, "hasLiveInfo": true, "isIncomplete": false, "matchIDbetradar": "33477733", "matchstate": "SecondHalf", "stateTS": "2022-05-09T09:28:54+08:00", "liveevent": [{"order": 1, "minutesElasped": "8", "actionType": "YellowCard", "playerNameCH": "\u7dad\u62ff\u8fea", "playerNameEN": "Efrain Velarde", "homeaway": "Away"}, {"order": 2, "minutesElasped": "12", "actionType": "Regular", "playerNameCH": "\u514b\u91cc\u65af\u8482\u5b89", "playerNameEN": "Cristian Calderon", "homeaway": "Home"}, {"order": 3, "minutesElasped": "19", "actionType": "Regular", "playerNameCH": "\u8fea\u5967\u6208", "playerNameEN": "Diogo", "homeaway": "Away"}, {"order": 4, "minutesElasped": "45", "actionType": "YellowCard", "playerNameCH": "\u514b\u91cc\u65af\u8482\u5b89", "playerNameEN": "Cristian Calderon", "homeaway": "Home"}, {"order": 5, "minutesElasped": "46", "actionType": "YellowCard", "playerNameCH": "", "playerNameEN": "Jorge Antonio Ruvalcaba Castro", "homeaway": "Away"}, {"order": 6, "minutesElasped": "51", "actionType": "Regular", "playerNameCH": "\u8cbb\u723e\u5357\u591a\u8c9d\u723e\u7279\u862d", "playerNameEN": "Fernando Beltran", "homeaway": "Home"}, {"order": 7, "minutesElasped": "71", "actionType": "YellowCard", "playerNameCH": "\u53e4\u9435\u96f7\u65af,\u4f55\u585e", "playerNameEN": "Jose Galindo", "homeaway": "Away"}, {"order": 8, "minutesElasped": "80", "actionType": "YellowCard", "playerNameCH": "\u99ac\u897f\u4e9e\u65af", "playerNameEN": "Jose Macias", "homeaway": "Home"}, {"order": 9, "minutesElasped": "82", "actionType": "YellowCard", "playerNameCH": "\u8cbb\u723e\u5357\u591a\u8c9d\u723e\u7279\u862d", "playerNameEN": "Fernando Beltran", "homeaway": "Home"}, {"order": 10, "minutesElasped": "87", "actionType": "Regular", "playerNameCH": "\u99ac\u897f\u4e9e\u65af", "playerNameEN": "Jose Macias", "homeaway": "Home"}, {"order": 11, "minutesElasped": "89", "actionType": "Regular", "playerNameCH": "\u7dad\u52a0, \u4e9e\u6b77\u514b\u897f\u65af", "playerNameEN": "Alexis Vega", "homeaway": "Home"}]}, "accumulatedscore": [{"periodvalue": "FirstHalf", "periodstatus": "ResultFinal", "home": "1", "away": "1"}, {"periodvalue": "SecondHalf", "periodstatus": "Interim", "home": "4", "away": "1"}], "livescore": {"home": "4", "away": "1"}, "cornerresult": "-1", "hasWebTV": false, "hasOdds": false, "chlodds": {"LINELIST": [{"LINENUM": "1", "MAINLINE": "true", "LINESTATUS": "1", "LINEORDER": "1", "LINE": "8.5/8.5", "L": "100@1.04", "H": "100@8.25"}], "ID": "3cb499f1-5e1d-4f59-b365-fbd5846e63fd", "POOLSTATUS": "FinalStopSell", "ET": "0", "INPLAY": "true", "ALLUP": "true", "Cur": "1"}, "hasExtraTimePools": false, "results": {}, "definedPools": ["HAD", "FHA", "CRS", "FCS", "FTS", "TQL", "OOE", "TTG", "HFT", "HHA", "HDC", "HIL", "FHL", "CHL", "NTS"], "inplayPools": ["HAD", "FHA", "TQL", "HIL", "CHL", "CRS", "FCS", "NTS"]}]