[{"matchID": "89c13101-8101-4b4f-a054-5355b37952cc", "matchIDinofficial": "20220430SAT122", "matchNum": "122", "matchDate": "2022-04-30+08:00", "matchDay": "SAT", "coupon": {"couponID": "1", "couponShortName": "SAT", "couponNameCH": "\u5468\u516d\u8cfd\u4e8b", "couponNameEN": "Saturday Matches"}, "league": {"leagueID": "124", "leagueShortName": "MXL", "leagueNameCH": "\u58a8\u897f\u54e5\u8d85\u7d1a\u806f\u8cfd", "leagueNameEN": "Mexican Premier"}, "homeTeam": {"teamID": "875", "teamNameCH": "CF \u963f\u7f8e\u5229\u52a0", "teamNameEN": "CF America"}, "awayTeam": {"teamID": "1779", "teamNameCH": "\u85cd\u5341\u5b57", "teamNameEN": "Cruz Azul"}, "matchStatus": "ResultIn", "matchTime": "2022-05-01T10:00:00+08:00", "statuslastupdated": "2022-05-01T11:46:05+08:00", "inplaydelay": "true", "liveEvent": {"ilcLiveDisplay": true, "hasLiveInfo": true, "isIncomplete": false, "matchIDbetradar": "31019117", "matchstate": "SecondHalf", "stateTS": "2022-05-01T11:11:47+08:00", "liveevent": [{"order": 1, "minutesElasped": "10", "actionType": "YellowCard", "playerNameCH": "\u67cf\u5ea6\u963f\u57fa\u8def", "playerNameEN": "Pedro Aquino", "homeaway": "Home"}, {"order": 2, "minutesElasped": "33", "actionType": "YellowCard", "playerNameCH": "\u7956\u5b89\u827e\u65af\u9ad8\u5df4", "playerNameEN": "Juan Escobar", "homeaway": "Away"}, {"order": 3, "minutesElasped": "33", "actionType": "YellowCard", "playerNameCH": "\u4f0a\u4e07\u83ab\u62c9\u840a\u65af", "playerNameEN": "Ivan Morales", "homeaway": "Away"}, {"order": 4, "minutesElasped": "34", "actionType": "YellowCard", "playerNameCH": "\u674e\u5bdf\u5c71\u9f4a\u58eb", "playerNameEN": "Richard Sanchez", "homeaway": "Home"}, {"order": 5, "minutesElasped": "41", "actionType": "YellowCard", "playerNameCH": "\u827e\u83ef\u8def\u8cbb\u5ea6\u9ad8", "playerNameEN": "Alvaro Fidalgo", "homeaway": "Home"}]}, "accumulatedscore": [{"periodvalue": "FirstHalf", "periodstatus": "ResultFinal", "home": "0", "away": "0"}, {"periodvalue": "SecondHalf", "periodstatus": "Interim", "home": "", "away": ""}], "livescore": {"home": "0", "away": "0"}, "cornerresult": "5", "hasWebTV": false, "hasOdds": false, "chlodds": {"LINELIST": [{"LINENUM": "1", "MAINLINE": "true", "LINESTATUS": "1", "LINEORDER": "1", "LINE": "6.5/6.5", "H": "100@2.83", "L": "100@1.37"}], "ID": "50ee54e2-49aa-4e19-a612-d920d0ea3f33", "POOLSTATUS": "Selling", "ET": "0", "INPLAY": "true", "ALLUP": "true", "Cur": "1"}, "hasExtraTimePools": false, "results": {}, "definedPools": ["HAD", "FHA", "CRS", "FCS", "FTS", "OOE", "TTG", "HFT", "HHA", "HDC", "HIL", "FHL", "CHL", "NTS"], "inplayPools": ["HAD", "FHA", "HIL", "CHL", "CRS", "FCS", "NTS"]}]