[{"matchID": "d0ff4a55-f8be-4716-afc8-152a71809759", "matchIDinofficial": "20220416SAT25", "matchNum": "25", "matchDate": "2022-04-16+08:00", "matchDay": "SAT", "coupon": {"couponID": "1", "couponShortName": "SAT", "couponNameCH": "\u5468\u516d\u8cfd\u4e8b", "couponNameEN": "Saturday Matches"}, "league": {"leagueID": "3", "leagueShortName": "GSL", "leagueNameCH": "\u5fb7\u570b\u7532\u7d44\u806f\u8cfd", "leagueNameEN": "German Division 1"}, "homeTeam": {"teamID": "25", "teamNameCH": "\u591a\u8499\u7279", "teamNameEN": "Dortmund"}, "awayTeam": {"teamID": "38", "teamNameCH": "\u79be\u592b\u65af\u5821", "teamNameEN": "Wolfsburg"}, "matchStatus": "ResultIn", "matchTime": "2022-04-16T21:30:00+08:00", "statuslastupdated": "2022-04-16T22:44:33+08:00", "inplaydelay": "true", "channel": [{"order": 1, "channelID": "76", "channelNameCH": "\u9999\u6e2f\u570b\u969b\u8ca1\u7d93\u53f0", "channelNameEN": "Hong Kong International Business Channel"}, {"order": 2, "channelID": "C661", "channelNameCH": "\u6709\u7dda661\u53f0", "channelNameEN": "i-CABLE 661"}, {"order": 3, "channelID": "C601", "channelNameCH": "\u6709\u7dda601\u53f0", "channelNameEN": "i-CABLE 601"}], "liveEvent": {"ilcLiveDisplay": true, "hasLiveInfo": true, "isIncomplete": false, "matchIDbetradar": "27883610", "matchstate": "SecondHalf", "stateTS": "2022-04-16T22:34:28+08:00", "liveevent": [{"order": 1, "minutesElasped": "24", "actionType": "Regular", "playerNameCH": "", "playerNameEN": "Tom Rothe", "homeaway": "Home"}, {"order": 2, "minutesElasped": "26", "actionType": "Regular", "playerNameCH": "\u97cb\u7d20", "playerNameEN": "Axel Witsel", "homeaway": "Home"}, {"order": 3, "minutesElasped": "28", "actionType": "Regular", "playerNameCH": "\u6587\u8def\u723e\u827e\u7c21\u6cbb", "playerNameEN": "Manuel Akanji", "homeaway": "Home"}, {"order": 4, "minutesElasped": "33", "actionType": "YellowCard", "playerNameCH": "\u4fdd\u8fea\u5df4\u53e4", "playerNameEN": "Ridle Baku", "homeaway": "Away"}, {"order": 5, "minutesElasped": "34", "actionType": "Regular", "playerNameCH": "\u5b89\u5229\u7c21\u6069", "playerNameEN": "Emre Can", "homeaway": "Home"}, {"order": 6, "minutesElasped": "38", "actionType": "Regular", "playerNameCH": "\u827e\u5be7\u590f\u862d\u7279", "playerNameEN": "Erling Haaland", "homeaway": "Home"}, {"order": 7, "minutesElasped": "41", "actionType": "YellowCard", "playerNameCH": "\u6069\u6b77\u514b\u8b1d\u8d6b\u7279", "playerNameEN": "Yannick Gerhardt", "homeaway": "Away"}, {"order": 8, "minutesElasped": "54", "actionType": "Regular", "playerNameCH": "\u827e\u5be7\u590f\u862d\u7279", "playerNameEN": "Erling Haaland", "homeaway": "Home"}]}, "accumulatedscore": [{"periodvalue": "FirstHalf", "periodstatus": "ResultFinal", "home": "5", "away": "0"}, {"periodvalue": "SecondHalf", "periodstatus": "Interim", "home": "6", "away": "0"}], "livescore": {"home": "6", "away": "0"}, "cornerresult": "9", "hasWebTV": false, "hasOdds": false, "chlodds": {"LINELIST": [{"LINENUM": "1", "MAINLINE": "true", "LINESTATUS": "1", "LINEORDER": "1", "LINE": "11.5/11.5", "H": "100@2.25", "L": "100@1.57"}, {"LINENUM": "2", "MAINLINE": "false", "LINESTATUS": "1", "LINEORDER": "2", "LINE": "12.5/12.5", "H": "100@4.30", "L": "100@1.17"}], "ID": "1b2d78a4-d00b-47a2-b7cd-ecd2fd1b1372", "POOLSTATUS": "Selling", "ET": "0", "INPLAY": "true", "ALLUP": "true", "Cur": "1"}, "hasExtraTimePools": false, "results": {}, "definedPools": ["HAD", "FHA", "CRS", "FCS", "FTS", "OOE", "TTG", "HFT", "HHA", "HDC", "HIL", "FHL", "CHL", "NTS"], "inplayPools": ["HAD", "FHA", "HIL", "CHL", "CRS", "FCS", "NTS"], "hfm": {"LEG1": "SAT 25", "LEG1ID": "d0ff4a55-f8be-4716-afc8-152a71809759", "LEG2": "SAT 26", "LEG2ID": "0b58f1bf-3a89-4255-8332-d177e883f820", "LEG3": "SAT 27", "LEG3ID": "a27407b8-f066-422a-98b8-47412028430c", "LEG4": "SAT 30", "LEG4ID": "32e5397a-4fbf-43af-b927-cd5be9ba4dae", "LEG5": "SAT 31", "LEG5ID": "87c104ef-93ae-4374-b756-fd81b9e38f63", "LEG6": "SAT 32", "LEG6ID": "1b9405d4-8f75-4ee9-91a3-1d17241e2a7c", "ITEM": "1"}}, {"matchID": "befe7b16-5112-421d-b2f0-c3e74d2b7544", "matchIDinofficial": "20220416SAT36", "matchNum": "36", "matchDate": "2022-04-16+08:00", "matchDay": "SAT", "coupon": {"couponID": "1", "couponShortName": "SAT", "couponNameCH": "\u5468\u516d\u8cfd\u4e8b", "couponNameEN": "Saturday Matches"}, "league": {"leagueID": "5", "leagueShortName": "EFA", "leagueNameCH": "\u82f1\u683c\u862d\u8db3\u7e3d\u76c3", "leagueNameEN": "FA Cup"}, "homeTeam": {"teamID": "13", "teamNameCH": "\u66fc\u57ce", "teamNameEN": "Manchester City"}, "awayTeam": {"teamID": "12", "teamNameCH": "\u5229\u7269\u6d66", "teamNameEN": "Liverpool"}, "matchStatus": "ResultIn", "matchTime": "2022-04-16T22:30:00+08:00", "statuslastupdated": "2022-04-16T22:49:18+08:00", "inplaydelay": "true", "neutralgroundvenue": {"neutralgroundvenueNameCH": "\u502b\u6566\u6eab\u5e03\u840a\u7403\u5834", "neutralgroundvenueNameEN": "Wembley Stadium, London"}, "channel": [{"order": 1, "channelID": "MTS", "channelNameCH": "\u7121\u7dda myTV SUPER", "channelNameEN": "TVB myTV SUPER"}], "liveEvent": {"ilcLiveDisplay": true, "hasLiveInfo": true, "isIncomplete": false, "matchIDbetradar": "32776689", "matchstate": "FirstHalf", "stateTS": "2022-04-16T22:30:51+08:00", "liveevent": [{"order": 1, "minutesElasped": "9", "actionType": "Regular", "playerNameCH": "\u4f0a\u5df4\u5e0c\u99ac\u5e72\u62ff\u8fea", "playerNameEN": "Ibrahima Konate", "homeaway": "Away"}, {"order": 2, "minutesElasped": "17", "actionType": "Regular", "playerNameCH": "\u6c99\u8fea\u5967\u6587\u5c3c", "playerNameEN": "Sadio Mane", "homeaway": "Away"}]}, "accumulatedscore": [{"periodvalue": "FirstHalf", "periodstatus": "Interim", "home": "0", "away": "2"}], "livescore": {"home": "0", "away": "2"}, "cornerresult": "2", "hasWebTV": false, "hasOdds": false, "chlodds": {"LINELIST": [{"LINENUM": "1", "MAINLINE": "true", "LINESTATUS": "1", "LINEORDER": "1", "LINE": "9.5/9.5", "H": "100@2.02", "L": "100@1.70"}, {"LINENUM": "2", "MAINLINE": "false", "LINESTATUS": "1", "LINEORDER": "2", "LINE": "10.5/10.5", "L": "100@1.38", "H": "100@2.80"}], "ID": "15bf4ceb-cc62-4947-9a58-9098bce30b4c", "POOLSTATUS": "Selling", "ET": "0", "INPLAY": "true", "ALLUP": "true", "Cur": "1"}, "hasExtraTimePools": true, "results": {}, "definedPools": ["HAD", "FHA", "CRS", "FCS", "FTS", "TQL", "OOE", "TTG", "HFT", "HHA", "HDC", "HIL", "FHL", "CHL", "NTS"], "inplayPools": ["HAD", "FHA", "TQL", "HIL", "CHL", "CRS", "FCS", "NTS"]}]