[{"matchID": "0235652c-ddc8-470f-abee-31b06561f1ad", "matchIDinofficial": "20220505THU13", "matchNum": "13", "matchDate": "2022-05-05+08:00", "matchDay": "THU", "coupon": {"couponID": "6", "couponShortName": "THU", "couponNameCH": "\u5468\u56db\u8cfd\u4e8b", "couponNameEN": "Thursday Matches"}, "league": {"leagueID": "7", "leagueShortName": "UEC", "leagueNameCH": "\u6b50\u9738\u76c3", "leagueNameEN": "UE Cup"}, "homeTeam": {"teamID": "26", "teamNameCH": "\u6cd5\u862d\u514b\u798f", "teamNameEN": "Frankfurt"}, "awayTeam": {"teamID": "185", "teamNameCH": "\u97cb\u65af\u54b8", "teamNameEN": "West Ham"}, "matchStatus": "ResultIn", "matchTime": "2022-05-06T03:00:00+08:00", "statuslastupdated": "2022-05-06T04:04:37+08:00", "inplaydelay": "true", "channel": [{"order": 1, "channelID": "643", "channelNameCH": "NOW 643\u53f0", "channelNameEN": "NOW 643"}], "liveEvent": {"ilcLiveDisplay": true, "hasLiveInfo": true, "isIncomplete": false, "matchIDbetradar": "33195957", "matchstate": "SecondHalf", "stateTS": "2022-05-06T04:04:37+08:00", "liveevent": [{"order": 1, "minutesElasped": "17", "actionType": "YellowCard", "playerNameCH": "\u827e\u6717\u52a0\u65af\u5a01\u723e", "playerNameEN": "Aaron Cresswell", "homeaway": "Away"}, {"order": 2, "minutesElasped": "19", "actionType": "RedCard", "playerNameCH": "\u827e\u6717\u52a0\u65af\u5a01\u723e", "playerNameEN": "Aaron Cresswell", "homeaway": "Away"}, {"order": 3, "minutesElasped": "26", "actionType": "Regular", "playerNameCH": "\u62c9\u83f2\u723e\u6ce2\u5c3c", "playerNameEN": "Rafael Borre", "homeaway": "Home"}, {"order": 4, "minutesElasped": "43", "actionType": "YellowCard", "playerNameCH": "\u4f0a\u96f2\u5c3c\u8fea\u5361", "playerNameEN": "Evan N Dicka", "homeaway": "Home"}, {"order": 5, "minutesElasped": "45", "actionType": "YellowCard", "playerNameCH": "\u8fea\u683c\u862d\u8cf4\u65af", "playerNameEN": "Declan Rice", "homeaway": "Away"}]}, "accumulatedscore": [{"periodvalue": "FirstHalf", "periodstatus": "ResultFinal", "home": "1", "away": "0"}, {"periodvalue": "SecondHalf", "periodstatus": "Started", "home": "", "away": ""}], "livescore": {"home": "1", "away": "0"}, "cornerresult": "6", "hasWebTV": false, "hasOdds": false, "chlodds": {"LINELIST": [{"LINENUM": "2", "MAINLINE": "false", "LINESTATUS": "1", "LINEORDER": "2", "LINE": "10.5/10.5", "L": "100@1.28", "H": "100@3.25"}, {"LINENUM": "1", "MAINLINE": "true", "LINESTATUS": "1", "LINEORDER": "1", "LINE": "9.5/9.5", "H": "100@2.05", "L": "100@1.68"}], "ID": "5a4d476e-5c63-4278-a992-58ff41d4c2b5", "POOLSTATUS": "Selling", "ET": "0", "INPLAY": "true", "ALLUP": "true", "Cur": "1"}, "hasExtraTimePools": true, "results": {}, "definedPools": ["HAD", "FHA", "CRS", "FCS", "FTS", "TQL", "OOE", "TTG", "HFT", "HHA", "HDC", "HIL", "FHL", "CHL", "NTS"], "inplayPools": ["HAD", "FHA", "TQL", "HIL", "CHL", "CRS", "FCS", "NTS"]}, {"matchID": "3b6025eb-f27f-4d27-8dec-74c0af0b3b4a", "matchIDinofficial": "20220505THU15", "matchNum": "15", "matchDate": "2022-05-05+08:00", "matchDay": "THU", "coupon": {"couponID": "6", "couponShortName": "THU", "couponNameCH": "\u5468\u56db\u8cfd\u4e8b", "couponNameEN": "Thursday Matches"}, "league": {"leagueID": "156", "leagueShortName": "UEF", "leagueNameCH": "\u6b50\u6d32\u5354\u6703\u806f\u8cfd", "leagueNameEN": "UE Conference"}, "homeTeam": {"teamID": "53", "teamNameCH": "\u7f85\u99ac", "teamNameEN": "Roma"}, "awayTeam": {"teamID": "11", "teamNameCH": "\u674e\u65af\u7279\u57ce", "teamNameEN": "Leicester"}, "matchStatus": "ResultIn", "matchTime": "2022-05-06T03:00:00+08:00", "statuslastupdated": "2022-05-06T04:19:37+08:00", "inplaydelay": "true", "channel": [{"order": 1, "channelID": "645", "channelNameCH": "NOW 645\u53f0", "channelNameEN": "NOW 645"}], "liveEvent": {"ilcLiveDisplay": true, "hasLiveInfo": true, "isIncomplete": false, "matchIDbetradar": "33195139", "matchstate": "SecondHalf", "stateTS": "2022-05-06T04:05:04+08:00", "liveevent": [{"order": 1, "minutesElasped": "11", "actionType": "Regular", "playerNameCH": "\u8b5a\u7f8e\u963f\u5df4\u8b19", "playerNameEN": "Tammy Abraham", "homeaway": "Home"}, {"order": 2, "minutesElasped": "41", "actionType": "YellowCard", "playerNameCH": "\u57fa\u5b89\u76e7\u5361\u6587\u4ed9\u5c3c", "playerNameEN": "Gianluca Mancini", "homeaway": "Home"}]}, "accumulatedscore": [{"periodvalue": "FirstHalf", "periodstatus": "ResultFinal", "home": "1", "away": "0"}, {"periodvalue": "SecondHalf", "periodstatus": "Interim", "home": "", "away": ""}], "livescore": {"home": "1", "away": "0"}, "cornerresult": "11", "hasWebTV": false, "hasOdds": false, "chlodds": {"LINELIST": [{"LINENUM": "1", "MAINLINE": "true", "LINESTATUS": "1", "LINEORDER": "1", "LINE": "14.5/14.5", "L": "100@2.02", "H": "100@1.70"}, {"LINENUM": "2", "MAINLINE": "false", "LINESTATUS": "1", "LINEORDER": "2", "LINE": "15.5/15.5", "L": "100@1.44", "H": "100@2.58"}], "ID": "bc350aa6-a1e0-4cb2-94e0-be56cd4b3184", "POOLSTATUS": "Selling", "ET": "0", "INPLAY": "true", "ALLUP": "true", "Cur": "1"}, "hasExtraTimePools": true, "results": {}, "definedPools": ["HAD", "FHA", "CRS", "FCS", "FTS", "TQL", "OOE", "TTG", "HFT", "HHA", "HDC", "HIL", "FHL", "CHL", "NTS"], "inplayPools": ["HAD", "FHA", "TQL", "HIL", "CHL", "CRS", "FCS", "NTS"]}]