[{"matchID": "b18e1702-5f47-4607-8844-ecd16af8f401", "matchIDinofficial": "20220507SAT1", "matchNum": "1", "matchDate": "2022-05-07+08:00", "matchDay": "SAT", "coupon": {"couponID": "1", "couponShortName": "SAT", "couponNameCH": "\u5468\u516d\u8cfd\u4e8b", "couponNameEN": "Saturday Matches"}, "league": {"leagueID": "55", "leagueShortName": "JD1", "leagueNameCH": "\u65e5\u672c\u8077\u696d\u806f\u8cfd", "leagueNameEN": "Japanese Division 1"}, "homeTeam": {"teamID": "553", "teamNameCH": "\u6e05\u6c34\u5fc3\u8df3", "teamNameEN": "Shimizu S-Pulse"}, "awayTeam": {"teamID": "548", "teamNameCH": "\u5ddd\u5d0e\u524d\u92d2", "teamNameEN": "Kawasaki Frontale"}, "matchStatus": "ResultIn", "matchTime": "2022-05-07T13:00:00+08:00", "statuslastupdated": "2022-05-07T13:37:09+08:00", "inplaydelay": "true", "channel": [{"order": 1, "channelID": "C662", "channelNameCH": "\u6709\u7dda662\u53f0", "channelNameEN": "i-CABLE 662"}, {"order": 2, "channelID": "C602", "channelNameCH": "\u6709\u7dda602\u53f0", "channelNameEN": "i-CABLE 602"}], "liveEvent": {"ilcLiveDisplay": true, "hasLiveInfo": true, "isIncomplete": false, "matchIDbetradar": "31767703", "matchstate": "FirstHalf", "stateTS": "2022-05-07T13:04:48+08:00", "liveevent": [{"order": 1, "minutesElasped": "14", "actionType": "Regular", "playerNameCH": "\u8107\u5742\u6cf0\u6597", "playerNameEN": "Yasuto Wakizaka", "homeaway": "Away"}, {"order": 2, "minutesElasped": "32", "actionType": "Regular", "playerNameCH": "\u99ac\u5947\u5c3c\u5967", "playerNameEN": "Marcinho", "homeaway": "Away"}]}, "accumulatedscore": [{"periodvalue": "FirstHalf", "periodstatus": "Interim", "home": "0", "away": "2"}], "livescore": {"home": "0", "away": "2"}, "cornerresult": "4", "hasWebTV": false, "hasOdds": false, "chlodds": {"LINELIST": [{"LINENUM": "2", "MAINLINE": "false", "LINESTATUS": "1", "LINEORDER": "2", "LINE": "9.5/9.5", "H": "100@2.58", "L": "100@1.44"}, {"LINENUM": "1", "MAINLINE": "true", "LINESTATUS": "1", "LINEORDER": "1", "LINE": "8.5/8.5", "H": "100@1.77", "L": "100@1.93"}], "ID": "ee2d956e-8ce6-4719-b2e8-db1caaff7e26", "POOLSTATUS": "Selling", "ET": "0", "INPLAY": "true", "ALLUP": "true", "Cur": "1"}, "hasExtraTimePools": false, "results": {}, "definedPools": ["HAD", "FHA", "CRS", "FCS", "FTS", "OOE", "TTG", "HFT", "HHA", "HDC", "HIL", "FHL", "CHL", "NTS"], "inplayPools": ["HAD", "FHA", "HIL", "CHL", "CRS", "FCS", "NTS"]}]