[{"matchID": "bb09a414-cd0a-474d-bce0-c07d850ec7f7", "matchIDinofficial": "20220422FRI4", "matchNum": "4", "matchDate": "2022-04-22+08:00", "matchDay": "FRI", "coupon": {"couponID": "7", "couponShortName": "FRI", "couponNameCH": "\u5468\u4e94\u8cfd\u4e8b", "couponNameEN": "Friday Matches"}, "league": {"leagueID": "90", "leagueShortName": "ACL", "leagueNameCH": "\u4e9e\u6d32\u806f\u8cfd\u51a0\u8ecd\u76c3", "leagueNameEN": "Asian Champions League"}, "homeTeam": {"teamID": "1085", "teamNameCH": "FC\u6089\u5c3c", "teamNameEN": "Sydney FC"}, "awayTeam": {"teamID": "557", "teamNameCH": "\u6a6b\u6ff1\u6c34\u624b", "teamNameEN": "Yokohama F.Marinos"}, "matchStatus": "Closed", "matchTime": "2022-04-22T22:00:00+08:00", "statuslastupdated": "2022-04-22T22:00:26+08:00", "inplaydelay": "true", "neutralgroundvenue": {"neutralgroundvenueNameCH": "\u8d8a\u5357\u80e1\u5fd7\u660e\u5e02\u7d71\u4e00\u9ad4\u80b2\u5834", "neutralgroundvenueNameEN": "Thong Nhat Stadium, Ho Chi Minh City, Vietnam"}, "channel": [{"order": 1, "channelID": "ES", "channelNameCH": "ElevenSports", "channelNameEN": "ElevenSports"}], "liveEvent": {"ilcLiveDisplay": true, "hasLiveInfo": true, "isIncomplete": false, "matchIDbetradar": "32307377", "matchstate": "FirstHalf", "stateTS": "2022-04-22T22:00:26+08:00", "liveevent": [{"order": 1, "minutesElasped": "17", "actionType": "YellowCard", "playerNameCH": "\u6c38\u6236\u52dd\u4e5f", "playerNameEN": "Katsuya Nagato", "homeaway": "Away"}, {"order": 2, "minutesElasped": "44", "actionType": "YellowCard", "playerNameCH": "\u9ea5\u65af\u8c9d\u57fa\u65af", "playerNameEN": "Max Burgess", "homeaway": "Home"}]}, "accumulatedscore": [{"periodvalue": "FirstHalf", "periodstatus": "Started", "home": "", "away": ""}], "livescore": {"home": "0", "away": "0"}, "cornerresult": "6", "hasWebTV": false, "hasOdds": false, "chlodds": {"LINELIST": [{"LINENUM": "2", "MAINLINE": "false", "LINESTATUS": "1", "LINEORDER": "2", "LINE": "12.5/12.5", "L": "100@1.39", "H": "100@2.75"}, {"LINENUM": "1", "MAINLINE": "true", "LINESTATUS": "1", "LINEORDER": "1", "LINE": "11.5/11.5", "L": "100@1.73", "H": "100@1.98"}], "ID": "e630da12-5a89-45a5-a80e-9c87e8daf20b", "POOLSTATUS": "Selling", "ET": "0", "INPLAY": "true", "ALLUP": "true", "Cur": "1"}, "hasExtraTimePools": false, "results": {}, "definedPools": ["HAD", "FHA", "CRS", "FCS", "FTS", "OOE", "TTG", "HFT", "HHA", "HDC", "HIL", "FHL", "CHL", "NTS"], "inplayPools": ["HAD", "FHA", "HIL", "CHL", "CRS", "FCS", "NTS"]}]