[{"matchID": "52ada24e-4d62-4cfa-8c4f-d69b60ce2619", "matchIDinofficial": "20220504WED18", "matchNum": "18", "matchDate": "2022-05-04+08:00", "matchDay": "WED", "coupon": {"couponID": "5", "couponShortName": "WED", "couponNameCH": "\u5468\u4e09\u8cfd\u4e8b", "couponNameEN": "Wednesday Matches"}, "league": {"leagueID": "6", "leagueShortName": "UCL", "leagueNameCH": "\u6b50\u6d32\u806f\u8cfd\u51a0\u8ecd\u76c3", "leagueNameEN": "UE Champions"}, "homeTeam": {"teamID": "69", "teamNameCH": "\u7687\u5bb6\u99ac\u5fb7\u91cc", "teamNameEN": "Real Madrid"}, "awayTeam": {"teamID": "13", "teamNameCH": "\u66fc\u57ce", "teamNameEN": "Manchester City"}, "matchStatus": "Closed", "matchTime": "2022-05-05T03:00:00+08:00", "statuslastupdated": "2022-05-05T03:00:18+08:00", "inplaydelay": "true", "channel": [{"order": 1, "channelID": "643", "channelNameCH": "NOW 643\u53f0", "channelNameEN": "NOW 643"}], "liveEvent": {"ilcLiveDisplay": true, "hasLiveInfo": true, "isIncomplete": false, "matchIDbetradar": "33181719", "matchstate": "FirstHalf", "stateTS": "2022-05-05T03:00:18+08:00", "liveevent": [{"order": 1, "minutesElasped": "9", "actionType": "YellowCard", "playerNameCH": "\u62ff\u6a38\u8fea", "playerNameEN": "Aymeric Laporte", "homeaway": "Away"}, {"order": 2, "minutesElasped": "9", "actionType": "YellowCard", "playerNameCH": "\u83ab\u8fea\u6b77", "playerNameEN": "Luka Modric", "homeaway": "Home"}]}, "accumulatedscore": [{"periodvalue": "FirstHalf", "periodstatus": "Started", "home": "", "away": ""}], "livescore": {"home": "0", "away": "0"}, "cornerresult": "3", "hasWebTV": false, "hasOdds": false, "chlodds": {"LINELIST": [{"LINENUM": "2", "MAINLINE": "false", "LINESTATUS": "1", "LINEORDER": "2", "LINE": "10.5/10.5", "L": "100@1.56", "H": "100@2.27"}, {"LINENUM": "1", "MAINLINE": "true", "LINESTATUS": "1", "LINEORDER": "1", "LINE": "9.5/9.5", "H": "100@1.71", "L": "100@2.01"}], "ID": "e6613414-c5c1-4802-acd6-0700bb55fab0", "POOLSTATUS": "Selling", "ET": "0", "INPLAY": "true", "ALLUP": "true", "Cur": "1"}, "hasExtraTimePools": true, "results": {}, "definedPools": ["HAD", "FHA", "CRS", "FCS", "FTS", "TQL", "OOE", "TTG", "HFT", "HHA", "HDC", "HIL", "FHL", "CHL", "NTS"], "inplayPools": ["HAD", "FHA", "TQL", "HIL", "CHL", "CRS", "FCS", "NTS"]}]