[{"matchID": "a94984bc-e36b-4429-8d75-fd1b0a3ade73", "matchIDinofficial": "20220508SUN24", "matchNum": "24", "matchDate": "2022-05-08+08:00", "matchDay": "SUN", "coupon": {"couponID": "2", "couponShortName": "SUN", "couponNameCH": "\u5468\u65e5\u8cfd\u4e8b", "couponNameEN": "Sunday Matches"}, "league": {"leagueID": "2", "leagueShortName": "ISA", "leagueNameCH": "\u610f\u5927\u5229\u7532\u7d44\u806f\u8cfd", "leagueNameEN": "Italian Division 1"}, "homeTeam": {"teamID": "2228", "teamNameCH": "\u53f2\u67cf\u65af\u4e9e", "teamNameEN": "Spezia"}, "awayTeam": {"teamID": "340", "teamNameCH": "\u963f\u7279\u862d\u5927", "teamNameEN": "Atalanta"}, "matchStatus": "ResultIn", "matchTime": "2022-05-08T18:30:00+08:00", "statuslastupdated": "2022-05-08T20:25:56+08:00", "inplaydelay": "true", "channel": [{"order": 1, "channelID": "638", "channelNameCH": "NOW 638\u53f0", "channelNameEN": "NOW 638"}], "liveEvent": {"ilcLiveDisplay": true, "hasLiveInfo": true, "isIncomplete": false, "matchIDbetradar": "28160544", "matchstate": "SecondHalf", "stateTS": "2022-05-08T19:40:51+08:00", "liveevent": [{"order": 1, "minutesElasped": "16", "actionType": "Regular", "playerNameCH": "\u8def\u723e\u65af\u6885\u5229\u723e", "playerNameEN": "Luis Muriel", "homeaway": "Away"}, {"order": 2, "minutesElasped": "30", "actionType": "Regular", "playerNameCH": "\u97cb\u5fb7, \u9054\u5c3c\u57c3\u840a", "playerNameEN": "Daniele Verde", "homeaway": "Home"}, {"order": 3, "minutesElasped": "41", "actionType": "YellowCard", "playerNameCH": "\u5df4\u65af\u6771\u5c3c, \u897f\u8499", "playerNameEN": "Simone Bastoni", "homeaway": "Home"}, {"order": 4, "minutesElasped": "44", "actionType": "YellowCard", "playerNameCH": "\u99ac\u5409\u6b50\u808b, \u6731\u529b\u6b50", "playerNameEN": "Giulio Maggiore", "homeaway": "Home"}, {"order": 5, "minutesElasped": "53", "actionType": "YellowCard", "playerNameCH": "\u99ac\u5229\u8def\u592b\u65af\u57fa", "playerNameEN": "Ruslan Malinovskyi", "homeaway": "Away"}, {"order": 6, "minutesElasped": "57", "actionType": "YellowCard", "playerNameCH": "\u8cbb\u5967\u62ff", "playerNameEN": "Remo Freuler", "homeaway": "Away"}, {"order": 7, "minutesElasped": "62", "actionType": "YellowCard", "playerNameCH": "\u8def\u723e\u65af\u6885\u5229\u723e", "playerNameEN": "Luis Muriel", "homeaway": "Away"}, {"order": 8, "minutesElasped": "73", "actionType": "Regular", "playerNameCH": "\u8fea\u5360\u65af\u8fea", "playerNameEN": "Berat Djimsiti", "homeaway": "Away"}, {"order": 9, "minutesElasped": "87", "actionType": "Regular", "playerNameCH": "\u67cf\u6c99\u6b77", "playerNameEN": "Mario Pasalic", "homeaway": "Away"}]}, "accumulatedscore": [{"periodvalue": "FirstHalf", "periodstatus": "ResultFinal", "home": "1", "away": "1"}, {"periodvalue": "SecondHalf", "periodstatus": "Interim", "home": "1", "away": "3"}], "livescore": {"home": "1", "away": "3"}, "cornerresult": "-1", "hasWebTV": false, "hasOdds": false, "chlodds": {"LINELIST": [{"LINENUM": "1", "MAINLINE": "true", "LINESTATUS": "1", "LINEORDER": "1", "LINE": "4.5/4.5", "H": "100@4.30", "L": "100@1.17"}], "ID": "7cfca62b-bcb5-4fd7-9472-b1aa89dd254e", "POOLSTATUS": "FinalStopSell", "ET": "0", "INPLAY": "true", "ALLUP": "true", "Cur": "1"}, "hasExtraTimePools": false, "results": {}, "definedPools": ["HAD", "FHA", "CRS", "FCS", "FTS", "OOE", "TTG", "HFT", "HHA", "HDC", "HIL", "FHL", "CHL", "NTS"], "inplayPools": ["HAD", "FHA", "HIL", "CHL", "CRS", "FCS", "NTS"]}, {"matchID": "43193f7e-c286-47d6-9f94-9a233679ebe1", "matchIDinofficial": "20220508SUN25", "matchNum": "25", "matchDate": "2022-05-08+08:00", "matchDay": "SUN", "coupon": {"couponID": "2", "couponShortName": "SUN", "couponNameCH": "\u5468\u65e5\u8cfd\u4e8b", "couponNameEN": "Sunday Matches"}, "league": {"leagueID": "14", "leagueShortName": "FFL", "leagueNameCH": "\u6cd5\u570b\u7532\u7d44\u806f\u8cfd", "leagueNameEN": "French Division 1"}, "homeTeam": {"teamID": "214", "teamNameCH": "\u6885\u65af", "teamNameEN": "Metz"}, "awayTeam": {"teamID": "88", "teamNameCH": "\u91cc\u6602", "teamNameEN": "Lyon"}, "matchStatus": "ResultIn", "matchTime": "2022-05-08T19:00:00+08:00", "statuslastupdated": "2022-05-08T20:16:33+08:00", "inplaydelay": "true", "channel": [{"order": 1, "channelID": "639", "channelNameCH": "NOW 639 \u53f0", "channelNameEN": "NOW 639"}], "liveEvent": {"ilcLiveDisplay": true, "hasLiveInfo": true, "isIncomplete": false, "matchIDbetradar": "27885396", "matchstate": "SecondHalf", "stateTS": "2022-05-08T20:04:26+08:00", "liveevent": [{"order": 1, "minutesElasped": "26", "actionType": "Regular", "playerNameCH": "\u7dad\u8f9b\u8fea\u67cf\u7956\u7279", "playerNameEN": "Vincent Pajot", "homeaway": "Home"}, {"order": 2, "minutesElasped": "40", "actionType": "Regular", "playerNameCH": "\u8fea\u514b", "playerNameEN": "Didier Lamkel Ze", "homeaway": "Home"}, {"order": 3, "minutesElasped": "43", "actionType": "Regular", "playerNameCH": "\u7a46\u6c99\u8fea\u6bd4\u5229", "playerNameEN": "Moussa Dembele", "homeaway": "Away"}]}, "accumulatedscore": [{"periodvalue": "FirstHalf", "periodstatus": "ResultFinal", "home": "2", "away": "1"}, {"periodvalue": "SecondHalf", "periodstatus": "Interim", "home": "", "away": ""}], "livescore": {"home": "2", "away": "1"}, "cornerresult": "7", "hasWebTV": false, "hasOdds": false, "chlodds": {"LINELIST": [{"LINENUM": "1", "MAINLINE": "true", "LINESTATUS": "1", "LINEORDER": "1", "LINE": "10.5/10.5", "L": "100@1.58", "H": "100@2.22"}, {"LINENUM": "2", "MAINLINE": "false", "LINESTATUS": "1", "LINEORDER": "2", "LINE": "11.5/11.5", "L": "100@1.23", "H": "100@3.65"}], "ID": "7c229e76-cf56-4096-8340-23519f3fa76f", "POOLSTATUS": "Selling", "ET": "0", "INPLAY": "true", "ALLUP": "true", "Cur": "1"}, "hasExtraTimePools": false, "results": {}, "definedPools": ["HAD", "FHA", "CRS", "FCS", "FTS", "OOE", "TTG", "HFT", "HHA", "HDC", "HIL", "FHL", "CHL", "NTS"], "inplayPools": ["HAD", "FHA", "HIL", "CHL", "CRS", "FCS", "NTS"]}, {"matchID": "ba634bd6-2e42-47b2-b3e8-98efa4c776d8", "matchIDinofficial": "20220508SUN31", "matchNum": "31", "matchDate": "2022-05-08+08:00", "matchDay": "SUN", "coupon": {"couponID": "2", "couponShortName": "SUN", "couponNameCH": "\u5468\u65e5\u8cfd\u4e8b", "couponNameEN": "Sunday Matches"}, "league": {"leagueID": "4", "leagueShortName": "SFL", "leagueNameCH": "\u897f\u73ed\u7259\u7532\u7d44\u806f\u8cfd", "leagueNameEN": "Spanish Division 1"}, "homeTeam": {"teamID": "348", "teamNameCH": "\u57fa\u9054\u83f2", "teamNameEN": "Getafe"}, "awayTeam": {"teamID": "863", "teamNameCH": "\u83ef\u6b77\u7c21\u5974", "teamNameEN": "Vallecano"}, "matchStatus": "Closed", "matchTime": "2022-05-08T20:00:00+08:00", "statuslastupdated": "2022-05-08T20:01:10+08:00", "inplaydelay": "true", "channel": [{"order": 1, "channelID": "632", "channelNameCH": "NOW 632\u53f0", "channelNameEN": "NOW 632"}], "liveEvent": {"ilcLiveDisplay": true, "hasLiveInfo": true, "isIncomplete": false, "matchIDbetradar": "27965856", "matchstate": "FirstHalf", "stateTS": "2022-05-08T20:01:10+08:00", "liveevent": []}, "accumulatedscore": [{"periodvalue": "FirstHalf", "periodstatus": "Started", "home": "", "away": ""}], "livescore": {"home": "0", "away": "0"}, "cornerresult": "1", "hasWebTV": false, "hasOdds": false, "chlodds": {"LINELIST": [{"LINENUM": "1", "MAINLINE": "true", "LINESTATUS": "1", "LINEORDER": "1", "LINE": "7.5/7.5", "L": "100@1.75", "H": "100@1.95"}, {"LINENUM": "2", "MAINLINE": "false", "LINESTATUS": "1", "LINEORDER": "2", "LINE": "8.5/8.5", "L": "100@1.41", "H": "100@2.68"}], "ID": "946de567-b832-48d7-b80d-32bfea1f19c0", "POOLSTATUS": "Selling", "ET": "0", "INPLAY": "true", "ALLUP": "true", "Cur": "1"}, "hasExtraTimePools": false, "results": {}, "definedPools": ["HAD", "FHA", "CRS", "FCS", "FTS", "OOE", "TTG", "HFT", "HHA", "HDC", "HIL", "FHL", "CHL", "NTS"], "inplayPools": ["HAD", "FHA", "HIL", "CHL", "CRS", "FCS", "NTS"]}]