[{"matchID": "d1e19cac-d5b5-4d29-a3cf-5cef3b812fa1", "matchIDinofficial": "20220416SAT5", "matchNum": "5", "matchDate": "2022-04-16+08:00", "matchDay": "SAT", "coupon": {"couponID": "1", "couponShortName": "SAT", "couponNameCH": "\u5468\u516d\u8cfd\u4e8b", "couponNameEN": "Saturday Matches"}, "league": {"leagueID": "89", "leagueShortName": "AD1", "leagueNameCH": "\u6fb3\u6d32\u8077\u696d\u806f\u8cfd", "leagueNameEN": "Australian Division 1"}, "homeTeam": {"teamID": "3270", "teamNameCH": "\u897f\u90e8\u806f", "teamNameEN": "Western Utd"}, "awayTeam": {"teamID": "1155", "teamNameCH": "\u73c0\u65af\u5149\u8f1d", "teamNameEN": "Perth Glory"}, "matchStatus": "ResultIn", "matchTime": "2022-04-16T15:05:00+08:00", "statuslastupdated": "2022-04-16T16:52:14+08:00", "inplaydelay": "true", "neutralgroundvenue": {"neutralgroundvenueNameCH": "\u5854\u65af\u66fc\u5c3c\u4e9e\u6717\u585e\u65af\u9813UTAS\u9ad4\u80b2\u9928", "neutralgroundvenueNameEN": "UTAS Stadium, Launceston, Tasmania"}, "channel": [{"order": 1, "channelID": "85", "channelNameCH": "\u7121\u7dda85\u53f0", "channelNameEN": "TVB 85"}], "liveEvent": {"ilcLiveDisplay": true, "hasLiveInfo": true, "isIncomplete": false, "matchIDbetradar": "30903617", "matchstate": "SecondHalf", "stateTS": "2022-04-16T16:10:12+08:00", "liveevent": [{"order": 1, "minutesElasped": "25", "actionType": "Regular", "playerNameCH": "\u62c9\u6cbb\u862d\u5a01\u723e\u65af", "playerNameEN": "Lachlan Wales", "homeaway": "Home"}, {"order": 2, "minutesElasped": "27", "actionType": "Regular", "playerNameCH": "\u62c9\u6cbb\u862d\u5a01\u723e\u65af", "playerNameEN": "Lachlan Wales", "homeaway": "Home"}, {"order": 3, "minutesElasped": "32", "actionType": "YellowCard", "playerNameCH": "\u79d1\u5229, \u4f50\u4e39\u5974", "playerNameEN": "Giordano Colli", "homeaway": "Away"}, {"order": 4, "minutesElasped": "34", "actionType": "Regular", "playerNameCH": "\u6d3e\u5229\u4e9e\u65af", "playerNameEN": "Dylan Pierias", "homeaway": "Home"}, {"order": 5, "minutesElasped": "45", "actionType": "Regular", "playerNameCH": "\u62c9\u6cbb\u862d\u5a01\u723e\u65af", "playerNameEN": "Lachlan Wales", "homeaway": "Home"}, {"order": 6, "minutesElasped": "52", "actionType": "Penalty", "playerNameCH": "\u963f\u6b77\u5c71\u5927\u6bd4\u7956\u57df", "playerNameEN": "Aleksandar Prijovic", "homeaway": "Home"}, {"order": 7, "minutesElasped": "83", "actionType": "Regular", "playerNameCH": "\u96f2\u7d20\u8cc0\u723e\u65af", "playerNameEN": "Dylan Wenzel-Halls", "homeaway": "Home"}]}, "accumulatedscore": [{"periodvalue": "FirstHalf", "periodstatus": "ResultFinal", "home": "4", "away": "0"}, {"periodvalue": "SecondHalf", "periodstatus": "Interim", "home": "6", "away": "0"}], "livescore": {"home": "6", "away": "0"}, "cornerresult": "5", "hasWebTV": false, "hasOdds": false, "chlodds": {"LINELIST": [{"LINENUM": "1", "MAINLINE": "true", "LINESTATUS": "1", "LINEORDER": "1", "LINE": "6.5/6.5", "H": "100@5.55", "L": "100@1.10"}], "ID": "177585bd-92c5-4da1-9cb9-c1cc45f65cbe", "POOLSTATUS": "Selling", "ET": "0", "INPLAY": "true", "ALLUP": "true", "Cur": "1"}, "hasExtraTimePools": false, "results": {}, "definedPools": ["HAD", "FHA", "CRS", "FCS", "FTS", "OOE", "TTG", "HFT", "HHA", "HDC", "HIL", "FHL", "CHL", "NTS"], "inplayPools": ["HAD", "FHA", "HIL", "CHL", "CRS", "FCS", "NTS"], "dhc": {"LEG1": "SAT 5", "LEG1ID": "d1e19cac-d5b5-4d29-a3cf-5cef3b812fa1", "LEG2": "SAT 7", "LEG2ID": "0bff5bea-68ff-4074-bb14-1aa3793083e0", "ITEM": "1"}}]