[{"matchID": "f794575f-9f0e-4757-a47c-8c6daa0737f8", "matchIDinofficial": "20220424SUN7", "matchNum": "7", "matchDate": "2022-04-24+08:00", "matchDay": "SUN", "coupon": {"couponID": "2", "couponShortName": "SUN", "couponNameCH": "\u5468\u65e5\u8cfd\u4e8b", "couponNameEN": "Sunday Matches"}, "league": {"leagueID": "2", "leagueShortName": "ISA", "leagueNameCH": "\u610f\u5927\u5229\u7532\u7d44\u806f\u8cfd", "leagueNameEN": "Italian Division 1"}, "homeTeam": {"teamID": "1186", "teamNameCH": "\u6c99\u862d\u529b\u5766\u62ff", "teamNameEN": "Salernitana"}, "awayTeam": {"teamID": "342", "teamNameCH": "\u8cbb\u502b\u5929\u62ff", "teamNameEN": "Fiorentina"}, "matchStatus": "ResultIn", "matchTime": "2022-04-24T18:30:00+08:00", "statuslastupdated": "2022-04-24T19:17:39+08:00", "inplaydelay": "true", "channel": [{"order": 1, "channelID": "638", "channelNameCH": "NOW 638\u53f0", "channelNameEN": "NOW 638"}], "liveEvent": {"ilcLiveDisplay": true, "hasLiveInfo": true, "isIncomplete": false, "matchIDbetradar": "28160502", "matchstate": "FirstHalf", "stateTS": "2022-04-24T18:35:09+08:00", "liveevent": [{"order": 1, "minutesElasped": "9", "actionType": "Regular", "playerNameCH": "\u7c73\u862d\u8fea\u7956\u932b", "playerNameEN": "Milan Djuric", "homeaway": "Home"}, {"order": 2, "minutesElasped": "22", "actionType": "YellowCard", "playerNameCH": "\u6d1b\u62d4\u57fa\u5b89\u5df4", "playerNameEN": "Norbert Gyomber", "homeaway": "Home"}]}, "accumulatedscore": [{"periodvalue": "FirstHalf", "periodstatus": "Interim", "home": "1", "away": "0"}], "livescore": {"home": "1", "away": "0"}, "cornerresult": "9", "hasWebTV": false, "hasOdds": false, "chlodds": {"LINELIST": [{"LINENUM": "1", "MAINLINE": "true", "LINESTATUS": "1", "LINEORDER": "1", "LINE": "14.5/14.5", "H": "100@1.68", "L": "100@2.05"}, {"LINENUM": "2", "MAINLINE": "false", "LINESTATUS": "1", "LINEORDER": "2", "LINE": "15.5/15.5", "L": "100@1.56", "H": "100@2.27"}], "ID": "3d5842c0-e1b0-4a76-88e2-973bcf1d667c", "POOLSTATUS": "Selling", "ET": "0", "INPLAY": "true", "ALLUP": "true", "Cur": "1"}, "hasExtraTimePools": false, "results": {}, "definedPools": ["HAD", "FHA", "CRS", "FCS", "FTS", "OOE", "TTG", "HFT", "HHA", "HDC", "HIL", "FHL", "CHL", "NTS"], "inplayPools": ["HAD", "FHA", "HIL", "CHL", "CRS", "FCS", "NTS"]}, {"matchID": "e60db5cc-753d-49ce-bedd-788e21324ffe", "matchIDinofficial": "20220424SUN8", "matchNum": "8", "matchDate": "2022-04-24+08:00", "matchDay": "SUN", "coupon": {"couponID": "2", "couponShortName": "SUN", "couponNameCH": "\u5468\u65e5\u8cfd\u4e8b", "couponNameEN": "Sunday Matches"}, "league": {"leagueID": "14", "leagueShortName": "FFL", "leagueNameCH": "\u6cd5\u570b\u7532\u7d44\u806f\u8cfd", "leagueNameEN": "French Division 1"}, "homeTeam": {"teamID": "219", "teamNameCH": "\u96f7\u6069", "teamNameEN": "Rennes"}, "awayTeam": {"teamID": "767", "teamNameCH": "\u7f85\u9023\u5b89\u7279", "teamNameEN": "Lorient"}, "matchStatus": "ResultIn", "matchTime": "2022-04-24T19:00:00+08:00", "statuslastupdated": "2022-04-24T19:20:44+08:00", "inplaydelay": "true", "channel": [{"order": 1, "channelID": "639", "channelNameCH": "NOW 639 \u53f0", "channelNameEN": "NOW 639"}], "liveEvent": {"ilcLiveDisplay": true, "hasLiveInfo": true, "isIncomplete": false, "matchIDbetradar": "27885362", "matchstate": "FirstHalf", "stateTS": "2022-04-24T19:00:07+08:00", "liveevent": [{"order": 1, "minutesElasped": "17", "actionType": "Regular", "playerNameCH": "\u4fdd\u5217\u57fa\u5967\u7279", "playerNameEN": "Benjamin Bourigeaud", "homeaway": "Home"}, {"order": 2, "minutesElasped": "19", "actionType": "Regular", "playerNameCH": "\u99ac\u7530\u6cf0\u5229\u4e9e", "playerNameEN": "Martin Terrier", "homeaway": "Home"}]}, "accumulatedscore": [{"periodvalue": "FirstHalf", "periodstatus": "Interim", "home": "2", "away": "0"}], "livescore": {"home": "2", "away": "0"}, "cornerresult": "0", "hasWebTV": false, "hasOdds": false, "chlodds": {"LINELIST": [{"LINENUM": "1", "MAINLINE": "true", "LINESTATUS": "1", "LINEORDER": "1", "LINE": "7.5/7.5", "L": "100@1.70", "H": "100@2.02"}, {"LINENUM": "2", "MAINLINE": "false", "LINESTATUS": "1", "LINEORDER": "2", "LINE": "8.5/8.5", "L": "100@1.39", "H": "100@2.75"}], "ID": "ffec0c07-a33b-4ac8-a023-29b308ab01af", "POOLSTATUS": "Selling", "ET": "0", "INPLAY": "true", "ALLUP": "true", "Cur": "1"}, "hasExtraTimePools": false, "results": {}, "definedPools": ["HAD", "FHA", "CRS", "FCS", "FTS", "OOE", "TTG", "HFT", "HHA", "HDC", "HIL", "FHL", "CHL", "NTS"], "inplayPools": ["HAD", "FHA", "HIL", "CHL", "CRS", "FCS", "NTS"]}, {"matchID": "da0153bd-e9db-4362-a8e5-9647d02872c0", "matchIDinofficial": "20220424SUN9", "matchNum": "9", "matchDate": "2022-04-24+08:00", "matchDay": "SUN", "coupon": {"couponID": "2", "couponShortName": "SUN", "couponNameCH": "\u5468\u65e5\u8cfd\u4e8b", "couponNameEN": "Sunday Matches"}, "league": {"leagueID": "90", "leagueShortName": "ACL", "leagueNameCH": "\u4e9e\u6d32\u806f\u8cfd\u51a0\u8ecd\u76c3", "leagueNameEN": "Asian Champions League"}, "homeTeam": {"teamID": "555", "teamNameCH": "\u6d66\u548c\u7d05\u947d", "teamNameEN": "Urawa Reds"}, "awayTeam": {"teamID": "1100", "teamNameCH": "FC\u5927\u90b1", "teamNameEN": "Daegu FC"}, "matchStatus": "Closed", "matchTime": "2022-04-24T19:00:00+08:00", "statuslastupdated": "2022-04-24T19:00:17+08:00", "inplaydelay": "true", "neutralgroundvenue": {"neutralgroundvenueNameCH": "\u6cf0\u570b\u6b66\u91cc\u5357\u9ad4\u80b2\u5834", "neutralgroundvenueNameEN": "Khao Kradong Stadium, Buriram, Thailand"}, "channel": [{"order": 1, "channelID": "ES", "channelNameCH": "ElevenSports", "channelNameEN": "ElevenSports"}], "liveEvent": {"ilcLiveDisplay": true, "hasLiveInfo": true, "isIncomplete": false, "matchIDbetradar": "32307331", "matchstate": "FirstHalf", "stateTS": "2022-04-24T19:00:17+08:00", "liveevent": [{"order": 1, "minutesElasped": "2", "actionType": "YellowCard", "playerNameCH": "\u91d1\u93ae\u7200", "playerNameEN": "Kim Jin-hyeok", "homeaway": "Away"}, {"order": 2, "minutesElasped": "9", "actionType": "YellowCard", "playerNameCH": "", "playerNameEN": "Hwang Jae-won", "homeaway": "Away"}]}, "accumulatedscore": [{"periodvalue": "FirstHalf", "periodstatus": "Started", "home": "", "away": ""}], "livescore": {"home": "0", "away": "0"}, "cornerresult": "3", "hasWebTV": false, "hasOdds": false, "chlodds": {"LINELIST": [{"LINENUM": "2", "MAINLINE": "false", "LINESTATUS": "1", "LINEORDER": "2", "LINE": "11.5/11.5", "H": "100@2.80", "L": "100@1.38"}, {"LINENUM": "1", "MAINLINE": "true", "LINESTATUS": "1", "LINEORDER": "1", "LINE": "10.5/10.5", "L": "100@1.68", "H": "100@2.05"}], "ID": "7a68509c-1f15-4cd7-9c1a-555902469a28", "POOLSTATUS": "Selling", "ET": "0", "INPLAY": "true", "ALLUP": "true", "Cur": "1"}, "hasExtraTimePools": false, "results": {}, "definedPools": ["HAD", "FHA", "CRS", "FCS", "FTS", "OOE", "TTG", "HFT", "HHA", "HDC", "HIL", "FHL", "CHL", "NTS"], "inplayPools": ["HAD", "FHA", "HIL", "CHL", "CRS", "FCS", "NTS"]}]