[{"matchID": "313e6669-13bb-4f87-9f1f-7b0c448be219", "matchIDinofficial": "20220424SUN20", "matchNum": "20", "matchDate": "2022-04-24+08:00", "matchDay": "SUN", "coupon": {"couponID": "2", "couponShortName": "SUN", "couponNameCH": "\u5468\u65e5\u8cfd\u4e8b", "couponNameEN": "Sunday Matches"}, "league": {"leagueID": "1", "leagueShortName": "EPL", "leagueNameCH": "\u82f1\u683c\u862d\u8d85\u7d1a\u806f\u8cfd", "leagueNameEN": "Eng Premier"}, "homeTeam": {"teamID": "7", "teamNameCH": "\u8eca\u8def\u58eb", "teamNameEN": "Chelsea"}, "awayTeam": {"teamID": "185", "teamNameCH": "\u97cb\u65af\u54b8", "teamNameEN": "West Ham"}, "matchStatus": "ResultIn", "matchTime": "2022-04-24T21:00:00+08:00", "statuslastupdated": "2022-04-24T22:20:17+08:00", "inplaydelay": "true", "channel": [{"order": 1, "channelID": "621", "channelNameCH": "NOW 621\u53f0", "channelNameEN": "NOW 621"}], "liveEvent": {"ilcLiveDisplay": true, "hasLiveInfo": true, "isIncomplete": false, "matchIDbetradar": "27751720", "matchstate": "SecondHalf", "stateTS": "2022-04-24T22:04:14+08:00", "liveevent": []}, "accumulatedscore": [{"periodvalue": "FirstHalf", "periodstatus": "ResultFinal", "home": "0", "away": "0"}, {"periodvalue": "SecondHalf", "periodstatus": "Interim", "home": "", "away": ""}], "livescore": {"home": "0", "away": "0"}, "cornerresult": "2", "hasWebTV": false, "hasOdds": false, "chlodds": {"LINELIST": [{"LINENUM": "1", "MAINLINE": "true", "LINESTATUS": "1", "LINEORDER": "1", "LINE": "4.5/4.5", "L": "100@1.58", "H": "100@2.22"}, {"LINENUM": "2", "MAINLINE": "false", "LINESTATUS": "1", "LINEORDER": "2", "LINE": "5.5/5.5", "H": "100@4.05", "L": "100@1.19"}], "ID": "3b09563e-6a31-4338-8e45-9149610197e7", "POOLSTATUS": "Selling", "ET": "0", "INPLAY": "true", "ALLUP": "true", "Cur": "1"}, "hasExtraTimePools": false, "results": {}, "definedPools": ["HAD", "FHA", "CRS", "FCS", "FTS", "OOE", "TTG", "HFT", "HHA", "HDC", "HIL", "FHL", "CHL", "NTS"], "inplayPools": ["HAD", "FHA", "HIL", "CHL", "CRS", "FCS", "NTS"]}, {"matchID": "d9db5e86-8eec-4969-a78e-f1496a673cde", "matchIDinofficial": "20220424SUN21", "matchNum": "21", "matchDate": "2022-04-24+08:00", "matchDay": "SUN", "coupon": {"couponID": "2", "couponShortName": "SUN", "couponNameCH": "\u5468\u65e5\u8cfd\u4e8b", "couponNameEN": "Sunday Matches"}, "league": {"leagueID": "1", "leagueShortName": "EPL", "leagueNameCH": "\u82f1\u683c\u862d\u8d85\u7d1a\u806f\u8cfd", "leagueNameEN": "Eng Premier"}, "homeTeam": {"teamID": "193", "teamNameCH": "\u822c\u5c3c", "teamNameEN": "Burnley"}, "awayTeam": {"teamID": "20", "teamNameCH": "\u72fc\u968a", "teamNameEN": "Wolves"}, "matchStatus": "ResultIn", "matchTime": "2022-04-24T21:00:00+08:00", "statuslastupdated": "2022-04-24T22:25:19+08:00", "inplaydelay": "true", "channel": [{"order": 1, "channelID": "622", "channelNameCH": "NOW 622\u53f0", "channelNameEN": "NOW 622"}], "liveEvent": {"ilcLiveDisplay": true, "hasLiveInfo": true, "isIncomplete": false, "matchIDbetradar": "27751718", "matchstate": "SecondHalf", "stateTS": "2022-04-24T22:02:32+08:00", "liveevent": [{"order": 1, "minutesElasped": "33", "actionType": "YellowCard", "playerNameCH": "\u99ac\u8fea\u7dad\u9054", "playerNameEN": "Matej Vydra", "homeaway": "Home"}, {"order": 2, "minutesElasped": "62", "actionType": "Regular", "playerNameCH": "\u99ac\u8fea\u7dad\u9054", "playerNameEN": "Matej Vydra", "homeaway": "Home"}]}, "accumulatedscore": [{"periodvalue": "FirstHalf", "periodstatus": "ResultFinal", "home": "0", "away": "0"}, {"periodvalue": "SecondHalf", "periodstatus": "Interim", "home": "1", "away": "0"}], "livescore": {"home": "1", "away": "0"}, "cornerresult": "6", "hasWebTV": false, "hasOdds": false, "chlodds": {"LINELIST": [{"LINENUM": "2", "MAINLINE": "false", "LINESTATUS": "1", "LINEORDER": "2", "LINE": "9.5/9.5", "H": "100@4.05", "L": "100@1.19"}, {"LINENUM": "1", "MAINLINE": "true", "LINESTATUS": "1", "LINEORDER": "1", "LINE": "8.5/8.5", "H": "100@2.19", "L": "100@1.60"}], "ID": "40ed9a3f-d09d-4827-b756-28e492c9aa1b", "POOLSTATUS": "Selling", "ET": "0", "INPLAY": "true", "ALLUP": "true", "Cur": "1"}, "hasExtraTimePools": false, "results": {}, "definedPools": ["HAD", "FHA", "CRS", "FCS", "FTS", "OOE", "TTG", "HFT", "HHA", "HDC", "HIL", "FHL", "CHL", "NTS"], "inplayPools": ["HAD", "FHA", "HIL", "CHL", "CRS", "FCS", "NTS"]}, {"matchID": "4573be2f-417b-494b-8b93-1e3b7c1f9e59", "matchIDinofficial": "20220424SUN22", "matchNum": "22", "matchDate": "2022-04-24+08:00", "matchDay": "SUN", "coupon": {"couponID": "2", "couponShortName": "SUN", "couponNameCH": "\u5468\u65e5\u8cfd\u4e8b", "couponNameEN": "Sunday Matches"}, "league": {"leagueID": "1", "leagueShortName": "EPL", "leagueNameCH": "\u82f1\u683c\u862d\u8d85\u7d1a\u806f\u8cfd", "leagueNameEN": "Eng Premier"}, "homeTeam": {"teamID": "175", "teamNameCH": "\u767d\u79ae\u9813", "teamNameEN": "Brighton"}, "awayTeam": {"teamID": "18", "teamNameCH": "\u4fee\u54b8\u9813", "teamNameEN": "Southampton"}, "matchStatus": "ResultIn", "matchTime": "2022-04-24T21:00:00+08:00", "statuslastupdated": "2022-04-24T22:29:10+08:00", "inplaydelay": "true", "channel": [{"order": 1, "channelID": "623", "channelNameCH": "NOW 623\u53f0", "channelNameEN": "NOW 623"}], "liveEvent": {"ilcLiveDisplay": true, "hasLiveInfo": true, "isIncomplete": false, "matchIDbetradar": "27751716", "matchstate": "SecondHalf", "stateTS": "2022-04-24T22:06:26+08:00", "liveevent": [{"order": 1, "minutesElasped": "2", "actionType": "Regular", "playerNameCH": "\u97cb\u78a7\u514b", "playerNameEN": "Danny Welbeck", "homeaway": "Home"}, {"order": 2, "minutesElasped": "44", "actionType": "OwnGoal", "playerNameCH": "\u7a46\u7f55\u9ed8\u5fb7\u6c99\u5229\u7d20", "playerNameEN": "Mohammed Salisu", "homeaway": "Home"}, {"order": 3, "minutesElasped": "45", "actionType": "YellowCard", "playerNameCH": "\u53e4\u53e4\u5217\u62ff", "playerNameEN": "Marc Cucurella", "homeaway": "Home"}, {"order": 4, "minutesElasped": "45", "actionType": "Regular", "playerNameCH": "\u79be\u7279\u666e\u65af", "playerNameEN": "James Ward Prowse", "homeaway": "Away"}, {"order": 5, "minutesElasped": "54", "actionType": "Regular", "playerNameCH": "\u79be\u7279\u666e\u65af", "playerNameEN": "James Ward Prowse", "homeaway": "Away"}]}, "accumulatedscore": [{"periodvalue": "FirstHalf", "periodstatus": "ResultFinal", "home": "2", "away": "1"}, {"periodvalue": "SecondHalf", "periodstatus": "Interim", "home": "2", "away": "2"}], "livescore": {"home": "2", "away": "2"}, "cornerresult": "10", "hasWebTV": false, "hasOdds": false, "chlodds": {"LINELIST": [{"LINENUM": "1", "MAINLINE": "true", "LINESTATUS": "1", "LINEORDER": "1", "LINE": "12.5/12.5", "H": "100@1.66", "L": "100@2.08"}, {"LINENUM": "2", "MAINLINE": "false", "LINESTATUS": "1", "LINEORDER": "2", "LINE": "13.5/13.5", "L": "100@1.41", "H": "100@2.68"}], "ID": "a73087c9-c2d7-4f40-97c0-1b7c0770579d", "POOLSTATUS": "Selling", "ET": "0", "INPLAY": "true", "ALLUP": "true", "Cur": "1"}, "hasExtraTimePools": false, "results": {}, "definedPools": ["HAD", "FHA", "CRS", "FCS", "FTS", "OOE", "TTG", "HFT", "HHA", "HDC", "HIL", "FHL", "CHL", "NTS"], "inplayPools": ["HAD", "FHA", "HIL", "CHL", "CRS", "FCS", "NTS"]}, {"matchID": "b10cb7a5-105c-4db9-be5f-c28fcc881a38", "matchIDinofficial": "20220424SUN37", "matchNum": "37", "matchDate": "2022-04-24+08:00", "matchDay": "SUN", "coupon": {"couponID": "2", "couponShortName": "SUN", "couponNameCH": "\u5468\u65e5\u8cfd\u4e8b", "couponNameEN": "Sunday Matches"}, "league": {"leagueID": "90", "leagueShortName": "ACL", "leagueNameCH": "\u4e9e\u6d32\u806f\u8cfd\u51a0\u8ecd\u76c3", "leagueNameEN": "Asian Champions League"}, "homeTeam": {"teamID": "2493", "teamNameCH": "\u67d4\u4f5bDT", "teamNameEN": "Johor DT"}, "awayTeam": {"teamID": "548", "teamNameCH": "\u5ddd\u5d0e\u524d\u92d2", "teamNameEN": "Kawasaki Frontale"}, "matchStatus": "ResultIn", "matchTime": "2022-04-24T22:00:00+08:00", "statuslastupdated": "2022-04-24T22:26:13+08:00", "inplaydelay": "true", "channel": [{"order": 1, "channelID": "ES", "channelNameCH": "ElevenSports", "channelNameEN": "ElevenSports"}], "liveEvent": {"ilcLiveDisplay": true, "hasLiveInfo": true, "isIncomplete": false, "matchIDbetradar": "32307539", "matchstate": "FirstHalf", "stateTS": "2022-04-24T22:00:42+08:00", "liveevent": [{"order": 1, "minutesElasped": "12", "actionType": "YellowCard", "playerNameCH": "\u6885\u91cc\u65af\u5967\u7576\u5c3c\u932b\u8fea", "playerNameEN": "Mauricio", "homeaway": "Home"}, {"order": 2, "minutesElasped": "14", "actionType": "Regular", "playerNameCH": "\u8107\u5742\u6cf0\u6597", "playerNameEN": "Yasuto Wakizaka", "homeaway": "Away"}, {"order": 3, "minutesElasped": "24", "actionType": "YellowCard", "playerNameCH": "\u963f\u83f2\u514b, \u7a46\u7f55\u9ed8\u5fb7", "playerNameEN": "Afiq Fazail", "homeaway": "Home"}]}, "accumulatedscore": [{"periodvalue": "FirstHalf", "periodstatus": "Interim", "home": "0", "away": "1"}], "livescore": {"home": "0", "away": "1"}, "cornerresult": "0", "hasWebTV": false, "hasOdds": false, "chlodds": {"LINELIST": [{"LINENUM": "2", "MAINLINE": "false", "LINESTATUS": "1", "LINEORDER": "2", "LINE": "6.5/6.5", "H": "100@2.13", "L": "100@1.63"}, {"LINENUM": "1", "MAINLINE": "true", "LINESTATUS": "1", "LINEORDER": "1", "LINE": "5.5/5.5", "H": "100@1.66", "L": "100@2.08"}], "ID": "a2e2b9fe-07c2-4862-95e3-34dad64f8d2c", "POOLSTATUS": "Selling", "ET": "0", "INPLAY": "true", "ALLUP": "true", "Cur": "1"}, "hasExtraTimePools": false, "results": {}, "definedPools": ["HAD", "FHA", "CRS", "FCS", "FTS", "OOE", "TTG", "HFT", "HHA", "HDC", "HIL", "FHL", "CHL", "NTS"], "inplayPools": ["HAD", "FHA", "HIL", "CHL", "CRS", "FCS", "NTS"]}]