[{"matchID": "feda7d7f-9371-4834-8b48-40e531dc4306", "matchIDinofficial": "20220427WED47", "matchNum": "47", "matchDate": "2022-04-27+08:00", "matchDay": "WED", "coupon": {"couponID": "5", "couponShortName": "WED", "couponNameCH": "\u5468\u4e09\u8cfd\u4e8b", "couponNameEN": "Wednesday Matches"}, "league": {"leagueID": "100", "leagueShortName": "CNC", "leagueNameCH": "\u4e2d\u5317\u7f8e\u6d32\u51a0\u8ecd\u76c3", "leagueNameEN": "Central and North American Cup"}, "homeTeam": {"teamID": "1780", "teamNameCH": "\u666e\u99ac\u65af", "teamNameEN": "Pumas UNAM"}, "awayTeam": {"teamID": "1230", "teamNameCH": "\u897f\u96c5\u5716\u6d77\u7063\u8005", "teamNameEN": "Seattle Sounders"}, "matchStatus": "ResultIn", "matchTime": "2022-04-28T10:30:00+08:00", "statuslastupdated": "2022-04-28T11:54:29+08:00", "inplaydelay": "true", "channel": [{"order": 1, "channelID": "YT", "channelNameCH": "YouTube", "channelNameEN": "YouTube"}], "liveEvent": {"ilcLiveDisplay": true, "hasLiveInfo": true, "isIncomplete": false, "matchIDbetradar": "33184715", "matchstate": "SecondHalf", "stateTS": "2022-04-28T11:43:43+08:00", "liveevent": [{"order": 1, "minutesElasped": "35", "actionType": "YellowCard", "playerNameCH": "\u9ad8\u7f8e\u65af\u5b89\u9054\u8fea", "playerNameEN": "Yeimar Gomez Andrade", "homeaway": "Away"}, {"order": 2, "minutesElasped": "38", "actionType": "Penalty", "playerNameCH": "\u8fea\u862d\u5974", "playerNameEN": "Juan Dinenno", "homeaway": "Home"}, {"order": 3, "minutesElasped": "48", "actionType": "Regular", "playerNameCH": "\u8fea\u862d\u5974", "playerNameEN": "Juan Dinenno", "homeaway": "Home"}]}, "accumulatedscore": [{"periodvalue": "FirstHalf", "periodstatus": "ResultFinal", "home": "1", "away": "0"}, {"periodvalue": "SecondHalf", "periodstatus": "Interim", "home": "2", "away": "0"}], "livescore": {"home": "2", "away": "0"}, "cornerresult": "7", "hasWebTV": false, "hasOdds": false, "chlodds": {"LINELIST": [{"LINENUM": "2", "MAINLINE": "false", "LINESTATUS": "1", "LINEORDER": "2", "LINE": "10.5/10.5", "H": "100@2.55", "L": "100@1.45"}, {"LINENUM": "1", "MAINLINE": "true", "LINESTATUS": "1", "LINEORDER": "1", "LINE": "9.5/9.5", "H": "100@1.71", "L": "100@2.01"}], "ID": "59506045-0c40-403b-83ed-76a1ac6580a1", "POOLSTATUS": "Selling", "ET": "0", "INPLAY": "true", "ALLUP": "true", "Cur": "1"}, "hasExtraTimePools": false, "results": {}, "definedPools": ["HAD", "FHA", "CRS", "FCS", "FTS", "OOE", "TTG", "HFT", "HHA", "HDC", "HIL", "FHL", "CHL", "NTS"], "inplayPools": ["HAD", "FHA", "HIL", "CHL", "CRS", "FCS", "NTS"]}]