[{"matchID": "15a7102f-03db-416d-bd16-262f1d92658a", "matchIDinofficial": "20220504WED13", "matchNum": "13", "matchDate": "2022-05-04+08:00", "matchDay": "WED", "coupon": {"couponID": "5", "couponShortName": "WED", "couponNameCH": "\u5468\u4e09\u8cfd\u4e8b", "couponNameEN": "Wednesday Matches"}, "league": {"leagueID": "89", "leagueShortName": "AD1", "leagueNameCH": "\u6fb3\u6d32\u8077\u696d\u806f\u8cfd", "leagueNameEN": "Australian Division 1"}, "homeTeam": {"teamID": "1154", "teamNameCH": "\u7d10\u5361\u7d20\u5674\u5c04\u6a5f", "teamNameEN": "Newcastle Jets"}, "awayTeam": {"teamID": "3270", "teamNameCH": "\u897f\u90e8\u806f", "teamNameEN": "Western Utd"}, "matchStatus": "ResultIn", "matchTime": "2022-05-04T17:05:00+08:00", "statuslastupdated": "2022-05-04T18:31:09+08:00", "inplaydelay": "true", "channel": [{"order": 1, "channelID": "MTS", "channelNameCH": "\u7121\u7dda myTV SUPER", "channelNameEN": "TVB myTV SUPER"}], "liveEvent": {"ilcLiveDisplay": true, "hasLiveInfo": true, "isIncomplete": false, "matchIDbetradar": "33300351", "matchstate": "SecondHalf", "stateTS": "2022-05-04T18:08:39+08:00", "liveevent": [{"order": 1, "minutesElasped": "27", "actionType": "Regular", "playerNameCH": "\u827e\u8fea\u7d20\u62dc\u8036", "playerNameEN": "Adisu Bayew", "homeaway": "Away"}, {"order": 2, "minutesElasped": "47", "actionType": "YellowCard", "playerNameCH": "\u4f50\u6566\u827e\u65af", "playerNameEN": "Jordan Elsey", "homeaway": "Home"}, {"order": 3, "minutesElasped": "52", "actionType": "Regular", "playerNameCH": "\u4f50\u6566\u827e\u65af", "playerNameEN": "Jordan Elsey", "homeaway": "Home"}, {"order": 4, "minutesElasped": "61", "actionType": "YellowCard", "playerNameCH": "\u73ed\u9813\u5a01\u723e\u905c", "playerNameEN": "Brandon Wilson", "homeaway": "Home"}]}, "accumulatedscore": [{"periodvalue": "FirstHalf", "periodstatus": "ResultFinal", "home": "0", "away": "1"}, {"periodvalue": "SecondHalf", "periodstatus": "Interim", "home": "1", "away": "1"}], "livescore": {"home": "1", "away": "1"}, "cornerresult": "14", "hasWebTV": false, "hasOdds": false, "chlodds": {"LINELIST": [{"LINENUM": "1", "MAINLINE": "true", "LINESTATUS": "1", "LINEORDER": "1", "LINE": "17.5/17.5", "L": "100@1.65", "H": "100@2.10"}, {"LINENUM": "2", "MAINLINE": "false", "LINESTATUS": "1", "LINEORDER": "2", "LINE": "18.5/18.5", "H": "100@3.40", "L": "100@1.26"}], "ID": "21eed6da-124e-4fd0-84b8-2024ddb3ef96", "POOLSTATUS": "Selling", "ET": "0", "INPLAY": "true", "ALLUP": "true", "Cur": "1"}, "hasExtraTimePools": false, "results": {}, "definedPools": ["HAD", "FHA", "CRS", "FCS", "FTS", "OOE", "TTG", "HFT", "HHA", "HDC", "HIL", "FHL", "CHL", "NTS"], "inplayPools": ["HAD", "FHA", "HIL", "CHL", "CRS", "FCS", "NTS"], "dhc": {"LEG1": "WED 13", "LEG1ID": "15a7102f-03db-416d-bd16-262f1d92658a", "LEG2": "WED 14", "LEG2ID": "3628b8f2-0583-47d0-aa3e-cfa047aff8fc", "ITEM": "1"}}]