[{"matchID": "070c9a54-4f6d-449f-be55-22ac629f8d62", "matchIDinofficial": "20220508SUN53", "matchNum": "53", "matchDate": "2022-05-08+08:00", "matchDay": "SUN", "coupon": {"couponID": "2", "couponShortName": "SUN", "couponNameCH": "\u5468\u65e5\u8cfd\u4e8b", "couponNameEN": "Sunday Matches"}, "league": {"leagueID": "1", "leagueShortName": "EPL", "leagueNameCH": "\u82f1\u683c\u862d\u8d85\u7d1a\u806f\u8cfd", "leagueNameEN": "Eng Premier"}, "homeTeam": {"teamID": "13", "teamNameCH": "\u66fc\u57ce", "teamNameEN": "Manchester City"}, "awayTeam": {"teamID": "17", "teamNameCH": "\u7d10\u5361\u7d20", "teamNameEN": "Newcastle"}, "matchStatus": "ResultIn", "matchTime": "2022-05-08T23:30:00+08:00", "statuslastupdated": "2022-05-09T00:50:35+08:00", "inplaydelay": "true", "channel": [{"order": 1, "channelID": "621", "channelNameCH": "NOW 621\u53f0", "channelNameEN": "NOW 621"}, {"order": 2, "channelID": "611", "channelNameCH": "NOW 611\u53f0", "channelNameEN": "NOW 611"}], "liveEvent": {"ilcLiveDisplay": true, "hasLiveInfo": true, "isIncomplete": false, "matchIDbetradar": "27751768", "matchstate": "SecondHalf", "stateTS": "2022-05-09T00:33:52+08:00", "liveevent": [{"order": 1, "minutesElasped": "19", "actionType": "Regular", "playerNameCH": "\u53f2\u9054\u5be7", "playerNameEN": "Raheem Sterling", "homeaway": "Home"}, {"order": 2, "minutesElasped": "31", "actionType": "YellowCard", "playerNameCH": "\u822c\u5974\u53e4\u99ac\u96f7\u65af", "playerNameEN": "Bruno Guimaraes", "homeaway": "Away"}, {"order": 3, "minutesElasped": "38", "actionType": "Regular", "playerNameCH": "\u62ff\u6a38\u8fea", "playerNameEN": "Aymeric Laporte", "homeaway": "Home"}, {"order": 4, "minutesElasped": "61", "actionType": "Regular", "playerNameCH": "\u6d1b\u8fea\u5361\u65af\u7c21\u8fea", "playerNameEN": "Rodri", "homeaway": "Home"}]}, "accumulatedscore": [{"periodvalue": "FirstHalf", "periodstatus": "ResultFinal", "home": "2", "away": "0"}, {"periodvalue": "SecondHalf", "periodstatus": "Interim", "home": "3", "away": "0"}], "livescore": {"home": "3", "away": "0"}, "cornerresult": "7", "hasWebTV": false, "hasOdds": false, "chlodds": {"LINELIST": [{"LINENUM": "2", "MAINLINE": "false", "LINESTATUS": "1", "LINEORDER": "2", "LINE": "10.5/10.5", "H": "100@2.45", "L": "100@1.48"}, {"LINENUM": "1", "MAINLINE": "true", "LINESTATUS": "1", "LINEORDER": "1", "LINE": "9.5/9.5", "H": "100@1.57", "L": "100@2.25"}], "ID": "828eb400-6471-4149-a264-0d9ab96cd4cb", "POOLSTATUS": "Selling", "ET": "0", "INPLAY": "true", "ALLUP": "true", "Cur": "1"}, "hasExtraTimePools": false, "results": {}, "definedPools": ["HAD", "FHA", "CRS", "FCS", "FTS", "OOE", "TTG", "HFT", "HHA", "HDC", "HIL", "FHL", "CHL", "NTS"], "inplayPools": ["HAD", "FHA", "HIL", "CHL", "CRS", "FCS", "NTS"]}, {"matchID": "76cfc1c4-89be-415d-a456-7b69c1d99880", "matchIDinofficial": "20220508SUN54", "matchNum": "54", "matchDate": "2022-05-08+08:00", "matchDay": "SUN", "coupon": {"couponID": "2", "couponShortName": "SUN", "couponNameCH": "\u5468\u65e5\u8cfd\u4e8b", "couponNameEN": "Sunday Matches"}, "league": {"leagueID": "3", "leagueShortName": "GSL", "leagueNameCH": "\u5fb7\u570b\u7532\u7d44\u806f\u8cfd", "leagueNameEN": "German Division 1"}, "homeTeam": {"teamID": "22", "teamNameCH": "\u62dc\u4ec1\u6155\u5c3c\u9ed1", "teamNameEN": "Bayern Munich"}, "awayTeam": {"teamID": "36", "teamNameCH": "\u53f2\u7279\u52a0", "teamNameEN": "Stuttgart"}, "matchStatus": "ResultIn", "matchTime": "2022-05-08T23:30:00+08:00", "statuslastupdated": "2022-05-09T00:42:54+08:00", "inplaydelay": "true", "channel": [{"order": 1, "channelID": "76", "channelNameCH": "\u9999\u6e2f\u570b\u969b\u8ca1\u7d93\u53f0", "channelNameEN": "Hong Kong International Business Channel"}, {"order": 2, "channelID": "C661", "channelNameCH": "\u6709\u7dda661\u53f0", "channelNameEN": "i-CABLE 661"}, {"order": 3, "channelID": "C601", "channelNameCH": "\u6709\u7dda601\u53f0", "channelNameEN": "i-CABLE 601"}], "liveEvent": {"ilcLiveDisplay": true, "hasLiveInfo": true, "isIncomplete": false, "matchIDbetradar": "27883664", "matchstate": "SecondHalf", "stateTS": "2022-05-09T00:34:19+08:00", "liveevent": [{"order": 1, "minutesElasped": "5", "actionType": "YellowCard", "playerNameCH": "\u5c3c\u5b89\u7d20\u9ad8\u4e9e\u65af", "playerNameEN": "Tanguy Nianzou", "homeaway": "Home"}, {"order": 2, "minutesElasped": "8", "actionType": "Regular", "playerNameCH": "\u8482\u4e9e\u6208\u6258\u99ac\u65af", "playerNameEN": "Tiago Tomas", "homeaway": "Away"}, {"order": 3, "minutesElasped": "35", "actionType": "Regular", "playerNameCH": "\u57fa\u62ff\u6bd4", "playerNameEN": "Serge Gnabry", "homeaway": "Home"}, {"order": 4, "minutesElasped": "39", "actionType": "YellowCard", "playerNameCH": "\u827e\u7279\u7c21\u5361\u62c9\u6c99", "playerNameEN": "Atakan Karazor", "homeaway": "Away"}, {"order": 5, "minutesElasped": "44", "actionType": "Regular", "playerNameCH": "\u6e6f\u99ac\u58eb\u6885\u62ff", "playerNameEN": "Thomas Muller", "homeaway": "Home"}, {"order": 6, "minutesElasped": "50", "actionType": "YellowCard", "playerNameCH": "\u57fa\u65af\u5bcc\u5217\u6cbb", "playerNameEN": "Chris Fuhrich", "homeaway": "Away"}, {"order": 7, "minutesElasped": "52", "actionType": "Regular", "playerNameCH": "\u6c99\u6c99\u5361\u62c9\u7a4d\u932b", "playerNameEN": "Sasa Kalajdzic", "homeaway": "Away"}]}, "accumulatedscore": [{"periodvalue": "FirstHalf", "periodstatus": "ResultFinal", "home": "2", "away": "1"}, {"periodvalue": "SecondHalf", "periodstatus": "Interim", "home": "2", "away": "2"}], "livescore": {"home": "2", "away": "2"}, "cornerresult": "7", "hasWebTV": false, "hasOdds": false, "chlodds": {"LINELIST": [{"LINENUM": "2", "MAINLINE": "false", "LINESTATUS": "1", "LINEORDER": "2", "LINE": "11.5/11.5", "L": "100@1.26", "H": "100@3.40"}, {"LINENUM": "1", "MAINLINE": "true", "LINESTATUS": "1", "LINEORDER": "1", "LINE": "10.5/10.5", "L": "100@1.65", "H": "100@2.10"}], "ID": "9b32d196-ca04-4a15-8c79-acfa1bf4d62c", "POOLSTATUS": "Selling", "ET": "0", "INPLAY": "true", "ALLUP": "true", "Cur": "1"}, "hasExtraTimePools": false, "results": {}, "definedPools": ["HAD", "FHA", "CRS", "FCS", "FTS", "OOE", "TTG", "HFT", "HHA", "HDC", "HIL", "FHL", "CHL", "NTS"], "inplayPools": ["HAD", "FHA", "HIL", "CHL", "CRS", "FCS", "NTS"]}, {"matchID": "32a6c67f-619e-4d69-bfd3-e5a48328ade0", "matchIDinofficial": "20220508SUN58", "matchNum": "58", "matchDate": "2022-05-08+08:00", "matchDay": "SUN", "coupon": {"couponID": "2", "couponShortName": "SUN", "couponNameCH": "\u5468\u65e5\u8cfd\u4e8b", "couponNameEN": "Sunday Matches"}, "league": {"leagueID": "2", "leagueShortName": "ISA", "leagueNameCH": "\u610f\u5927\u5229\u7532\u7d44\u806f\u8cfd", "leagueNameEN": "Italian Division 1"}, "homeTeam": {"teamID": "1186", "teamNameCH": "\u6c99\u862d\u529b\u5766\u62ff", "teamNameEN": "Salernitana"}, "awayTeam": {"teamID": "341", "teamNameCH": "\u5361\u5229\u4e9e\u91cc", "teamNameEN": "Cagliari"}, "matchStatus": "Closed", "matchTime": "2022-05-09T00:00:00+08:00", "statuslastupdated": "2022-05-09T00:00:44+08:00", "inplaydelay": "true", "channel": [{"order": 1, "channelID": "638", "channelNameCH": "NOW 638\u53f0", "channelNameEN": "NOW 638"}], "liveEvent": {"ilcLiveDisplay": true, "hasLiveInfo": true, "isIncomplete": false, "matchIDbetradar": "28160540", "matchstate": "FirstHalf", "stateTS": "2022-05-09T00:00:44+08:00", "liveevent": []}, "accumulatedscore": [{"periodvalue": "FirstHalf", "periodstatus": "Started", "home": "", "away": ""}], "livescore": {"home": "0", "away": "0"}, "cornerresult": "7", "hasWebTV": false, "hasOdds": false, "chlodds": {"LINELIST": [{"LINENUM": "1", "MAINLINE": "true", "LINESTATUS": "1", "LINEORDER": "1", "LINE": "12.5/12.5", "H": "100@2.05", "L": "100@1.68"}, {"LINENUM": "2", "MAINLINE": "false", "LINESTATUS": "1", "LINEORDER": "2", "LINE": "13.5/13.5", "L": "100@1.33", "H": "100@3.00"}], "ID": "205641a0-0669-4e04-a5ae-f1fa92589e7e", "POOLSTATUS": "Selling", "ET": "0", "INPLAY": "true", "ALLUP": "true", "Cur": "1"}, "hasExtraTimePools": false, "results": {}, "definedPools": ["HAD", "FHA", "CRS", "FCS", "FTS", "OOE", "TTG", "HFT", "HHA", "HDC", "HIL", "FHL", "CHL", "NTS"], "inplayPools": ["HAD", "FHA", "HIL", "CHL", "CRS", "FCS", "NTS"]}]