[{"matchID": "f4aea5f2-5015-40b8-bc91-018dff781bb1", "matchIDinofficial": "20220419TUE1", "matchNum": "1", "matchDate": "2022-04-19+08:00", "matchDay": "TUE", "coupon": {"couponID": "4", "couponShortName": "TUE", "couponNameCH": "\u5468\u4e8c\u8cfd\u4e8b", "couponNameEN": "Tuesday Matches"}, "league": {"leagueID": "89", "leagueShortName": "AD1", "leagueNameCH": "\u6fb3\u6d32\u8077\u696d\u806f\u8cfd", "leagueNameEN": "Australian Division 1"}, "homeTeam": {"teamID": "3270", "teamNameCH": "\u897f\u90e8\u806f", "teamNameEN": "Western Utd"}, "awayTeam": {"teamID": "3346", "teamNameCH": "FC\u9ea5\u514b\u963f\u745f", "teamNameEN": "Macarthur FC"}, "matchStatus": "ResultIn", "matchTime": "2022-04-19T15:05:00+08:00", "statuslastupdated": "2022-04-19T16:48:45+08:00", "inplaydelay": "true", "neutralgroundvenue": {"neutralgroundvenueNameCH": "\u5854\u65af\u66fc\u5c3c\u4e9e\u6717\u585e\u65af\u9813UTAS\u9ad4\u80b2\u9928", "neutralgroundvenueNameEN": "UTAS Stadium, Launceston, Tasmania"}, "channel": [{"order": 1, "channelID": "MTS", "channelNameCH": "\u7121\u7dda myTV SUPER", "channelNameEN": "TVB myTV SUPER"}], "liveEvent": {"ilcLiveDisplay": true, "hasLiveInfo": true, "isIncomplete": false, "matchIDbetradar": "30903595", "matchstate": "SecondHalf", "stateTS": "2022-04-19T16:06:43+08:00", "liveevent": [{"order": 1, "minutesElasped": "8", "actionType": "YellowCard", "playerNameCH": "\u70cf\u65af\u9ad8", "playerNameEN": "Tomislav Uskok", "homeaway": "Away"}, {"order": 2, "minutesElasped": "30", "actionType": "YellowCard", "playerNameCH": "\u99ac\u91cc\u4e9e\u67cf", "playerNameEN": "Adrian Mariappa", "homeaway": "Away"}, {"order": 3, "minutesElasped": "37", "actionType": "YellowCard", "playerNameCH": "\u57fa\u723e\u5805\u5c3c", "playerNameEN": "Neil Kilkenny", "homeaway": "Home"}, {"order": 4, "minutesElasped": "57", "actionType": "Regular", "playerNameCH": "\u5e72\u6d1b\u76ae\u6069", "playerNameEN": "Connor Pain", "homeaway": "Home"}, {"order": 5, "minutesElasped": "65", "actionType": "YellowCard", "playerNameCH": "\u5e72\u6d1b\u76ae\u6069", "playerNameEN": "Connor Pain", "homeaway": "Home"}, {"order": 6, "minutesElasped": "69", "actionType": "YellowRedCard", "playerNameCH": "\u99ac\u91cc\u4e9e\u67cf", "playerNameEN": "Adrian Mariappa", "homeaway": "Away"}, {"order": 7, "minutesElasped": "74", "actionType": "YellowCard", "playerNameCH": "\u675c\u666e\u53f2\u4e39\u5229", "playerNameEN": "Nikolai Topor-Stanley", "homeaway": "Home"}, {"order": 8, "minutesElasped": "76", "actionType": "YellowCard", "playerNameCH": "\u57fa\u5b89\u8afe\u5967", "playerNameEN": "Apostolos Giannou", "homeaway": "Away"}]}, "accumulatedscore": [{"periodvalue": "FirstHalf", "periodstatus": "ResultFinal", "home": "0", "away": "0"}, {"periodvalue": "SecondHalf", "periodstatus": "Interim", "home": "1", "away": "0"}], "livescore": {"home": "1", "away": "0"}, "cornerresult": "7", "hasWebTV": false, "hasOdds": false, "chlodds": {"LINELIST": [{"LINENUM": "1", "MAINLINE": "true", "LINESTATUS": "1", "LINEORDER": "1", "LINE": "8.5/8.5", "H": "100@3.55", "L": "100@1.24"}], "ID": "69b0f22d-f5fb-4baf-8189-4aa2948502b9", "POOLSTATUS": "Selling", "ET": "0", "INPLAY": "true", "ALLUP": "true", "Cur": "1"}, "hasExtraTimePools": false, "results": {}, "definedPools": ["HAD", "FHA", "CRS", "FCS", "FTS", "OOE", "TTG", "HFT", "HHA", "HDC", "HIL", "FHL", "CHL", "NTS"], "inplayPools": ["HAD", "FHA", "HIL", "CHL", "CRS", "FCS", "NTS"]}]