[{"matchID": "9cffcee0-51fb-4107-bdff-97fbe92702e5", "matchIDinofficial": "20220501SUN16", "matchNum": "16", "matchDate": "2022-05-01+08:00", "matchDay": "SUN", "coupon": {"couponID": "2", "couponShortName": "SUN", "couponNameCH": "\u5468\u65e5\u8cfd\u4e8b", "couponNameEN": "Sunday Matches"}, "league": {"leagueID": "4", "leagueShortName": "SFL", "leagueNameCH": "\u897f\u73ed\u7259\u7532\u7d44\u806f\u8cfd", "leagueNameEN": "Spanish Division 1"}, "homeTeam": {"teamID": "461", "teamNameCH": "\u827e\u723e\u5207", "teamNameEN": "CF Elche"}, "awayTeam": {"teamID": "68", "teamNameCH": "\u5967\u6c99\u8f9b\u62ff", "teamNameEN": "Osasuna"}, "matchStatus": "ResultIn", "matchTime": "2022-05-01T20:00:00+08:00", "statuslastupdated": "2022-05-01T21:55:34+08:00", "inplaydelay": "true", "channel": [{"order": 1, "channelID": "632", "channelNameCH": "NOW 632\u53f0", "channelNameEN": "NOW 632"}], "liveEvent": {"ilcLiveDisplay": true, "hasLiveInfo": true, "isIncomplete": false, "matchIDbetradar": "27965844", "matchstate": "SecondHalf", "stateTS": "2022-05-01T21:09:21+08:00", "liveevent": [{"order": 1, "minutesElasped": "36", "actionType": "YellowCard", "playerNameCH": "\u8cbb\u5ea6\u67e5\u7dad\u65af", "playerNameEN": "Fidel", "homeaway": "Home"}, {"order": 2, "minutesElasped": "41", "actionType": "YellowCard", "playerNameCH": "\u5b89\u7d20\u6d1b\u9ad8", "playerNameEN": "Enzo Roco", "homeaway": "Home"}, {"order": 3, "minutesElasped": "43", "actionType": "YellowCard", "playerNameCH": "\u99ac\u65af\u5361\u5229", "playerNameEN": "Omar Mascarell", "homeaway": "Home"}, {"order": 4, "minutesElasped": "44", "actionType": "YellowCard", "playerNameCH": "\u5b89\u8fea\u5e03\u8fea\u7f8e\u4e9e", "playerNameEN": "Ante Budimir", "homeaway": "Away"}, {"order": 5, "minutesElasped": "64", "actionType": "YellowCard", "playerNameCH": "\u7956\u5b89\u544a\u9b6f\u65af", "playerNameEN": "Juan Cruz", "homeaway": "Away"}, {"order": 6, "minutesElasped": "68", "actionType": "Penalty", "playerNameCH": "\u5b89\u8fea\u5e03\u8fea\u7f8e\u4e9e", "playerNameEN": "Ante Budimir", "homeaway": "Away"}, {"order": 7, "minutesElasped": "84", "actionType": "Regular", "playerNameCH": "\u76ae\u4e9e\u7c73\u62ff", "playerNameEN": "Pere Milla", "homeaway": "Home"}, {"order": 8, "minutesElasped": "90", "actionType": "YellowCard", "playerNameCH": "\u53e4\u5ea6\u5361\u91cc\u8def", "playerNameEN": "Guido Carrillo", "homeaway": "Home"}]}, "accumulatedscore": [{"periodvalue": "FirstHalf", "periodstatus": "ResultFinal", "home": "0", "away": "0"}, {"periodvalue": "SecondHalf", "periodstatus": "Interim", "home": "1", "away": "1"}], "livescore": {"home": "1", "away": "1"}, "cornerresult": "-1", "hasWebTV": false, "hasOdds": false, "chlodds": {"LINELIST": [{"LINENUM": "1", "MAINLINE": "true", "LINESTATUS": "1", "LINEORDER": "1", "LINE": "11.5/11.5", "H": "100@7.00", "L": "100@1.06"}], "ID": "7b1c460c-a2b2-49fc-a689-0e61777878f7", "POOLSTATUS": "FinalStopSell", "ET": "0", "INPLAY": "true", "ALLUP": "true", "Cur": "1"}, "hasExtraTimePools": false, "results": {}, "definedPools": ["HAD", "FHA", "CRS", "FCS", "FTS", "OOE", "TTG", "HFT", "HHA", "HDC", "HIL", "FHL", "CHL", "NTS"], "inplayPools": ["HAD", "FHA", "HIL", "CHL", "CRS", "FCS", "NTS"]}]