[{"matchID": "ddb06655-5c0c-4c45-b009-fa42a5aa45f8", "matchIDinofficial": "20220417SUN71", "matchNum": "71", "matchDate": "2022-04-17+08:00", "matchDay": "SUN", "coupon": {"couponID": "2", "couponShortName": "SUN", "couponNameCH": "\u5468\u65e5\u8cfd\u4e8b", "couponNameEN": "Sunday Matches"}, "league": {"leagueID": "56", "leagueShortName": "BD1", "leagueNameCH": "\u5df4\u897f\u7532\u7d44\u806f\u8cfd", "leagueNameEN": "Brazilian Division 1"}, "homeTeam": {"teamID": "1380", "teamNameCH": "\u65bd\u4e9e\u62c9", "teamNameEN": "Ceara"}, "awayTeam": {"teamID": "561", "teamNameCH": "\u4fdd\u5730\u82b1\u9ad8", "teamNameEN": "Botafogo"}, "matchStatus": "ResultIn", "matchTime": "2022-04-18T06:00:00+08:00", "statuslastupdated": "2022-04-18T07:52:11+08:00", "inplaydelay": "true", "channel": [{"order": 1, "channelID": "GX", "channelNameCH": "GoalX app", "channelNameEN": "GoalX app"}, {"order": 2, "channelID": "HKJC", "channelNameCH": "HKJC TV app", "channelNameEN": "HKJC TV app"}], "liveEvent": {"ilcLiveDisplay": true, "hasLiveInfo": true, "isIncomplete": false, "matchIDbetradar": "31932191", "matchstate": "SecondHalf", "stateTS": "2022-04-18T07:06:47+08:00", "liveevent": [{"order": 1, "minutesElasped": "18", "actionType": "Regular", "playerNameCH": "\u7956\u5967\u57df\u9640\u5c71\u5ea6\u58eb", "playerNameEN": "Joao Victor", "homeaway": "Away"}, {"order": 2, "minutesElasped": "43", "actionType": "Regular", "playerNameCH": "\u96f2\u5c3c\u65af\u5967\u65af\u5229\u99ac", "playerNameEN": "Vinicius Lima", "homeaway": "Home"}, {"order": 3, "minutesElasped": "46", "actionType": "YellowCard", "playerNameCH": "", "playerNameEN": "Chay Oliveira", "homeaway": "Away"}, {"order": 4, "minutesElasped": "60", "actionType": "Regular", "playerNameCH": "", "playerNameEN": "Erison Danilo de Souza", "homeaway": "Away"}, {"order": 5, "minutesElasped": "69", "actionType": "YellowCard", "playerNameCH": "\u8fed\u6208", "playerNameEN": "Diego", "homeaway": "Away"}, {"order": 6, "minutesElasped": "75", "actionType": "YellowCard", "playerNameCH": "\u822c\u5974\u67cf\u6377\u9ad8", "playerNameEN": "Bruno Pacheco", "homeaway": "Home"}, {"order": 7, "minutesElasped": "80", "actionType": "Penalty", "playerNameCH": "", "playerNameEN": "Erison Danilo de Souza", "homeaway": "Away"}]}, "accumulatedscore": [{"periodvalue": "FirstHalf", "periodstatus": "ResultFinal", "home": "1", "away": "1"}, {"periodvalue": "SecondHalf", "periodstatus": "Interim", "home": "1", "away": "3"}], "livescore": {"home": "1", "away": "3"}, "cornerresult": "-1", "hasWebTV": false, "hasOdds": false, "chlodds": {"LINELIST": [{"LINENUM": "1", "MAINLINE": "true", "LINESTATUS": "1", "LINEORDER": "1", "LINE": "5.5/5.5", "H": "100@3.00", "L": "100@1.33"}], "ID": "6bc8bbac-883d-43b9-9438-21bf09723477", "POOLSTATUS": "FinalStopSell", "ET": "0", "INPLAY": "true", "ALLUP": "true", "Cur": "1"}, "hasExtraTimePools": false, "results": {}, "definedPools": ["HAD", "FHA", "CRS", "FCS", "FTS", "OOE", "TTG", "HFT", "HHA", "HDC", "HIL", "FHL", "CHL", "NTS"], "inplayPools": ["HAD", "FHA", "HIL", "CHL", "CRS", "FCS", "NTS"]}]