[{"matchID": "7bb73d24-75c4-4d85-adca-f6a19b503ce6", "matchIDinofficial": "20220418MON4", "matchNum": "4", "matchDate": "2022-04-18+08:00", "matchDay": "MON", "coupon": {"couponID": "3", "couponShortName": "MON", "couponNameCH": "\u5468\u4e00\u8cfd\u4e8b", "couponNameEN": "Monday Matches"}, "league": {"leagueID": "29", "leagueShortName": "ED1", "leagueNameCH": "\u82f1\u683c\u862d\u51a0\u8ecd\u806f\u8cfd", "leagueNameEN": "Eng Championship"}, "homeTeam": {"teamID": "15", "teamNameCH": "\u7c73\u675c\u58eb\u5821", "teamNameEN": "Middlesbrough"}, "awayTeam": {"teamID": "178", "teamNameCH": "\u54c8\u7279\u65af\u83f2\u723e\u5fb7", "teamNameEN": "Huddersfield"}, "matchStatus": "ResultIn", "matchTime": "2022-04-18T19:30:00+08:00", "statuslastupdated": "2022-04-18T20:40:27+08:00", "inplaydelay": "true", "channel": [{"order": 1, "channelID": "C662", "channelNameCH": "\u6709\u7dda662\u53f0", "channelNameEN": "i-CABLE 662"}, {"order": 2, "channelID": "C602", "channelNameCH": "\u6709\u7dda602\u53f0", "channelNameEN": "i-CABLE 602"}], "liveEvent": {"ilcLiveDisplay": true, "hasLiveInfo": true, "isIncomplete": false, "matchIDbetradar": "27867970", "matchstate": "SecondHalf", "stateTS": "2022-04-18T20:34:43+08:00", "liveevent": [{"order": 1, "minutesElasped": "36", "actionType": "YellowCard", "playerNameCH": "\u6258\u4f5b\u7f85, \u963f\u91cc", "playerNameEN": "Harry Toffolo", "homeaway": "Away"}, {"order": 2, "minutesElasped": "41", "actionType": "Regular", "playerNameCH": "\u7a46\u7f55\u9ed8\u675c\u6c99\u4e9e", "playerNameEN": "Naby Sarr", "homeaway": "Away"}, {"order": 3, "minutesElasped": "44", "actionType": "YellowCard", "playerNameCH": "\u73ed\u5df4", "playerNameEN": "Sol Bamba", "homeaway": "Home"}]}, "accumulatedscore": [{"periodvalue": "FirstHalf", "periodstatus": "ResultFinal", "home": "0", "away": "1"}, {"periodvalue": "SecondHalf", "periodstatus": "Interim", "home": "", "away": ""}], "livescore": {"home": "0", "away": "1"}, "cornerresult": "-1", "hasWebTV": false, "hasOdds": false, "chlodds": {"LINELIST": [{"LINENUM": "1", "MAINLINE": "true", "LINESTATUS": "1", "LINEORDER": "1", "LINE": "13.5/13.5", "L": "100@2.00", "H": "100@1.72"}, {"LINENUM": "2", "MAINLINE": "false", "LINESTATUS": "1", "LINEORDER": "2", "LINE": "14.5/14.5", "H": "100@2.45", "L": "100@1.48"}], "ID": "21238c7f-4bdf-4a95-a0c1-63df9973eb49", "POOLSTATUS": "NotSelling", "ET": "0", "INPLAY": "true", "ALLUP": "true", "Cur": "1"}, "hasExtraTimePools": false, "results": {}, "definedPools": ["HAD", "FHA", "CRS", "FCS", "FTS", "OOE", "TTG", "HFT", "HHA", "HDC", "HIL", "FHL", "CHL", "NTS"], "inplayPools": ["HAD", "FHA", "HIL", "CHL", "CRS", "FCS", "NTS"]}]