[{"matchID": "c4b44e0f-84bb-4699-ba0b-b9793fd2c7cd", "matchIDinofficial": "20220502MON6", "matchNum": "6", "matchDate": "2022-05-02+08:00", "matchDay": "MON", "coupon": {"couponID": "3", "couponShortName": "MON", "couponNameCH": "\u5468\u4e00\u8cfd\u4e8b", "couponNameEN": "Monday Matches"}, "league": {"leagueID": "29", "leagueShortName": "ED1", "leagueNameCH": "\u82f1\u683c\u862d\u51a0\u8ecd\u806f\u8cfd", "leagueNameEN": "Eng Championship"}, "homeTeam": {"teamID": "9", "teamNameCH": "\u5bcc\u54b8", "teamNameEN": "Fulham"}, "awayTeam": {"teamID": "179", "teamNameCH": "\u76e7\u9813", "teamNameEN": "Luton"}, "matchStatus": "ResultIn", "matchTime": "2022-05-03T00:15:00+08:00", "statuslastupdated": "2022-05-03T01:30:31+08:00", "inplaydelay": "true", "channel": [{"order": 1, "channelID": "C662", "channelNameCH": "\u6709\u7dda662\u53f0", "channelNameEN": "i-CABLE 662"}, {"order": 2, "channelID": "C602", "channelNameCH": "\u6709\u7dda602\u53f0", "channelNameEN": "i-CABLE 602"}], "liveEvent": {"ilcLiveDisplay": true, "hasLiveInfo": true, "isIncomplete": false, "matchIDbetradar": "27868028", "matchstate": "SecondHalf", "stateTS": "2022-05-03T01:20:31+08:00", "liveevent": [{"order": 1, "minutesElasped": "11", "actionType": "YellowCard", "playerNameCH": "\u5e0c\u723e\u9813, \u4e39\u5c3c", "playerNameEN": "Danny Hylton", "homeaway": "Away"}, {"order": 2, "minutesElasped": "27", "actionType": "YellowCard", "playerNameCH": "\u6d1b\u514b\u723e", "playerNameEN": "Tom Lockyer", "homeaway": "Away"}, {"order": 3, "minutesElasped": "29", "actionType": "Regular", "playerNameCH": "\u5361\u4e9e\u5c3c", "playerNameEN": "Tom Cairney", "homeaway": "Home"}, {"order": 4, "minutesElasped": "36", "actionType": "YellowCard", "playerNameCH": "\u8f9b\u8fea\u52a0\u65af", "playerNameEN": "Robert Snodgrass", "homeaway": "Away"}, {"order": 5, "minutesElasped": "37", "actionType": "YellowCard", "playerNameCH": "\u862d\u65af\u8c9d\u5229", "playerNameEN": "Henri Lansbury", "homeaway": "Away"}, {"order": 6, "minutesElasped": "39", "actionType": "Regular", "playerNameCH": "\u5805\u5c3c\u6cf0\u8fea", "playerNameEN": "Kenny Tete", "homeaway": "Home"}, {"order": 7, "minutesElasped": "51", "actionType": "YellowCard", "playerNameCH": "\u4e39\u6a38\u65af", "playerNameEN": "Dan Potts", "homeaway": "Away"}, {"order": 8, "minutesElasped": "54", "actionType": "Regular", "playerNameCH": "\u5361\u74e6\u7565, \u6cd5\u6bd4\u5967", "playerNameEN": "Fabio Carvalho", "homeaway": "Home"}]}, "accumulatedscore": [{"periodvalue": "FirstHalf", "periodstatus": "ResultFinal", "home": "2", "away": "0"}, {"periodvalue": "SecondHalf", "periodstatus": "Interim", "home": "3", "away": "0"}], "livescore": {"home": "3", "away": "0"}, "cornerresult": "7", "hasWebTV": false, "hasOdds": false, "chlodds": {"LINELIST": [{"LINENUM": "1", "MAINLINE": "true", "LINESTATUS": "1", "LINEORDER": "1", "LINE": "10.5/10.5", "H": "100@1.69", "L": "100@2.04"}, {"LINENUM": "2", "MAINLINE": "false", "LINESTATUS": "1", "LINEORDER": "2", "LINE": "11.5/11.5", "L": "100@1.45", "H": "100@2.55"}], "ID": "fb694211-c75d-426e-8adf-aba16252a37a", "POOLSTATUS": "Selling", "ET": "0", "INPLAY": "true", "ALLUP": "true", "Cur": "1"}, "hasExtraTimePools": false, "results": {}, "definedPools": ["HAD", "FHA", "CRS", "FCS", "FTS", "OOE", "TTG", "HFT", "HHA", "HDC", "HIL", "FHL", "CHL", "NTS"], "inplayPools": ["HAD", "FHA", "HIL", "CHL", "CRS", "FCS", "NTS"]}, {"matchID": "77a54dde-55ad-4297-b5cb-c38b0633f9e0", "matchIDinofficial": "20220502MON10", "matchNum": "10", "matchDate": "2022-05-02+08:00", "matchDay": "MON", "coupon": {"couponID": "3", "couponShortName": "MON", "couponNameCH": "\u5468\u4e00\u8cfd\u4e8b", "couponNameEN": "Monday Matches"}, "league": {"leagueID": "58", "leagueShortName": "SAL", "leagueNameCH": "\u745e\u5178\u8d85\u7d1a\u806f\u8cfd", "leagueNameEN": "Swedish Division 1"}, "homeTeam": {"teamID": "411", "teamNameCH": "\u54c8\u99ac\u6bd4", "teamNameEN": "Hammarby"}, "awayTeam": {"teamID": "601", "teamNameCH": "\u99ac\u6a21", "teamNameEN": "Malmo"}, "matchStatus": "Closed", "matchTime": "2022-05-03T01:10:00+08:00", "statuslastupdated": "2022-05-03T01:10:29+08:00", "inplaydelay": "true", "channel": [{"order": 1, "channelID": "GX", "channelNameCH": "GoalX app", "channelNameEN": "GoalX app"}, {"order": 2, "channelID": "HKJC", "channelNameCH": "HKJC TV app", "channelNameEN": "HKJC TV app"}], "liveEvent": {"ilcLiveDisplay": true, "hasLiveInfo": true, "isIncomplete": false, "matchIDbetradar": "31602929", "matchstate": "FirstHalf", "stateTS": "2022-05-03T01:10:29+08:00", "liveevent": []}, "accumulatedscore": [{"periodvalue": "FirstHalf", "periodstatus": "Started", "home": "", "away": ""}], "livescore": {"home": "0", "away": "0"}, "cornerresult": "4", "hasWebTV": false, "hasOdds": false, "chlodds": {"LINELIST": [{"LINENUM": "1", "MAINLINE": "true", "LINESTATUS": "1", "LINEORDER": "1", "LINE": "12.5/12.5", "L": "100@1.70", "H": "100@2.02"}, {"LINENUM": "2", "MAINLINE": "false", "LINESTATUS": "1", "LINEORDER": "2", "LINE": "13.5/13.5", "L": "100@1.40", "H": "100@2.70"}], "ID": "6c0b5c20-5071-4f67-bfd8-549cd32e2223", "POOLSTATUS": "Selling", "ET": "0", "INPLAY": "true", "ALLUP": "true", "Cur": "1"}, "hasExtraTimePools": false, "results": {}, "definedPools": ["HAD", "FHA", "CRS", "FCS", "FTS", "OOE", "TTG", "HFT", "HHA", "HDC", "HIL", "FHL", "CHL", "NTS"], "inplayPools": ["HAD", "FHA", "HIL", "CHL", "CRS", "FCS", "NTS"]}]