[{"matchID": "4e65fb16-0f38-470b-9054-9f0e8f347c53", "matchIDinofficial": "20220416SAT88", "matchNum": "88", "matchDate": "2022-04-16+08:00", "matchDay": "SAT", "coupon": {"couponID": "1", "couponShortName": "SAT", "couponNameCH": "\u5468\u516d\u8cfd\u4e8b", "couponNameEN": "Saturday Matches"}, "league": {"leagueID": "79", "leagueShortName": "MLS", "leagueNameCH": "\u7f8e\u570b\u8077\u696d\u806f\u8cfd", "leagueNameEN": "US Football League"}, "homeTeam": {"teamID": "916", "teamNameCH": "\u829d\u52a0\u54e5\u706b\u71c4", "teamNameEN": "Chicago Fire"}, "awayTeam": {"teamID": "923", "teamNameCH": "\u6d1b\u6749\u78ef\u9280\u6cb3", "teamNameEN": "LA Galaxy"}, "matchStatus": "Closed", "matchTime": "2022-04-17T08:00:00+08:00", "statuslastupdated": "2022-04-17T08:09:17+08:00", "inplaydelay": "true", "channel": [{"order": 1, "channelID": "638", "channelNameCH": "NOW 638\u53f0", "channelNameEN": "NOW 638"}], "liveEvent": {"ilcLiveDisplay": true, "hasLiveInfo": true, "isIncomplete": false, "matchIDbetradar": "31046035", "matchstate": "FirstHalf", "stateTS": "2022-04-17T08:09:17+08:00", "liveevent": [{"order": 1, "minutesElasped": "24", "actionType": "YellowCard", "playerNameCH": "\u859b\u7956\u65af", "playerNameEN": "Rafael Czichos", "homeaway": "Home"}, {"order": 2, "minutesElasped": "38", "actionType": "YellowCard", "playerNameCH": "\u6234\u6b77\u5a01\u5ec9\u65af", "playerNameEN": "Derrick Williams", "homeaway": "Away"}]}, "accumulatedscore": [{"periodvalue": "FirstHalf", "periodstatus": "Started", "home": "", "away": ""}], "livescore": {"home": "0", "away": "0"}, "cornerresult": "-1", "hasWebTV": false, "hasOdds": false, "chlodds": {"LINELIST": [{"LINENUM": "2", "MAINLINE": "false", "LINESTATUS": "1", "LINEORDER": "2", "LINE": "10.5/10.5", "H": "100@2.29", "L": "100@1.55"}, {"LINENUM": "1", "MAINLINE": "true", "LINESTATUS": "1", "LINEORDER": "1", "LINE": "9.5/9.5", "L": "100@1.98", "H": "100@1.73"}], "ID": "c21d57bc-63c3-472c-80d5-e9f8eb7d936b", "POOLSTATUS": "Selling", "ET": "0", "INPLAY": "true", "ALLUP": "true", "Cur": "1"}, "hasExtraTimePools": false, "results": {}, "definedPools": ["HAD", "FHA", "CRS", "FCS", "FTS", "OOE", "TTG", "HFT", "HHA", "HDC", "HIL", "FHL", "CHL", "NTS"], "inplayPools": ["HAD", "FHA", "HIL", "CHL", "CRS", "FCS", "NTS"]}]