[{"matchID": "e1577358-92eb-4870-9e3f-98054edf7770", "matchIDinofficial": "20220420WED53", "matchNum": "53", "matchDate": "2022-04-20+08:00", "matchDay": "WED", "coupon": {"couponID": "5", "couponShortName": "WED", "couponNameCH": "\u5468\u4e09\u8cfd\u4e8b", "couponNameEN": "Wednesday Matches"}, "league": {"leagueID": "124", "leagueShortName": "MXL", "leagueNameCH": "\u58a8\u897f\u54e5\u8d85\u7d1a\u806f\u8cfd", "leagueNameEN": "Mexican Premier"}, "homeTeam": {"teamID": "1367", "teamNameCH": "\u8499\u7279\u96f7", "teamNameEN": "Monterrey"}, "awayTeam": {"teamID": "1109", "teamNameCH": "\u963f\u7279\u62ff\u65af", "teamNameEN": "Atlas"}, "matchStatus": "Closed", "matchTime": "2022-04-21T10:06:00+08:00", "statuslastupdated": "2022-04-21T10:08:14+08:00", "inplaydelay": "true", "channel": [{"order": 1, "channelID": "GX", "channelNameCH": "GoalX app", "channelNameEN": "GoalX app"}, {"order": 2, "channelID": "HKJC", "channelNameCH": "HKJC TV app", "channelNameEN": "HKJC TV app"}], "liveEvent": {"ilcLiveDisplay": true, "hasLiveInfo": true, "isIncomplete": false, "matchIDbetradar": "31019085", "matchstate": "FirstHalf", "stateTS": "2022-04-21T10:08:14+08:00", "liveevent": [{"order": 1, "minutesElasped": "14", "actionType": "YellowCard", "playerNameCH": "\u66c9\u9ad8\u62ff\u79be", "playerNameEN": "Hugo Nervo", "homeaway": "Away"}]}, "accumulatedscore": [{"periodvalue": "FirstHalf", "periodstatus": "Started", "home": "", "away": ""}], "livescore": {"home": "0", "away": "0"}, "cornerresult": "3", "hasWebTV": false, "hasOdds": false, "chlodds": {"LINELIST": [{"LINENUM": "2", "MAINLINE": "false", "LINESTATUS": "1", "LINEORDER": "2", "LINE": "9.5/9.5", "H": "100@3.00", "L": "100@1.33"}, {"LINENUM": "1", "MAINLINE": "true", "LINESTATUS": "1", "LINEORDER": "1", "LINE": "8.5/8.5", "L": "100@1.68", "H": "100@2.05"}], "ID": "456f2526-ac64-4bcd-b024-7954e54f3d9f", "POOLSTATUS": "Selling", "ET": "0", "INPLAY": "true", "ALLUP": "true", "Cur": "1"}, "hasExtraTimePools": false, "results": {}, "definedPools": ["HAD", "FHA", "CRS", "FCS", "FTS", "OOE", "TTG", "HFT", "HHA", "HDC", "HIL", "FHL", "CHL", "NTS"], "inplayPools": ["HAD", "FHA", "HIL", "CHL", "CRS", "FCS", "NTS"]}]