[{"matchID": "fa4ed02d-b1ac-4666-a6ca-2ef03f67c5e6", "matchIDinofficial": "20220425MON23", "matchNum": "23", "matchDate": "2022-04-25+08:00", "matchDay": "MON", "coupon": {"couponID": "3", "couponShortName": "MON", "couponNameCH": "\u5468\u4e00\u8cfd\u4e8b", "couponNameEN": "Monday Matches"}, "league": {"leagueID": "56", "leagueShortName": "BD1", "leagueNameCH": "\u5df4\u897f\u7532\u7d44\u806f\u8cfd", "leagueNameEN": "Brazilian Division 1"}, "homeTeam": {"teamID": "1245", "teamNameCH": "\u827e\u83ef\u723e", "teamNameEN": "Avai"}, "awayTeam": {"teamID": "569", "teamNameCH": "\u6208\u4e9e\u65af", "teamNameEN": "Goias"}, "matchStatus": "ResultIn", "matchTime": "2022-04-26T07:00:00+08:00", "statuslastupdated": "2022-04-26T08:39:11+08:00", "inplaydelay": "true", "channel": [{"order": 1, "channelID": "GX", "channelNameCH": "GoalX app", "channelNameEN": "GoalX app"}, {"order": 2, "channelID": "HKJC", "channelNameCH": "HKJC TV app", "channelNameEN": "HKJC TV app"}], "liveEvent": {"ilcLiveDisplay": true, "hasLiveInfo": true, "isIncomplete": false, "matchIDbetradar": "31932215", "matchstate": "SecondHalf", "stateTS": "2022-04-26T08:07:05+08:00", "liveevent": [{"order": 1, "minutesElasped": "4", "actionType": "Regular", "playerNameCH": "\u83ab\u62c9\u6258", "playerNameEN": "Morato", "homeaway": "Home"}, {"order": 2, "minutesElasped": "11", "actionType": "YellowCard", "playerNameCH": "\u9054\u5e2d\u723e\u74e6", "playerNameEN": "Maguinho", "homeaway": "Away"}, {"order": 3, "minutesElasped": "18", "actionType": "YellowCard", "playerNameCH": "\u83f2\u81d8\u6bd4\u5df4\u65af\u5716\u65af", "playerNameEN": "Fellipe Ramos Ignez Bastos", "homeaway": "Away"}, {"order": 4, "minutesElasped": "26", "actionType": "RedCard", "playerNameCH": "\u83ab\u62c9\u6258", "playerNameEN": "Morato", "homeaway": "Home"}, {"order": 5, "minutesElasped": "48", "actionType": "YellowCard", "playerNameCH": "\u99ac\u4fee\u65af\u92b7\u552e\u90e8", "playerNameEN": "Matheus Sales", "homeaway": "Away"}, {"order": 6, "minutesElasped": "51", "actionType": "Regular", "playerNameCH": "\u6bd4\u7d22\u5229\u574e\u6ce2\u65af, \u5409\u723e\u8d6b\u59c6", "playerNameEN": "Bissoli", "homeaway": "Home"}, {"order": 7, "minutesElasped": "60", "actionType": "YellowCard", "playerNameCH": "\u5f17\u91cc\u5fb7\u91cc\u5e0c, \u9053\u683c\u62c9\u65af", "playerNameEN": "Douglas Friedrich", "homeaway": "Home"}, {"order": 8, "minutesElasped": "62", "actionType": "Penalty", "playerNameCH": "\u7a46\u91cc\u57fa", "playerNameEN": "Muriqui", "homeaway": "Home"}, {"order": 9, "minutesElasped": "67", "actionType": "YellowCard", "playerNameCH": "\u822c\u5974\u54e5\u8fea\u65af", "playerNameEN": "Bruno Cortez", "homeaway": "Home"}, {"order": 10, "minutesElasped": "76", "actionType": "Regular", "playerNameCH": "\u67cf\u5ea6\u9b6f\u723e", "playerNameEN": "Pedro Raul", "homeaway": "Away"}, {"order": 11, "minutesElasped": "85", "actionType": "YellowCard", "playerNameCH": "", "playerNameEN": "Nonoca", "homeaway": "Home"}, {"order": 12, "minutesElasped": "87", "actionType": "YellowCard", "playerNameCH": "\u76e7\u6069\u99ac\u8fea\u81e3", "playerNameEN": "Luan", "homeaway": "Away"}]}, "accumulatedscore": [{"periodvalue": "FirstHalf", "periodstatus": "ResultFinal", "home": "1", "away": "0"}, {"periodvalue": "SecondHalf", "periodstatus": "Interim", "home": "3", "away": "1"}], "livescore": {"home": "3", "away": "1"}, "cornerresult": "-1", "hasWebTV": false, "hasOdds": false, "chlodds": {"LINELIST": [{"LINENUM": "1", "MAINLINE": "true", "LINESTATUS": "1", "LINEORDER": "1", "LINE": "7.5/7.5", "H": "100@2.30", "L": "100@1.54"}], "ID": "7b7762b4-5576-4086-aad7-dc280deb046a", "POOLSTATUS": "NotSelling", "ET": "0", "INPLAY": "true", "ALLUP": "true", "Cur": "1"}, "hasExtraTimePools": false, "results": {}, "definedPools": ["HAD", "FHA", "CRS", "FCS", "FTS", "OOE", "TTG", "HFT", "HHA", "HDC", "HIL", "FHL", "CHL", "NTS"], "inplayPools": ["HAD", "FHA", "HIL", "CHL", "CRS", "FCS", "NTS"]}]