[{"matchID": "bc57739b-7e09-4591-9a89-10bc1ef843f5", "matchIDinofficial": "20220430SAT38", "matchNum": "38", "matchDate": "2022-04-30+08:00", "matchDay": "SAT", "coupon": {"couponID": "1", "couponShortName": "SAT", "couponNameCH": "\u5468\u516d\u8cfd\u4e8b", "couponNameEN": "Saturday Matches"}, "league": {"leagueID": "3", "leagueShortName": "GSL", "leagueNameCH": "\u5fb7\u570b\u7532\u7d44\u806f\u8cfd", "leagueNameEN": "German Division 1"}, "homeTeam": {"teamID": "346", "teamNameCH": "\u7dec\u6069\u65af", "teamNameEN": "Mainz"}, "awayTeam": {"teamID": "22", "teamNameCH": "\u62dc\u4ec1\u6155\u5c3c\u9ed1", "teamNameEN": "Bayern Munich"}, "matchStatus": "ResultIn", "matchTime": "2022-04-30T21:30:00+08:00", "statuslastupdated": "2022-04-30T23:07:25+08:00", "inplaydelay": "true", "channel": [{"order": 1, "channelID": "76", "channelNameCH": "\u9999\u6e2f\u570b\u969b\u8ca1\u7d93\u53f0", "channelNameEN": "Hong Kong International Business Channel"}, {"order": 2, "channelID": "C661", "channelNameCH": "\u6709\u7dda661\u53f0", "channelNameEN": "i-CABLE 661"}, {"order": 3, "channelID": "C601", "channelNameCH": "\u6709\u7dda601\u53f0", "channelNameEN": "i-CABLE 601"}], "liveEvent": {"ilcLiveDisplay": true, "hasLiveInfo": true, "isIncomplete": false, "matchIDbetradar": "27883658", "matchstate": "SecondHalf", "stateTS": "2022-04-30T22:35:07+08:00", "liveevent": [{"order": 1, "minutesElasped": "18", "actionType": "Regular", "playerNameCH": "\u838a\u62ff\u82ac\u8c9d\u5361\u7279", "playerNameEN": "Jonathan Burkardt", "homeaway": "Home"}, {"order": 2, "minutesElasped": "27", "actionType": "Regular", "playerNameCH": "\u5c3c\u4e9e\u5e0c\u8fea", "playerNameEN": "Moussa Niakhate", "homeaway": "Home"}, {"order": 3, "minutesElasped": "33", "actionType": "Regular", "playerNameCH": "\u7f85\u62d4\u5229\u96f2\u5ea6\u592b\u65af\u57fa", "playerNameEN": "Robert Lewandowski", "homeaway": "Away"}, {"order": 4, "minutesElasped": "43", "actionType": "YellowCard", "playerNameCH": "\u7518\u7f8e\u6cbb", "playerNameEN": "Joshua Kimmich", "homeaway": "Away"}, {"order": 5, "minutesElasped": "57", "actionType": "Regular", "playerNameCH": "\u99ac\u7530\u65af, \u91cc\u5b89\u7956", "playerNameEN": "Leandro Martins", "homeaway": "Home"}, {"order": 6, "minutesElasped": "65", "actionType": "YellowCard", "playerNameCH": "\u76e7\u5361\u65af\u9774\u5357\u8fea\u65af", "playerNameEN": "Lucas Hernandez", "homeaway": "Away"}, {"order": 7, "minutesElasped": "73", "actionType": "YellowCard", "playerNameCH": "\u73ed\u6377\u6587\u67cf\u83ef\u7279", "playerNameEN": "Benjamin Pavard", "homeaway": "Away"}]}, "accumulatedscore": [{"periodvalue": "FirstHalf", "periodstatus": "ResultFinal", "home": "2", "away": "1"}, {"periodvalue": "SecondHalf", "periodstatus": "Interim", "home": "3", "away": "1"}], "livescore": {"home": "3", "away": "1"}, "cornerresult": "10", "hasWebTV": false, "hasOdds": false, "chlodds": {"LINELIST": [{"LINENUM": "1", "MAINLINE": "true", "LINESTATUS": "1", "LINEORDER": "1", "LINE": "11.5/11.5", "H": "100@1.79", "L": "100@1.91"}, {"LINENUM": "2", "MAINLINE": "false", "LINESTATUS": "1", "LINEORDER": "2", "LINE": "12.5/12.5", "L": "100@1.28", "H": "100@3.25"}], "ID": "fa878cc5-6a7d-40bc-b9c4-35eca0bd540b", "POOLSTATUS": "Selling", "ET": "0", "INPLAY": "true", "ALLUP": "true", "Cur": "1"}, "hasExtraTimePools": false, "results": {}, "definedPools": ["HAD", "FHA", "CRS", "FCS", "FTS", "OOE", "TTG", "HFT", "HHA", "HDC", "HIL", "FHL", "CHL", "NTS"], "inplayPools": ["HAD", "FHA", "HIL", "CHL", "CRS", "FCS", "NTS"]}, {"matchID": "6dc77d9e-bfb3-409f-942f-1d162375685c", "matchIDinofficial": "20220430SAT44", "matchNum": "44", "matchDate": "2022-04-30+08:00", "matchDay": "SAT", "coupon": {"couponID": "1", "couponShortName": "SAT", "couponNameCH": "\u5468\u516d\u8cfd\u4e8b", "couponNameEN": "Saturday Matches"}, "league": {"leagueID": "1", "leagueShortName": "EPL", "leagueNameCH": "\u82f1\u683c\u862d\u8d85\u7d1a\u806f\u8cfd", "leagueNameEN": "Eng Premier"}, "homeTeam": {"teamID": "2", "teamNameCH": "\u963f\u58eb\u6771\u7dad\u62c9", "teamNameEN": "Aston Villa"}, "awayTeam": {"teamID": "199", "teamNameCH": "\u8afe\u57df\u6cbb", "teamNameEN": "Norwich"}, "matchStatus": "ResultIn", "matchTime": "2022-04-30T22:00:00+08:00", "statuslastupdated": "2022-04-30T23:02:29+08:00", "inplaydelay": "true", "channel": [{"order": 1, "channelID": "621", "channelNameCH": "NOW 621\u53f0", "channelNameEN": "NOW 621"}], "liveEvent": {"ilcLiveDisplay": true, "hasLiveInfo": true, "isIncomplete": false, "matchIDbetradar": "27751732", "matchstate": "SecondHalf", "stateTS": "2022-04-30T23:02:29+08:00", "liveevent": [{"order": 1, "minutesElasped": "23", "actionType": "YellowCard", "playerNameCH": "\u9ea5\u65af\u827e\u6717\u65af", "playerNameEN": "Max Aarons", "homeaway": "Away"}, {"order": 2, "minutesElasped": "41", "actionType": "Regular", "playerNameCH": "\u5967\u5c3c\u5c48\u5805\u65af", "playerNameEN": "Ollie Watkins", "homeaway": "Home"}, {"order": 3, "minutesElasped": "44", "actionType": "YellowCard", "playerNameCH": "\u54e5\u6797\u5f35\u4f2f\u65af", "playerNameEN": "Calum Chambers", "homeaway": "Home"}]}, "accumulatedscore": [{"periodvalue": "FirstHalf", "periodstatus": "ResultFinal", "home": "1", "away": "0"}, {"periodvalue": "SecondHalf", "periodstatus": "Started", "home": "", "away": ""}], "livescore": {"home": "1", "away": "0"}, "cornerresult": "3", "hasWebTV": false, "hasOdds": false, "chlodds": {"LINELIST": [{"LINENUM": "2", "MAINLINE": "false", "LINESTATUS": "1", "LINEORDER": "2", "LINE": "9.5/9.5", "L": "100@1.32", "H": "100@3.05"}, {"LINENUM": "1", "MAINLINE": "true", "LINESTATUS": "1", "LINEORDER": "1", "LINE": "8.5/8.5", "L": "100@1.66", "H": "100@2.08"}], "ID": "d3df2661-5408-44a7-945e-5493bdf75482", "POOLSTATUS": "Selling", "ET": "0", "INPLAY": "true", "ALLUP": "true", "Cur": "1"}, "hasExtraTimePools": false, "results": {}, "definedPools": ["HAD", "FHA", "CRS", "FCS", "FTS", "OOE", "TTG", "HFT", "HHA", "HDC", "HIL", "FHL", "CHL", "NTS"], "inplayPools": ["HAD", "FHA", "HIL", "CHL", "CRS", "FCS", "NTS"]}, {"matchID": "900b1685-973e-44d4-a31c-64fcbd26ae9f", "matchIDinofficial": "20220430SAT45", "matchNum": "45", "matchDate": "2022-04-30+08:00", "matchDay": "SAT", "coupon": {"couponID": "1", "couponShortName": "SAT", "couponNameCH": "\u5468\u516d\u8cfd\u4e8b", "couponNameEN": "Saturday Matches"}, "league": {"leagueID": "1", "leagueShortName": "EPL", "leagueNameCH": "\u82f1\u683c\u862d\u8d85\u7d1a\u806f\u8cfd", "leagueNameEN": "Eng Premier"}, "homeTeam": {"teamID": "20", "teamNameCH": "\u72fc\u968a", "teamNameEN": "Wolves"}, "awayTeam": {"teamID": "175", "teamNameCH": "\u767d\u79ae\u9813", "teamNameEN": "Brighton"}, "matchStatus": "ResultIn", "matchTime": "2022-04-30T22:00:00+08:00", "statuslastupdated": "2022-04-30T23:06:18+08:00", "inplaydelay": "true", "channel": [{"order": 1, "channelID": "622", "channelNameCH": "NOW 622\u53f0", "channelNameEN": "NOW 622"}], "liveEvent": {"ilcLiveDisplay": true, "hasLiveInfo": true, "isIncomplete": false, "matchIDbetradar": "27751750", "matchstate": "SecondHalf", "stateTS": "2022-04-30T23:03:52+08:00", "liveevent": [{"order": 1, "minutesElasped": "21", "actionType": "YellowCard", "playerNameCH": "\u9ad8\u4e9e\u8fea", "playerNameEN": "Conor Coady", "homeaway": "Home"}, {"order": 2, "minutesElasped": "42", "actionType": "Penalty", "playerNameCH": "\u963f\u6b77\u65af\u9ea5\u4e9e\u91cc\u58eb\u6253", "playerNameEN": "Alexis Mac Allister", "homeaway": "Away"}]}, "accumulatedscore": [{"periodvalue": "FirstHalf", "periodstatus": "ResultFinal", "home": "0", "away": "1"}, {"periodvalue": "SecondHalf", "periodstatus": "Interim", "home": "", "away": ""}], "livescore": {"home": "0", "away": "1"}, "cornerresult": "4", "hasWebTV": false, "hasOdds": false, "chlodds": {"LINELIST": [{"LINENUM": "1", "MAINLINE": "true", "LINESTATUS": "1", "LINEORDER": "1", "LINE": "8.5/8.5", "H": "100@1.61", "L": "100@2.17"}, {"LINENUM": "2", "MAINLINE": "false", "LINESTATUS": "1", "LINEORDER": "2", "LINE": "9.5/9.5", "L": "100@1.57", "H": "100@2.25"}], "ID": "0eb8585b-fdc6-4b51-bcc0-14e27e25e29a", "POOLSTATUS": "Selling", "ET": "0", "INPLAY": "true", "ALLUP": "true", "Cur": "1"}, "hasExtraTimePools": false, "results": {}, "definedPools": ["HAD", "FHA", "CRS", "FCS", "FTS", "OOE", "TTG", "HFT", "HHA", "HDC", "HIL", "FHL", "CHL", "NTS"], "inplayPools": ["HAD", "FHA", "HIL", "CHL", "CRS", "FCS", "NTS"]}, {"matchID": "d8e752eb-79e7-4725-b638-e0c4b558d042", "matchIDinofficial": "20220430SAT65", "matchNum": "65", "matchDate": "2022-04-30+08:00", "matchDay": "SAT", "coupon": {"couponID": "1", "couponShortName": "SAT", "couponNameCH": "\u5468\u516d\u8cfd\u4e8b", "couponNameEN": "Saturday Matches"}, "league": {"leagueID": "4", "leagueShortName": "SFL", "leagueNameCH": "\u897f\u73ed\u7259\u7532\u7d44\u806f\u8cfd", "leagueNameEN": "Spanish Division 1"}, "homeTeam": {"teamID": "69", "teamNameCH": "\u7687\u5bb6\u99ac\u5fb7\u91cc", "teamNameEN": "Real Madrid"}, "awayTeam": {"teamID": "64", "teamNameCH": "\u611b\u65af\u8cd3\u5974", "teamNameEN": "Espanyol"}, "matchStatus": "ResultIn", "matchTime": "2022-04-30T22:15:00+08:00", "statuslastupdated": "2022-04-30T23:07:24+08:00", "inplaydelay": "true", "channel": [{"order": 1, "channelID": "632", "channelNameCH": "NOW 632\u53f0", "channelNameEN": "NOW 632"}], "liveEvent": {"ilcLiveDisplay": true, "hasLiveInfo": true, "isIncomplete": false, "matchIDbetradar": "27965836", "matchstate": "FirstHalf", "stateTS": "2022-04-30T22:17:39+08:00", "liveevent": [{"order": 1, "minutesElasped": "33", "actionType": "Regular", "playerNameCH": "\u6d1b\u8fea\u9ad8\u9ad8\u65af", "playerNameEN": "Rodrygo", "homeaway": "Home"}, {"order": 2, "minutesElasped": "42", "actionType": "YellowCard", "playerNameCH": "\u99ac\u91cc\u5b89\u5974\u6234\u4e9e\u65af", "playerNameEN": "Mariano Diaz", "homeaway": "Home"}, {"order": 3, "minutesElasped": "43", "actionType": "Regular", "playerNameCH": "\u6d1b\u8fea\u9ad8\u9ad8\u65af", "playerNameEN": "Rodrygo", "homeaway": "Home"}]}, "accumulatedscore": [{"periodvalue": "FirstHalf", "periodstatus": "Interim", "home": "2", "away": "0"}], "livescore": {"home": "2", "away": "0"}, "cornerresult": "7", "hasWebTV": false, "hasOdds": false, "chlodds": {"LINELIST": [{"LINENUM": "2", "MAINLINE": "false", "LINESTATUS": "1", "LINEORDER": "2", "LINE": "12.5/12.5", "L": "100@1.39", "H": "100@2.75"}, {"LINENUM": "1", "MAINLINE": "true", "LINESTATUS": "1", "LINEORDER": "1", "LINE": "11.5/11.5", "H": "100@1.85", "L": "100@1.85"}], "ID": "18e04807-3d29-4910-b8e6-cb467a2a44ff", "POOLSTATUS": "Selling", "ET": "0", "INPLAY": "true", "ALLUP": "true", "Cur": "1"}, "hasExtraTimePools": false, "results": {}, "definedPools": ["HAD", "FHA", "CRS", "FCS", "FTS", "OOE", "TTG", "HFT", "HHA", "HDC", "HIL", "FHL", "CHL", "NTS"], "inplayPools": ["HAD", "FHA", "HIL", "CHL", "CRS", "FCS", "NTS"]}]