[{"matchID": "313e6669-13bb-4f87-9f1f-7b0c448be219", "matchIDinofficial": "20220424SUN20", "matchNum": "20", "matchDate": "2022-04-24+08:00", "matchDay": "SUN", "coupon": {"couponID": "2", "couponShortName": "SUN", "couponNameCH": "\u5468\u65e5\u8cfd\u4e8b", "couponNameEN": "Sunday Matches"}, "league": {"leagueID": "1", "leagueShortName": "EPL", "leagueNameCH": "\u82f1\u683c\u862d\u8d85\u7d1a\u806f\u8cfd", "leagueNameEN": "Eng Premier"}, "homeTeam": {"teamID": "7", "teamNameCH": "\u8eca\u8def\u58eb", "teamNameEN": "Chelsea"}, "awayTeam": {"teamID": "185", "teamNameCH": "\u97cb\u65af\u54b8", "teamNameEN": "West Ham"}, "matchStatus": "Closed", "matchTime": "2022-04-24T21:00:00+08:00", "statuslastupdated": "2022-04-24T21:00:20+08:00", "inplaydelay": "true", "channel": [{"order": 1, "channelID": "621", "channelNameCH": "NOW 621\u53f0", "channelNameEN": "NOW 621"}], "liveEvent": {"ilcLiveDisplay": true, "hasLiveInfo": true, "isIncomplete": false, "matchIDbetradar": "27751720", "matchstate": "FirstHalf", "stateTS": "2022-04-24T21:00:20+08:00", "liveevent": []}, "accumulatedscore": [{"periodvalue": "FirstHalf", "periodstatus": "Started", "home": "", "away": ""}], "livescore": {"home": "0", "away": "0"}, "cornerresult": "2", "hasWebTV": false, "hasOdds": false, "chlodds": {"LINELIST": [{"LINENUM": "1", "MAINLINE": "true", "LINESTATUS": "1", "LINEORDER": "1", "LINE": "7.5/7.5", "L": "100@1.87", "H": "100@1.83"}, {"LINENUM": "2", "MAINLINE": "false", "LINESTATUS": "1", "LINEORDER": "2", "LINE": "8.5/8.5", "H": "100@2.43", "L": "100@1.49"}], "ID": "3b09563e-6a31-4338-8e45-9149610197e7", "POOLSTATUS": "Selling", "ET": "0", "INPLAY": "true", "ALLUP": "true", "Cur": "1"}, "hasExtraTimePools": false, "results": {}, "definedPools": ["HAD", "FHA", "CRS", "FCS", "FTS", "OOE", "TTG", "HFT", "HHA", "HDC", "HIL", "FHL", "CHL", "NTS"], "inplayPools": ["HAD", "FHA", "HIL", "CHL", "CRS", "FCS", "NTS"]}, {"matchID": "d9db5e86-8eec-4969-a78e-f1496a673cde", "matchIDinofficial": "20220424SUN21", "matchNum": "21", "matchDate": "2022-04-24+08:00", "matchDay": "SUN", "coupon": {"couponID": "2", "couponShortName": "SUN", "couponNameCH": "\u5468\u65e5\u8cfd\u4e8b", "couponNameEN": "Sunday Matches"}, "league": {"leagueID": "1", "leagueShortName": "EPL", "leagueNameCH": "\u82f1\u683c\u862d\u8d85\u7d1a\u806f\u8cfd", "leagueNameEN": "Eng Premier"}, "homeTeam": {"teamID": "193", "teamNameCH": "\u822c\u5c3c", "teamNameEN": "Burnley"}, "awayTeam": {"teamID": "20", "teamNameCH": "\u72fc\u968a", "teamNameEN": "Wolves"}, "matchStatus": "Closed", "matchTime": "2022-04-24T21:00:00+08:00", "statuslastupdated": "2022-04-24T21:00:36+08:00", "inplaydelay": "true", "channel": [{"order": 1, "channelID": "622", "channelNameCH": "NOW 622\u53f0", "channelNameEN": "NOW 622"}], "liveEvent": {"ilcLiveDisplay": true, "hasLiveInfo": true, "isIncomplete": false, "matchIDbetradar": "27751718", "matchstate": "FirstHalf", "stateTS": "2022-04-24T21:00:36+08:00", "liveevent": [{"order": 1, "minutesElasped": "33", "actionType": "YellowCard", "playerNameCH": "\u99ac\u8fea\u7dad\u9054", "playerNameEN": "Matej Vydra", "homeaway": "Home"}]}, "accumulatedscore": [{"periodvalue": "FirstHalf", "periodstatus": "Started", "home": "", "away": ""}], "livescore": {"home": "0", "away": "0"}, "cornerresult": "4", "hasWebTV": false, "hasOdds": false, "chlodds": {"LINELIST": [{"LINENUM": "2", "MAINLINE": "false", "LINESTATUS": "1", "LINEORDER": "2", "LINE": "10.5/10.5", "H": "100@2.45", "L": "100@1.48"}, {"LINENUM": "1", "MAINLINE": "true", "LINESTATUS": "1", "LINEORDER": "1", "LINE": "9.5/9.5", "H": "100@1.77", "L": "100@1.93"}], "ID": "40ed9a3f-d09d-4827-b756-28e492c9aa1b", "POOLSTATUS": "Selling", "ET": "0", "INPLAY": "true", "ALLUP": "true", "Cur": "1"}, "hasExtraTimePools": false, "results": {}, "definedPools": ["HAD", "FHA", "CRS", "FCS", "FTS", "OOE", "TTG", "HFT", "HHA", "HDC", "HIL", "FHL", "CHL", "NTS"], "inplayPools": ["HAD", "FHA", "HIL", "CHL", "CRS", "FCS", "NTS"]}, {"matchID": "4573be2f-417b-494b-8b93-1e3b7c1f9e59", "matchIDinofficial": "20220424SUN22", "matchNum": "22", "matchDate": "2022-04-24+08:00", "matchDay": "SUN", "coupon": {"couponID": "2", "couponShortName": "SUN", "couponNameCH": "\u5468\u65e5\u8cfd\u4e8b", "couponNameEN": "Sunday Matches"}, "league": {"leagueID": "1", "leagueShortName": "EPL", "leagueNameCH": "\u82f1\u683c\u862d\u8d85\u7d1a\u806f\u8cfd", "leagueNameEN": "Eng Premier"}, "homeTeam": {"teamID": "175", "teamNameCH": "\u767d\u79ae\u9813", "teamNameEN": "Brighton"}, "awayTeam": {"teamID": "18", "teamNameCH": "\u4fee\u54b8\u9813", "teamNameEN": "Southampton"}, "matchStatus": "ResultIn", "matchTime": "2022-04-24T21:00:00+08:00", "statuslastupdated": "2022-04-24T21:41:50+08:00", "inplaydelay": "true", "channel": [{"order": 1, "channelID": "623", "channelNameCH": "NOW 623\u53f0", "channelNameEN": "NOW 623"}], "liveEvent": {"ilcLiveDisplay": true, "hasLiveInfo": true, "isIncomplete": false, "matchIDbetradar": "27751716", "matchstate": "FirstHalf", "stateTS": "2022-04-24T21:00:37+08:00", "liveevent": [{"order": 1, "minutesElasped": "2", "actionType": "Regular", "playerNameCH": "\u97cb\u78a7\u514b", "playerNameEN": "Danny Welbeck", "homeaway": "Home"}]}, "accumulatedscore": [{"periodvalue": "FirstHalf", "periodstatus": "Interim", "home": "1", "away": "0"}], "livescore": {"home": "1", "away": "0"}, "cornerresult": "7", "hasWebTV": false, "hasOdds": false, "chlodds": {"LINELIST": [{"LINENUM": "1", "MAINLINE": "true", "LINESTATUS": "1", "LINEORDER": "1", "LINE": "13.5/13.5", "H": "100@2.08", "L": "100@1.66"}, {"LINENUM": "2", "MAINLINE": "false", "LINESTATUS": "1", "LINEORDER": "2", "LINE": "14.5/14.5", "L": "100@1.34", "H": "100@2.95"}], "ID": "a73087c9-c2d7-4f40-97c0-1b7c0770579d", "POOLSTATUS": "NotSelling", "ET": "0", "INPLAY": "true", "ALLUP": "true", "Cur": "1"}, "hasExtraTimePools": false, "results": {}, "definedPools": ["HAD", "FHA", "CRS", "FCS", "FTS", "OOE", "TTG", "HFT", "HHA", "HDC", "HIL", "FHL", "CHL", "NTS"], "inplayPools": ["HAD", "FHA", "HIL", "CHL", "CRS", "FCS", "NTS"]}]