[{"matchID": "a9f73684-d635-44d3-b55f-99e3aecc37cd", "matchIDinofficial": "20220502MON22", "matchNum": "22", "matchDate": "2022-05-02+08:00", "matchDay": "MON", "coupon": {"couponID": "3", "couponShortName": "MON", "couponNameCH": "\u5468\u4e00\u8cfd\u4e8b", "couponNameEN": "Monday Matches"}, "league": {"leagueID": "56", "leagueShortName": "BD1", "leagueNameCH": "\u5df4\u897f\u7532\u7d44\u806f\u8cfd", "leagueNameEN": "Brazilian Division 1"}, "homeTeam": {"teamID": "578", "teamNameCH": "\u8056\u4fdd\u7f85", "teamNameEN": "Sao Paulo"}, "awayTeam": {"teamID": "576", "teamNameCH": "\u5c71\u5ea6\u58eb", "teamNameEN": "Santos"}, "matchStatus": "ResultIn", "matchTime": "2022-05-03T07:00:00+08:00", "statuslastupdated": "2022-05-03T08:08:42+08:00", "inplaydelay": "true", "channel": [{"order": 1, "channelID": "GX", "channelNameCH": "GoalX app", "channelNameEN": "GoalX app"}, {"order": 2, "channelID": "HKJC", "channelNameCH": "HKJC TV app", "channelNameEN": "HKJC TV app"}], "liveEvent": {"ilcLiveDisplay": true, "hasLiveInfo": true, "isIncomplete": false, "matchIDbetradar": "31932223", "matchstate": "SecondHalf", "stateTS": "2022-05-03T08:05:18+08:00", "liveevent": [{"order": 1, "minutesElasped": "10", "actionType": "Regular", "playerNameCH": "\u5361\u5229\u4e9e", "playerNameEN": "Jonathan Calleri", "homeaway": "Home"}, {"order": 2, "minutesElasped": "45", "actionType": "Regular", "playerNameCH": "\u99ac\u9ad8\u65af\u674e\u5b89\u7d0d\u5ea6", "playerNameEN": "Marcos Leonardo", "homeaway": "Away"}]}, "accumulatedscore": [{"periodvalue": "FirstHalf", "periodstatus": "ResultFinal", "home": "1", "away": "1"}, {"periodvalue": "SecondHalf", "periodstatus": "Interim", "home": "", "away": ""}], "livescore": {"home": "1", "away": "1"}, "cornerresult": "4", "hasWebTV": false, "hasOdds": false, "chlodds": {"LINELIST": [{"LINENUM": "1", "MAINLINE": "true", "LINESTATUS": "1", "LINEORDER": "1", "LINE": "8.5/8.5", "H": "100@2.07", "L": "100@1.67"}, {"LINENUM": "2", "MAINLINE": "false", "LINESTATUS": "1", "LINEORDER": "2", "LINE": "9.5/9.5", "H": "100@3.15", "L": "100@1.30"}], "ID": "7d3573a9-a3d6-4b14-a41b-24fec8d96aac", "POOLSTATUS": "Selling", "ET": "0", "INPLAY": "true", "ALLUP": "true", "Cur": "1"}, "hasExtraTimePools": false, "results": {}, "definedPools": ["HAD", "FHA", "CRS", "FCS", "FTS", "OOE", "TTG", "HFT", "HHA", "HDC", "HIL", "FHL", "CHL", "NTS"], "inplayPools": ["HAD", "FHA", "HIL", "CHL", "CRS", "FCS", "NTS"]}]