[{"matchID": "046a54dc-42f2-4a1b-ac7e-915f4b3c460f", "matchIDinofficial": "20220507SAT8", "matchNum": "8", "matchDate": "2022-05-07+08:00", "matchDay": "SAT", "coupon": {"couponID": "1", "couponShortName": "SAT", "couponNameCH": "\u5468\u516d\u8cfd\u4e8b", "couponNameEN": "Saturday Matches"}, "league": {"leagueID": "15", "leagueShortName": "SPL", "leagueNameCH": "\u8607\u683c\u862d\u8d85\u7d1a\u806f\u8cfd", "leagueNameEN": "Scottish Premier"}, "homeTeam": {"teamID": "151", "teamNameCH": "\u4e9b\u8def\u8fea", "teamNameEN": "Celtic"}, "awayTeam": {"teamID": "228", "teamNameCH": "\u8d6b\u65af", "teamNameEN": "Hearts"}, "matchStatus": "ResultIn", "matchTime": "2022-05-07T19:00:00+08:00", "statuslastupdated": "2022-05-07T20:49:46+08:00", "inplaydelay": "true", "channel": [{"order": 1, "channelID": "639", "channelNameCH": "NOW 639 \u53f0", "channelNameEN": "NOW 639"}], "liveEvent": {"ilcLiveDisplay": true, "hasLiveInfo": true, "isIncomplete": false, "matchIDbetradar": "33160037", "matchstate": "SecondHalf", "stateTS": "2022-05-07T20:02:06+08:00", "liveevent": [{"order": 1, "minutesElasped": "3", "actionType": "Regular", "playerNameCH": "\u827e\u5229\u65af\u68ee\u65af", "playerNameEN": "Ellis Simms", "homeaway": "Away"}, {"order": 2, "minutesElasped": "31", "actionType": "Regular", "playerNameCH": "\u524d\u7530\u5927\u7136", "playerNameEN": "Daizen Maeda", "homeaway": "Home"}, {"order": 3, "minutesElasped": "31", "actionType": "YellowCard", "playerNameCH": "\u5e0c\u6bd4\u514b, \u6258\u6bd4", "playerNameEN": "Toby Sibbick", "homeaway": "Away"}, {"order": 4, "minutesElasped": "37", "actionType": "Regular", "playerNameCH": "\u53e4\u6a4b\u4ea8\u68a7", "playerNameEN": "Kyogo Furuhashi", "homeaway": "Home"}, {"order": 5, "minutesElasped": "69", "actionType": "Regular", "playerNameCH": "\u5967\u745e\u91cc, \u99ac\u7279", "playerNameEN": "Matt O'Riley", "homeaway": "Home"}, {"order": 6, "minutesElasped": "90", "actionType": "Regular", "playerNameCH": "\u52a0\u79d1\u99ac\u57fa\u65af", "playerNameEN": "Giorgos Giakoumakis", "homeaway": "Home"}]}, "accumulatedscore": [{"periodvalue": "FirstHalf", "periodstatus": "ResultFinal", "home": "2", "away": "1"}, {"periodvalue": "SecondHalf", "periodstatus": "Interim", "home": "4", "away": "1"}], "livescore": {"home": "4", "away": "1"}, "cornerresult": "-1", "hasWebTV": false, "hasOdds": false, "chlodds": {"LINELIST": [{"LINENUM": "1", "MAINLINE": "true", "LINESTATUS": "1", "LINEORDER": "1", "LINE": "6.5/6.5", "H": "100@5.55", "L": "100@1.10"}], "ID": "a3fd0a6e-6ca9-4dfa-bcff-5c5cd5714326", "POOLSTATUS": "FinalStopSell", "ET": "0", "INPLAY": "true", "ALLUP": "true", "Cur": "1"}, "hasExtraTimePools": false, "results": {}, "definedPools": ["HAD", "FHA", "CRS", "FCS", "FTS", "OOE", "TTG", "HFT", "HHA", "HDC", "HIL", "FHL", "CHL", "NTS"], "inplayPools": ["HAD", "FHA", "HIL", "CHL", "CRS", "FCS", "NTS"]}, {"matchID": "3d270fd3-4c64-483c-9309-fbbe2469a123", "matchIDinofficial": "20220507SAT25", "matchNum": "25", "matchDate": "2022-05-07+08:00", "matchDay": "SAT", "coupon": {"couponID": "1", "couponShortName": "SAT", "couponNameCH": "\u5468\u516d\u8cfd\u4e8b", "couponNameEN": "Saturday Matches"}, "league": {"leagueID": "4", "leagueShortName": "SFL", "leagueNameCH": "\u897f\u73ed\u7259\u7532\u7d44\u806f\u8cfd", "leagueNameEN": "Spanish Division 1"}, "homeTeam": {"teamID": "66", "teamNameCH": "\u99ac\u7565\u5361", "teamNameEN": "Mallorca"}, "awayTeam": {"teamID": "1707", "teamNameCH": "CF\u683c\u862d\u7d0d\u9054", "teamNameEN": "CF Granada"}, "matchStatus": "ResultIn", "matchTime": "2022-05-07T20:00:00+08:00", "statuslastupdated": "2022-05-07T20:49:58+08:00", "inplaydelay": "true", "channel": [{"order": 1, "channelID": "632", "channelNameCH": "NOW 632\u53f0", "channelNameEN": "NOW 632"}], "liveEvent": {"ilcLiveDisplay": true, "hasLiveInfo": true, "isIncomplete": false, "matchIDbetradar": "27965854", "matchstate": "FirstHalf", "stateTS": "2022-05-07T20:01:33+08:00", "liveevent": [{"order": 1, "minutesElasped": "6", "actionType": "Regular", "playerNameCH": "\u8def\u723e\u65af\u8607\u4e9e\u96f7\u65af", "playerNameEN": "Luis Javier Suarez", "homeaway": "Away"}, {"order": 2, "minutesElasped": "28", "actionType": "Regular", "playerNameCH": "\u6c99\u83ef\u65bd\u7dad\u62ff", "playerNameEN": "Salva Sevilla", "homeaway": "Home"}, {"order": 3, "minutesElasped": "45", "actionType": "YellowCard", "playerNameCH": "\u5b89\u6771\u5c3c\u5967\u96f7\u8def", "playerNameEN": "Antonio Raillo", "homeaway": "Home"}, {"order": 4, "minutesElasped": "45", "actionType": "YellowCard", "playerNameCH": "\u99ac\u83f2\u5967, \u67cf\u4fdd\u8def", "playerNameEN": "Pablo Maffeo", "homeaway": "Home"}]}, "accumulatedscore": [{"periodvalue": "FirstHalf", "periodstatus": "Interim", "home": "1", "away": "1"}], "livescore": {"home": "1", "away": "1"}, "cornerresult": "7", "hasWebTV": false, "hasOdds": false, "chlodds": {"LINELIST": [{"LINENUM": "2", "MAINLINE": "false", "LINESTATUS": "1", "LINEORDER": "2", "LINE": "12.5/12.5", "H": "100@2.60", "L": "100@1.43"}, {"LINENUM": "1", "MAINLINE": "true", "LINESTATUS": "1", "LINEORDER": "1", "LINE": "11.5/11.5", "L": "100@1.85", "H": "100@1.85"}], "ID": "4bcb67ec-0b5a-4bed-b10f-9d3b9de27a50", "POOLSTATUS": "Selling", "ET": "0", "INPLAY": "true", "ALLUP": "true", "Cur": "1"}, "hasExtraTimePools": false, "results": {}, "definedPools": ["HAD", "FHA", "CRS", "FCS", "FTS", "OOE", "TTG", "HFT", "HHA", "HDC", "HIL", "FHL", "CHL", "NTS"], "inplayPools": ["HAD", "FHA", "HIL", "CHL", "CRS", "FCS", "NTS"]}]