[{"matchID": "117d4b4d-e9e5-488d-b546-a37c7396fb85", "matchIDinofficial": "20220419TUE3", "matchNum": "3", "matchDate": "2022-04-19+08:00", "matchDay": "TUE", "coupon": {"couponID": "4", "couponShortName": "TUE", "couponNameCH": "\u5468\u4e8c\u8cfd\u4e8b", "couponNameEN": "Tuesday Matches"}, "league": {"leagueID": "90", "leagueShortName": "ACL", "leagueNameCH": "\u4e9e\u6d32\u806f\u8cfd\u51a0\u8ecd\u76c3", "leagueNameEN": "Asian Champions League"}, "homeTeam": {"teamID": "557", "teamNameCH": "\u6a6b\u6ff1\u6c34\u624b", "teamNameEN": "Yokohama F.Marinos"}, "awayTeam": {"teamID": "874", "teamNameCH": "\u5168\u5317\u6c7d\u8eca", "teamNameEN": "Jeonbuk Motors"}, "matchStatus": "ResultIn", "matchTime": "2022-04-19T22:00:00+08:00", "statuslastupdated": "2022-04-19T23:02:40+08:00", "inplaydelay": "true", "neutralgroundvenue": {"neutralgroundvenueNameCH": "\u8d8a\u5357\u80e1\u5fd7\u660e\u5e02\u7d71\u4e00\u9ad4\u80b2\u5834", "neutralgroundvenueNameEN": "Thong Nhat Stadium, Ho Chi Minh City, Vietnam"}, "channel": [{"order": 1, "channelID": "ES", "channelNameCH": "ElevenSports", "channelNameEN": "ElevenSports"}], "liveEvent": {"ilcLiveDisplay": true, "hasLiveInfo": true, "isIncomplete": false, "matchIDbetradar": "32307371", "matchstate": "SecondHalf", "stateTS": "2022-04-19T23:02:40+08:00", "liveevent": [{"order": 1, "minutesElasped": "31", "actionType": "Penalty", "playerNameCH": "\u4f0a\u7956\u8f9b\u9ad8", "playerNameEN": "Stanislav Iljutcenko", "homeaway": "Away"}, {"order": 2, "minutesElasped": "37", "actionType": "YellowCard", "playerNameCH": "", "playerNameEN": "Ryotaro Tsunoda", "homeaway": "Home"}]}, "accumulatedscore": [{"periodvalue": "FirstHalf", "periodstatus": "ResultFinal", "home": "0", "away": "1"}, {"periodvalue": "SecondHalf", "periodstatus": "Started", "home": "", "away": ""}], "livescore": {"home": "0", "away": "1"}, "cornerresult": "2", "hasWebTV": false, "hasOdds": false, "chlodds": {"LINELIST": [{"LINENUM": "1", "MAINLINE": "true", "LINESTATUS": "1", "LINEORDER": "1", "LINE": "6.5/6.5", "L": "100@1.87", "H": "100@1.83"}, {"LINENUM": "2", "MAINLINE": "false", "LINESTATUS": "1", "LINEORDER": "2", "LINE": "7.5/7.5", "L": "100@1.41", "H": "100@2.68"}], "ID": "62110dc9-a225-4d9f-adf1-e0f5bd4518a4", "POOLSTATUS": "Selling", "ET": "0", "INPLAY": "true", "ALLUP": "true", "Cur": "1"}, "hasExtraTimePools": false, "results": {}, "definedPools": ["HAD", "FHA", "CRS", "FCS", "FTS", "OOE", "TTG", "HFT", "HHA", "HDC", "HIL", "FHL", "CHL", "NTS"], "inplayPools": ["HAD", "FHA", "HIL", "CHL", "CRS", "FCS", "NTS"]}]