[{"matchID": "af4ad157-212a-4d70-839e-bab58ad3f550", "matchIDinofficial": "20220430SAT5", "matchNum": "5", "matchDate": "2022-04-30+08:00", "matchDay": "SAT", "coupon": {"couponID": "1", "couponShortName": "SAT", "couponNameCH": "\u5468\u516d\u8cfd\u4e8b", "couponNameEN": "Saturday Matches"}, "league": {"leagueID": "87", "leagueShortName": "JD2", "leagueNameCH": "\u65e5\u672c\u4e59\u7d44\u806f\u8cfd", "leagueNameEN": "Japanese Division 2"}, "homeTeam": {"teamID": "2201", "teamNameCH": "FC\u7409\u7403", "teamNameEN": "FC Ryukyu"}, "awayTeam": {"teamID": "540", "teamNameCH": "\u65b0\u6f5f\u5929\u9d5d", "teamNameEN": "Albirex Niigata"}, "matchStatus": "ResultIn", "matchTime": "2022-04-30T17:00:00+08:00", "statuslastupdated": "2022-04-30T18:41:06+08:00", "inplaydelay": "true", "channel": [{"order": 1, "channelID": "GX", "channelNameCH": "GoalX app", "channelNameEN": "GoalX app"}, {"order": 2, "channelID": "HKJC", "channelNameCH": "HKJC TV app", "channelNameEN": "HKJC TV app"}], "liveEvent": {"ilcLiveDisplay": true, "hasLiveInfo": true, "isIncomplete": false, "matchIDbetradar": "", "matchstate": "SecondHalf", "stateTS": "2022-04-30T18:05:30+08:00", "liveevent": [{"order": 1, "minutesElasped": "10", "actionType": "Regular", "playerNameCH": "", "playerNameEN": "Yuki Kusano", "homeaway": "Home"}, {"order": 2, "minutesElasped": "45", "actionType": "Penalty", "playerNameCH": "\u9ad8\u6728\u5584\u6717", "playerNameEN": "Yoshiaki Takagi", "homeaway": "Away"}]}, "accumulatedscore": [{"periodvalue": "FirstHalf", "periodstatus": "ResultFinal", "home": "1", "away": "1"}, {"periodvalue": "SecondHalf", "periodstatus": "Interim", "home": "", "away": ""}], "livescore": {"home": "1", "away": "1"}, "cornerresult": "4", "hasWebTV": false, "hasOdds": false, "chlodds": {"LINELIST": [{"LINENUM": "1", "MAINLINE": "true", "LINESTATUS": "1", "LINEORDER": "1", "LINE": "5.5/5.5", "L": "100@1.35", "H": "100@2.90"}], "ID": "87429b3b-a172-409d-bd9d-66c06f3b2a92", "POOLSTATUS": "Selling", "ET": "0", "INPLAY": "true", "ALLUP": "true", "Cur": "1"}, "hasExtraTimePools": false, "results": {}, "definedPools": ["HAD", "FHA", "CRS", "FCS", "FTS", "OOE", "TTG", "HFT", "HHA", "HDC", "HIL", "FHL", "CHL", "NTS"], "inplayPools": ["HAD", "FHA", "HIL", "CHL", "CRS", "FCS", "NTS"]}, {"matchID": "7a54a816-448e-450c-9beb-8de071065505", "matchIDinofficial": "20220430SAT6", "matchNum": "6", "matchDate": "2022-04-30+08:00", "matchDay": "SAT", "coupon": {"couponID": "1", "couponShortName": "SAT", "couponNameCH": "\u5468\u516d\u8cfd\u4e8b", "couponNameEN": "Saturday Matches"}, "league": {"leagueID": "90", "leagueShortName": "ACL", "leagueNameCH": "\u4e9e\u6d32\u806f\u8cfd\u51a0\u8ecd\u76c3", "leagueNameEN": "Asian Champions League"}, "homeTeam": {"teamID": "2493", "teamNameCH": "\u67d4\u4f5bDT", "teamNameEN": "Johor DT"}, "awayTeam": {"teamID": "1108", "teamNameCH": "\u851a\u5c71\u73fe\u4ee3", "teamNameEN": "Ulsan Hyundai"}, "matchStatus": "ResultIn", "matchTime": "2022-04-30T17:00:00+08:00", "statuslastupdated": "2022-04-30T18:43:56+08:00", "inplaydelay": "true", "channel": [{"order": 1, "channelID": "ES", "channelNameCH": "ElevenSports", "channelNameEN": "ElevenSports"}], "liveEvent": {"ilcLiveDisplay": true, "hasLiveInfo": true, "isIncomplete": false, "matchIDbetradar": "32307549", "matchstate": "SecondHalf", "stateTS": "2022-04-30T18:04:45+08:00", "liveevent": [{"order": 1, "minutesElasped": "4", "actionType": "YellowCard", "playerNameCH": "\u5143\u6597\u624d", "playerNameEN": "Won Du-jae", "homeaway": "Away"}, {"order": 2, "minutesElasped": "5", "actionType": "Regular", "playerNameCH": "\u674e\u5b89\u5ea6\u97cb\u62ff\u57fa\u65af", "playerNameEN": "Leandro Velazquez", "homeaway": "Home"}, {"order": 3, "minutesElasped": "6", "actionType": "Regular", "playerNameCH": "\u5929\u91ce\u7d14", "playerNameEN": "Jun Amano", "homeaway": "Away"}, {"order": 4, "minutesElasped": "43", "actionType": "YellowCard", "playerNameCH": "\u674e\u572d\u6210", "playerNameEN": "Lee Gyu-sung", "homeaway": "Away"}, {"order": 5, "minutesElasped": "65", "actionType": "YellowCard", "playerNameCH": "\u79d1\u723e\u8cd3\u7fc1, \u62c9\u7dad\u723e", "playerNameEN": "La'Vere Corbin-Ong", "homeaway": "Home"}, {"order": 6, "minutesElasped": "83", "actionType": "YellowCard", "playerNameCH": "\u6734\u9394\u5b87", "playerNameEN": "Yong-uh Park", "homeaway": "Away"}, {"order": 7, "minutesElasped": "83", "actionType": "YellowCard", "playerNameCH": "\u674e\u5b89\u5ea6\u97cb\u62ff\u57fa\u65af", "playerNameEN": "Leandro Velazquez", "homeaway": "Home"}]}, "accumulatedscore": [{"periodvalue": "FirstHalf", "periodstatus": "ResultFinal", "home": "1", "away": "1"}, {"periodvalue": "SecondHalf", "periodstatus": "Interim", "home": "", "away": ""}], "livescore": {"home": "1", "away": "1"}, "cornerresult": "9", "hasWebTV": false, "hasOdds": false, "chlodds": {"LINELIST": [{"LINENUM": "1", "MAINLINE": "true", "LINESTATUS": "1", "LINEORDER": "1", "LINE": "10.5/10.5", "H": "100@2.50", "L": "100@1.46"}], "ID": "722e2aa7-a781-4f6b-b415-20194c7e1a5c", "POOLSTATUS": "Selling", "ET": "0", "INPLAY": "true", "ALLUP": "true", "Cur": "1"}, "hasExtraTimePools": false, "results": {}, "definedPools": ["HAD", "FHA", "CRS", "FCS", "FTS", "OOE", "TTG", "HFT", "HHA", "HDC", "HIL", "FHL", "CHL", "NTS"], "inplayPools": ["HAD", "FHA", "HIL", "CHL", "CRS", "FCS", "NTS"]}]