[{"matchID": "8c89cf7c-ba9b-4e72-9757-de1f7be12238", "matchIDinofficial": "20220428THU21", "matchNum": "21", "matchDate": "2022-04-28+08:00", "matchDay": "THU", "coupon": {"couponID": "6", "couponShortName": "THU", "couponNameCH": "\u5468\u56db\u8cfd\u4e8b", "couponNameEN": "Thursday Matches"}, "league": {"leagueID": "71", "leagueShortName": "LBC", "leagueNameCH": "\u5357\u7f8e\u81ea\u7531\u76c3", "leagueNameEN": "Copa Libertadores"}, "homeTeam": {"teamID": "3305", "teamNameCH": "\u963f\u723e\u97cb\u65af\u5217\u8fea", "teamNameEN": "Always Ready"}, "awayTeam": {"teamID": "2231", "teamNameCH": "\u5361\u5229", "teamNameEN": "Deportivo Cali"}, "matchStatus": "Closed", "matchTime": "2022-04-29T10:00:00+08:00", "statuslastupdated": "2022-04-29T10:00:14+08:00", "inplaydelay": "true", "neutralgroundvenue": {"neutralgroundvenueNameCH": "\u62c9\u5df4\u65af\u897f\u840a\u65af\u9ad4\u80b2\u5834", "neutralgroundvenueNameEN": "Esatdio Hernando Siles, La Paz"}, "channel": [{"order": 1, "channelID": "GX", "channelNameCH": "GoalX app", "channelNameEN": "GoalX app"}, {"order": 2, "channelID": "HKJC", "channelNameCH": "HKJC TV app", "channelNameEN": "HKJC TV app"}], "liveEvent": {"ilcLiveDisplay": true, "hasLiveInfo": true, "isIncomplete": false, "matchIDbetradar": "32898651", "matchstate": "FirstHalf", "stateTS": "2022-04-29T10:00:14+08:00", "liveevent": []}, "accumulatedscore": [{"periodvalue": "FirstHalf", "periodstatus": "Started", "home": "", "away": ""}], "livescore": {"home": "0", "away": "0"}, "cornerresult": "1", "hasWebTV": false, "hasOdds": false, "chlodds": {"LINELIST": [{"LINENUM": "1", "MAINLINE": "true", "LINESTATUS": "1", "LINEORDER": "1", "LINE": "8.5/8.5", "H": "100@1.74", "L": "100@1.97"}, {"LINENUM": "2", "MAINLINE": "false", "LINESTATUS": "1", "LINEORDER": "2", "LINE": "9.5/9.5", "L": "100@1.67", "H": "100@2.07"}], "ID": "4f7449c7-50d1-4e3e-b985-be8f14a1c6d8", "POOLSTATUS": "Selling", "ET": "0", "INPLAY": "true", "ALLUP": "true", "Cur": "1"}, "hasExtraTimePools": false, "results": {}, "definedPools": ["HAD", "FHA", "CRS", "FCS", "FTS", "OOE", "TTG", "HFT", "HHA", "HDC", "HIL", "FHL", "CHL", "NTS"], "inplayPools": ["HAD", "FHA", "HIL", "CHL", "CRS", "FCS", "NTS"]}]