[{"matchID": "046a54dc-42f2-4a1b-ac7e-915f4b3c460f", "matchIDinofficial": "20220507SAT8", "matchNum": "8", "matchDate": "2022-05-07+08:00", "matchDay": "SAT", "coupon": {"couponID": "1", "couponShortName": "SAT", "couponNameCH": "\u5468\u516d\u8cfd\u4e8b", "couponNameEN": "Saturday Matches"}, "league": {"leagueID": "15", "leagueShortName": "SPL", "leagueNameCH": "\u8607\u683c\u862d\u8d85\u7d1a\u806f\u8cfd", "leagueNameEN": "Scottish Premier"}, "homeTeam": {"teamID": "151", "teamNameCH": "\u4e9b\u8def\u8fea", "teamNameEN": "Celtic"}, "awayTeam": {"teamID": "228", "teamNameCH": "\u8d6b\u65af", "teamNameEN": "Hearts"}, "matchStatus": "ResultIn", "matchTime": "2022-05-07T19:00:00+08:00", "statuslastupdated": "2022-05-07T19:40:14+08:00", "inplaydelay": "true", "channel": [{"order": 1, "channelID": "639", "channelNameCH": "NOW 639 \u53f0", "channelNameEN": "NOW 639"}], "liveEvent": {"ilcLiveDisplay": true, "hasLiveInfo": true, "isIncomplete": false, "matchIDbetradar": "33160037", "matchstate": "FirstHalf", "stateTS": "2022-05-07T19:00:27+08:00", "liveevent": [{"order": 1, "minutesElasped": "3", "actionType": "Regular", "playerNameCH": "\u827e\u5229\u65af\u68ee\u65af", "playerNameEN": "Ellis Simms", "homeaway": "Away"}, {"order": 2, "minutesElasped": "31", "actionType": "Regular", "playerNameCH": "\u524d\u7530\u5927\u7136", "playerNameEN": "Daizen Maeda", "homeaway": "Home"}, {"order": 3, "minutesElasped": "31", "actionType": "YellowCard", "playerNameCH": "\u5e0c\u6bd4\u514b, \u6258\u6bd4", "playerNameEN": "Toby Sibbick", "homeaway": "Away"}, {"order": 4, "minutesElasped": "37", "actionType": "Regular", "playerNameCH": "\u53e4\u6a4b\u4ea8\u68a7", "playerNameEN": "Kyogo Furuhashi", "homeaway": "Home"}]}, "accumulatedscore": [{"periodvalue": "FirstHalf", "periodstatus": "Interim", "home": "2", "away": "1"}], "livescore": {"home": "2", "away": "1"}, "cornerresult": "1", "hasWebTV": false, "hasOdds": false, "chlodds": {"LINELIST": [{"LINENUM": "1", "MAINLINE": "true", "LINESTATUS": "1", "LINEORDER": "1", "LINE": "6.5/6.5", "H": "100@2.02", "L": "100@1.70"}, {"LINENUM": "2", "MAINLINE": "false", "LINESTATUS": "1", "LINEORDER": "2", "LINE": "7.5/7.5", "L": "100@1.34", "H": "100@2.95"}], "ID": "a3fd0a6e-6ca9-4dfa-bcff-5c5cd5714326", "POOLSTATUS": "Selling", "ET": "0", "INPLAY": "true", "ALLUP": "true", "Cur": "1"}, "hasExtraTimePools": false, "results": {}, "definedPools": ["HAD", "FHA", "CRS", "FCS", "FTS", "OOE", "TTG", "HFT", "HHA", "HDC", "HIL", "FHL", "CHL", "NTS"], "inplayPools": ["HAD", "FHA", "HIL", "CHL", "CRS", "FCS", "NTS"]}]