[{"matchID": "d7fca452-a355-460b-82e5-bb96f8a4872b", "matchIDinofficial": "20220501SUN12", "matchNum": "12", "matchDate": "2022-05-01+08:00", "matchDay": "SUN", "coupon": {"couponID": "2", "couponShortName": "SUN", "couponNameCH": "\u5468\u65e5\u8cfd\u4e8b", "couponNameEN": "Sunday Matches"}, "league": {"leagueID": "15", "leagueShortName": "SPL", "leagueNameCH": "\u8607\u683c\u862d\u8d85\u7d1a\u806f\u8cfd", "leagueNameEN": "Scottish Premier"}, "homeTeam": {"teamID": "151", "teamNameCH": "\u4e9b\u8def\u8fea", "teamNameEN": "Celtic"}, "awayTeam": {"teamID": "98", "teamNameCH": "\u683c\u62c9\u65af\u54e5\u6d41\u6d6a", "teamNameEN": "Rangers"}, "matchStatus": "ResultIn", "matchTime": "2022-05-01T19:00:00+08:00", "statuslastupdated": "2022-05-01T20:45:15+08:00", "inplaydelay": "true", "channel": [{"order": 1, "channelID": "639", "channelNameCH": "NOW 639 \u53f0", "channelNameEN": "NOW 639"}], "liveEvent": {"ilcLiveDisplay": true, "hasLiveInfo": true, "isIncomplete": true, "matchIDbetradar": "", "matchstate": "SecondHalf", "stateTS": "2022-05-01T20:03:13+08:00", "liveevent": [{"order": 1, "minutesElasped": "67", "actionType": "Regular", "playerNameCH": "\u6c99\u5361\u62c9, \u6cd5\u905c", "playerNameEN": "Fashion Sakala", "homeaway": "Away"}]}, "accumulatedscore": [{"periodvalue": "FirstHalf", "periodstatus": "ResultFinal", "home": "1", "away": "0"}, {"periodvalue": "SecondHalf", "periodstatus": "Interim", "home": "1", "away": "1"}], "livescore": {"home": "1", "away": "1"}, "cornerresult": "-1", "hasWebTV": false, "hasOdds": false, "chlodds": {"LINELIST": [{"LINENUM": "1", "MAINLINE": "true", "LINESTATUS": "1", "LINEORDER": "1", "LINE": "10.5/10.5", "H": "100@3.65", "L": "100@1.23"}], "ID": "76f73d2a-d441-437e-b188-668b4574cbcb", "POOLSTATUS": "FinalStopSell", "ET": "0", "INPLAY": "true", "ALLUP": "true", "Cur": "1"}, "hasExtraTimePools": false, "results": {}, "definedPools": ["HAD", "FHA", "CRS", "FCS", "FTS", "OOE", "TTG", "HFT", "HHA", "HDC", "HIL", "FHL", "CHL", "NTS"], "inplayPools": ["HAD", "FHA", "HIL", "CHL", "CRS", "FCS", "NTS"]}, {"matchID": "9292449d-0662-4c26-976b-c6b2432850ee", "matchIDinofficial": "20220501SUN13", "matchNum": "13", "matchDate": "2022-05-01+08:00", "matchDay": "SUN", "coupon": {"couponID": "2", "couponShortName": "SUN", "couponNameCH": "\u5468\u65e5\u8cfd\u4e8b", "couponNameEN": "Sunday Matches"}, "league": {"leagueID": "90", "leagueShortName": "ACL", "leagueNameCH": "\u4e9e\u6d32\u806f\u8cfd\u51a0\u8ecd\u76c3", "leagueNameEN": "Asian Champions League"}, "homeTeam": {"teamID": "3485", "teamNameCH": "HA\u5609\u840a", "teamNameEN": "HA Gia Lai"}, "awayTeam": {"teamID": "1085", "teamNameCH": "FC\u6089\u5c3c", "teamNameEN": "Sydney FC"}, "matchStatus": "ResultIn", "matchTime": "2022-05-01T19:00:00+08:00", "statuslastupdated": "2022-05-01T20:44:10+08:00", "inplaydelay": "true", "neutralgroundvenue": {"neutralgroundvenueNameCH": "\u8d8a\u5357\u80e1\u5fd7\u660e\u5e02\u7d71\u4e00\u9ad4\u80b2\u5834", "neutralgroundvenueNameEN": "Thong Nhat Stadium, Ho Chi Minh City, Vietnam"}, "channel": [{"order": 1, "channelID": "ES", "channelNameCH": "ElevenSports", "channelNameEN": "ElevenSports"}], "liveEvent": {"ilcLiveDisplay": true, "hasLiveInfo": true, "isIncomplete": false, "matchIDbetradar": "32307389", "matchstate": "SecondHalf", "stateTS": "2022-05-01T20:01:45+08:00", "liveevent": [{"order": 1, "minutesElasped": "39", "actionType": "Regular", "playerNameCH": "\u5e03\u862d\u9053", "playerNameEN": "Brandao", "homeaway": "Home"}, {"order": 2, "minutesElasped": "60", "actionType": "YellowCard", "playerNameCH": "\u5360\u58eb\u7576\u62ff\u6cbb", "playerNameEN": "James Donachie", "homeaway": "Away"}, {"order": 3, "minutesElasped": "84", "actionType": "YellowCard", "playerNameCH": "", "playerNameEN": "Huynh Tuan Linh", "homeaway": "Home"}]}, "accumulatedscore": [{"periodvalue": "FirstHalf", "periodstatus": "ResultFinal", "home": "1", "away": "0"}, {"periodvalue": "SecondHalf", "periodstatus": "Interim", "home": "", "away": ""}], "livescore": {"home": "1", "away": "0"}, "cornerresult": "-1", "hasWebTV": false, "hasOdds": false, "chlodds": {"LINELIST": [{"LINENUM": "1", "MAINLINE": "true", "LINESTATUS": "1", "LINEORDER": "1", "LINE": "15.5/15.5", "H": "100@5.10", "L": "100@1.12"}], "ID": "4fbb966f-0ff4-48ed-b0c8-133eb38ff2b5", "POOLSTATUS": "FinalStopSell", "ET": "0", "INPLAY": "true", "ALLUP": "true", "Cur": "1"}, "hasExtraTimePools": false, "results": {}, "definedPools": ["HAD", "FHA", "CRS", "FCS", "FTS", "OOE", "TTG", "HFT", "HHA", "HDC", "HIL", "FHL", "CHL", "NTS"], "inplayPools": ["HAD", "FHA", "HIL", "CHL", "CRS", "FCS", "NTS"]}, {"matchID": "9cffcee0-51fb-4107-bdff-97fbe92702e5", "matchIDinofficial": "20220501SUN16", "matchNum": "16", "matchDate": "2022-05-01+08:00", "matchDay": "SUN", "coupon": {"couponID": "2", "couponShortName": "SUN", "couponNameCH": "\u5468\u65e5\u8cfd\u4e8b", "couponNameEN": "Sunday Matches"}, "league": {"leagueID": "4", "leagueShortName": "SFL", "leagueNameCH": "\u897f\u73ed\u7259\u7532\u7d44\u806f\u8cfd", "leagueNameEN": "Spanish Division 1"}, "homeTeam": {"teamID": "461", "teamNameCH": "\u827e\u723e\u5207", "teamNameEN": "CF Elche"}, "awayTeam": {"teamID": "68", "teamNameCH": "\u5967\u6c99\u8f9b\u62ff", "teamNameEN": "Osasuna"}, "matchStatus": "Closed", "matchTime": "2022-05-01T20:00:00+08:00", "statuslastupdated": "2022-05-01T20:02:00+08:00", "inplaydelay": "true", "channel": [{"order": 1, "channelID": "632", "channelNameCH": "NOW 632\u53f0", "channelNameEN": "NOW 632"}], "liveEvent": {"ilcLiveDisplay": true, "hasLiveInfo": true, "isIncomplete": false, "matchIDbetradar": "27965844", "matchstate": "FirstHalf", "stateTS": "2022-05-01T20:02:00+08:00", "liveevent": [{"order": 1, "minutesElasped": "36", "actionType": "YellowCard", "playerNameCH": "\u8cbb\u5ea6\u67e5\u7dad\u65af", "playerNameEN": "Fidel", "homeaway": "Home"}, {"order": 2, "minutesElasped": "41", "actionType": "YellowCard", "playerNameCH": "\u5b89\u7d20\u6d1b\u9ad8", "playerNameEN": "Enzo Roco", "homeaway": "Home"}, {"order": 3, "minutesElasped": "43", "actionType": "YellowCard", "playerNameCH": "\u99ac\u65af\u5361\u5229", "playerNameEN": "Omar Mascarell", "homeaway": "Home"}, {"order": 4, "minutesElasped": "44", "actionType": "YellowCard", "playerNameCH": "\u5b89\u8fea\u5e03\u8fea\u7f8e\u4e9e", "playerNameEN": "Ante Budimir", "homeaway": "Away"}]}, "accumulatedscore": [{"periodvalue": "FirstHalf", "periodstatus": "Started", "home": "", "away": ""}], "livescore": {"home": "0", "away": "0"}, "cornerresult": "3", "hasWebTV": false, "hasOdds": false, "chlodds": {"LINELIST": [{"LINENUM": "1", "MAINLINE": "true", "LINESTATUS": "1", "LINEORDER": "1", "LINE": "7.5/7.5", "H": "100@1.68", "L": "100@2.05"}, {"LINENUM": "2", "MAINLINE": "false", "LINESTATUS": "1", "LINEORDER": "2", "LINE": "8.5/8.5", "L": "100@1.51", "H": "100@2.38"}], "ID": "7b1c460c-a2b2-49fc-a689-0e61777878f7", "POOLSTATUS": "Selling", "ET": "0", "INPLAY": "true", "ALLUP": "true", "Cur": "1"}, "hasExtraTimePools": false, "results": {}, "definedPools": ["HAD", "FHA", "CRS", "FCS", "FTS", "OOE", "TTG", "HFT", "HHA", "HDC", "HIL", "FHL", "CHL", "NTS"], "inplayPools": ["HAD", "FHA", "HIL", "CHL", "CRS", "FCS", "NTS"]}]