[{"matchID": "12b338e8-a119-4638-8c37-148a46026dbc", "matchIDinofficial": "20220425MON1", "matchNum": "1", "matchDate": "2022-04-25+08:00", "matchDay": "MON", "coupon": {"couponID": "3", "couponShortName": "MON", "couponNameCH": "\u5468\u4e00\u8cfd\u4e8b", "couponNameEN": "Monday Matches"}, "league": {"leagueID": "89", "leagueShortName": "AD1", "leagueNameCH": "\u6fb3\u6d32\u8077\u696d\u806f\u8cfd", "leagueNameEN": "Australian Division 1"}, "homeTeam": {"teamID": "1156", "teamNameCH": "\u5e03\u91cc\u65af\u73ed\u7345\u543c", "teamNameEN": "Brisbane Roar"}, "awayTeam": {"teamID": "1095", "teamNameCH": "\u58a8\u723e\u672c\u52dd\u5229", "teamNameEN": "Melbourne Victory"}, "matchStatus": "Closed", "matchTime": "2022-04-25T12:05:00+08:00", "statuslastupdated": "2022-04-25T12:15:26+08:00", "inplaydelay": "true", "channel": [{"order": 1, "channelID": "MTS", "channelNameCH": "\u7121\u7dda myTV SUPER", "channelNameEN": "TVB myTV SUPER"}], "liveEvent": {"ilcLiveDisplay": true, "hasLiveInfo": true, "isIncomplete": false, "matchIDbetradar": "33266187", "matchstate": "FirstHalf", "stateTS": "2022-04-25T12:15:26+08:00", "liveevent": []}, "accumulatedscore": [{"periodvalue": "FirstHalf", "periodstatus": "Started", "home": "", "away": ""}], "livescore": {"home": "0", "away": "0"}, "cornerresult": "0", "hasWebTV": false, "hasOdds": false, "chlodds": {"LINELIST": [{"LINENUM": "2", "MAINLINE": "false", "LINESTATUS": "1", "LINEORDER": "2", "LINE": "9.5/9.5", "L": "100@1.70", "H": "100@2.02"}, {"LINENUM": "1", "MAINLINE": "true", "LINESTATUS": "1", "LINEORDER": "1", "LINE": "8.5/8.5", "H": "100@1.75", "L": "100@1.95"}], "ID": "1bc32615-76c6-4b70-a688-32e39d652312", "POOLSTATUS": "Selling", "ET": "0", "INPLAY": "true", "ALLUP": "true", "Cur": "1"}, "hasExtraTimePools": false, "results": {}, "definedPools": ["HAD", "FHA", "CRS", "FCS", "FTS", "OOE", "TTG", "HFT", "HHA", "HDC", "HIL", "FHL", "CHL", "NTS"], "inplayPools": ["HAD", "FHA", "HIL", "CHL", "CRS", "FCS", "NTS"]}]