[{"matchID": "d33881c3-629e-4278-877c-de4324a3b1c0", "matchIDinofficial": "20220416SAT62", "matchNum": "62", "matchDate": "2022-04-16+08:00", "matchDay": "SAT", "coupon": {"couponID": "1", "couponShortName": "SAT", "couponNameCH": "\u5468\u516d\u8cfd\u4e8b", "couponNameEN": "Saturday Matches"}, "league": {"leagueID": "2", "leagueShortName": "ISA", "leagueNameCH": "\u610f\u5927\u5229\u7532\u7d44\u806f\u8cfd", "leagueNameEN": "Italian Division 1"}, "homeTeam": {"teamID": "47", "teamNameCH": "\u62c9\u7d20", "teamNameEN": "Lazio"}, "awayTeam": {"teamID": "447", "teamNameCH": "\u62d6\u9023\u5974", "teamNameEN": "AC Torino"}, "matchStatus": "Closed", "matchTime": "2022-04-17T02:45:00+08:00", "statuslastupdated": "2022-04-17T02:48:36+08:00", "inplaydelay": "true", "channel": [{"order": 1, "channelID": "638", "channelNameCH": "NOW 638\u53f0", "channelNameEN": "NOW 638"}], "liveEvent": {"ilcLiveDisplay": true, "hasLiveInfo": true, "isIncomplete": false, "matchIDbetradar": "28160478", "matchstate": "FirstHalf", "stateTS": "2022-04-17T02:48:36+08:00", "liveevent": []}, "accumulatedscore": [{"periodvalue": "FirstHalf", "periodstatus": "Started", "home": "", "away": ""}], "livescore": {"home": "0", "away": "0"}, "cornerresult": "6", "hasWebTV": false, "hasOdds": false, "chlodds": {"LINELIST": [{"LINENUM": "1", "MAINLINE": "true", "LINESTATUS": "1", "LINEORDER": "1", "LINE": "11.5/11.5", "H": "100@2.08", "L": "100@1.66"}, {"LINENUM": "2", "MAINLINE": "false", "LINESTATUS": "1", "LINEORDER": "2", "LINE": "12.5/12.5", "H": "100@3.05", "L": "100@1.32"}], "ID": "3d1810f0-c542-40d9-9c23-cc101d7411d9", "POOLSTATUS": "Selling", "ET": "0", "INPLAY": "true", "ALLUP": "true", "Cur": "1"}, "hasExtraTimePools": false, "results": {}, "definedPools": ["HAD", "FHA", "CRS", "FCS", "FTS", "OOE", "TTG", "HFT", "HHA", "HDC", "HIL", "FHL", "CHL", "NTS"], "inplayPools": ["HAD", "FHA", "HIL", "CHL", "CRS", "FCS", "NTS"], "dhc": {"LEG1": "SAT 62", "LEG1ID": "d33881c3-629e-4278-877c-de4324a3b1c0", "LEG2": "SAT 65", "LEG2ID": "96b04a0f-fb83-4b02-90d2-15a42e39ad05", "ITEM": "1"}}]