[{"matchID": "1bb881c2-0177-4f6e-9061-5803d7d5fa40", "matchIDinofficial": "20220501SUN49", "matchNum": "49", "matchDate": "2022-05-01+08:00", "matchDay": "SUN", "coupon": {"couponID": "2", "couponShortName": "SUN", "couponNameCH": "\u5468\u65e5\u8cfd\u4e8b", "couponNameEN": "Sunday Matches"}, "league": {"leagueID": "4", "leagueShortName": "SFL", "leagueNameCH": "\u897f\u73ed\u7259\u7532\u7d44\u806f\u8cfd", "leagueNameEN": "Spanish Division 1"}, "homeTeam": {"teamID": "863", "teamNameCH": "\u83ef\u6b77\u7c21\u5974", "teamNameEN": "Vallecano"}, "awayTeam": {"teamID": "70", "teamNameCH": "\u7687\u5bb6\u8607\u65af\u9054", "teamNameEN": "Real Sociedad"}, "matchStatus": "ResultIn", "matchTime": "2022-05-02T00:30:00+08:00", "statuslastupdated": "2022-05-02T02:07:36+08:00", "inplaydelay": "true", "channel": [{"order": 1, "channelID": "632", "channelNameCH": "NOW 632\u53f0", "channelNameEN": "NOW 632"}], "liveEvent": {"ilcLiveDisplay": true, "hasLiveInfo": true, "isIncomplete": false, "matchIDbetradar": "27965842", "matchstate": "SecondHalf", "stateTS": "2022-05-02T01:33:13+08:00", "liveevent": [{"order": 1, "minutesElasped": "33", "actionType": "Regular", "playerNameCH": "\u963f\u6b77\u5c71\u5927\u7d22\u6d1b\u592b", "playerNameEN": "Alexander Sorloth", "homeaway": "Away"}, {"order": 2, "minutesElasped": "38", "actionType": "YellowCard", "playerNameCH": "\u8607\u6bd4\u8fea\u4e9e", "playerNameEN": "Igor Zubeldia", "homeaway": "Away"}, {"order": 3, "minutesElasped": "56", "actionType": "YellowCard", "playerNameCH": "\u70cf\u5c3c\u76e7\u6bd4\u65af", "playerNameEN": "Unai Lopez", "homeaway": "Home"}, {"order": 4, "minutesElasped": "73", "actionType": "YellowCard", "playerNameCH": "\u5967\u65af\u5361\u83ef\u502b\u5929", "playerNameEN": "Oscar Valentin", "homeaway": "Home"}, {"order": 5, "minutesElasped": "78", "actionType": "Regular", "playerNameCH": "\u6cd5\u5361\u5967", "playerNameEN": "Radamel Falcao", "homeaway": "Home"}]}, "accumulatedscore": [{"periodvalue": "FirstHalf", "periodstatus": "ResultFinal", "home": "0", "away": "1"}, {"periodvalue": "SecondHalf", "periodstatus": "Interim", "home": "1", "away": "1"}], "livescore": {"home": "1", "away": "1"}, "cornerresult": "-1", "hasWebTV": false, "hasOdds": false, "chlodds": {"LINELIST": [{"LINENUM": "2", "MAINLINE": "false", "LINESTATUS": "1", "LINEORDER": "2", "LINE": "15.5/15.5", "H": "100@4.30", "L": "100@1.17"}, {"LINENUM": "1", "MAINLINE": "true", "LINESTATUS": "1", "LINEORDER": "1", "LINE": "14.5/14.5", "L": "100@1.66", "H": "100@2.08"}], "ID": "93e1491d-09cf-43a7-ba44-448c82133d37", "POOLSTATUS": "NotSelling", "ET": "0", "INPLAY": "true", "ALLUP": "true", "Cur": "1"}, "hasExtraTimePools": false, "results": {}, "definedPools": ["HAD", "FHA", "CRS", "FCS", "FTS", "OOE", "TTG", "HFT", "HHA", "HDC", "HIL", "FHL", "CHL", "NTS"], "inplayPools": ["HAD", "FHA", "HIL", "CHL", "CRS", "FCS", "NTS"]}]