[{"matchID": "6728fef8-14c0-4f19-8c23-c1e5665a08d9", "matchIDinofficial": "20220504WED25", "matchNum": "25", "matchDate": "2022-05-04+08:00", "matchDay": "WED", "coupon": {"couponID": "5", "couponShortName": "WED", "couponNameCH": "\u5468\u4e09\u8cfd\u4e8b", "couponNameEN": "Wednesday Matches"}, "league": {"leagueID": "79", "leagueShortName": "MLS", "leagueNameCH": "\u7f8e\u570b\u8077\u696d\u806f\u8cfd", "leagueNameEN": "US Football League"}, "homeTeam": {"teamID": "3007", "teamNameCH": "FC\u8f9b\u8f9b\u90a3\u63d0", "teamNameEN": "FC Cincinnati"}, "awayTeam": {"teamID": "927", "teamNameCH": "FC\u591a\u502b\u591a", "teamNameEN": "Toronto FC"}, "matchStatus": "ResultIn", "matchTime": "2022-05-05T07:30:00+08:00", "statuslastupdated": "2022-05-05T09:07:12+08:00", "inplaydelay": "true", "channel": [{"order": 1, "channelID": "639", "channelNameCH": "NOW 639 \u53f0", "channelNameEN": "NOW 639"}], "liveEvent": {"ilcLiveDisplay": true, "hasLiveInfo": true, "isIncomplete": false, "matchIDbetradar": "31099699", "matchstate": "SecondHalf", "stateTS": "2022-05-05T08:41:51+08:00", "liveevent": [{"order": 1, "minutesElasped": "2", "actionType": "Regular", "playerNameCH": "\u5947\u96f2\u590f\u91cc\u65af", "playerNameEN": "Calvin Harris", "homeaway": "Home"}, {"order": 2, "minutesElasped": "3", "actionType": "YellowCard", "playerNameCH": "\u666e\u91cc\u7d22, \u62c9\u7d22\u592b", "playerNameEN": "Ralph Priso-Mbongue", "homeaway": "Away"}, {"order": 3, "minutesElasped": "6", "actionType": "RedCard", "playerNameCH": "\u666e\u91cc\u7d22, \u62c9\u7d22\u592b", "playerNameEN": "Ralph Priso-Mbongue", "homeaway": "Away"}, {"order": 4, "minutesElasped": "12", "actionType": "YellowCard", "playerNameCH": "\u5c3c\u723e\u68ee, \u5091\u767b", "playerNameEN": "Jayden Nelson", "homeaway": "Away"}, {"order": 5, "minutesElasped": "57", "actionType": "Penalty", "playerNameCH": "\u76e7\u897f\u4e9e\u8afe\u963f\u79d1\u65af\u5854", "playerNameEN": "Luciano Acosta", "homeaway": "Home"}, {"order": 6, "minutesElasped": "59", "actionType": "YellowCard", "playerNameCH": "\u6069\u6c83\u535a\u591a, \u5967\u8cd3\u5a1c", "playerNameEN": "Obinna Nwobodo", "homeaway": "Home"}]}, "accumulatedscore": [{"periodvalue": "FirstHalf", "periodstatus": "ResultFinal", "home": "1", "away": "0"}, {"periodvalue": "SecondHalf", "periodstatus": "Interim", "home": "2", "away": "0"}], "livescore": {"home": "2", "away": "0"}, "cornerresult": "7", "hasWebTV": false, "hasOdds": false, "chlodds": {"LINELIST": [{"LINENUM": "2", "MAINLINE": "false", "LINESTATUS": "1", "LINEORDER": "2", "LINE": "9.5/9.5", "L": "100@1.36", "H": "100@2.88"}, {"LINENUM": "1", "MAINLINE": "true", "LINESTATUS": "1", "LINEORDER": "1", "LINE": "8.5/8.5", "H": "100@1.65", "L": "100@2.10"}], "ID": "fdd9cdd2-521e-4647-9b36-6d279221f942", "POOLSTATUS": "Selling", "ET": "0", "INPLAY": "true", "ALLUP": "true", "Cur": "1"}, "hasExtraTimePools": false, "results": {}, "definedPools": ["HAD", "FHA", "CRS", "FCS", "FTS", "OOE", "TTG", "HFT", "HHA", "HDC", "HIL", "FHL", "CHL", "NTS"], "inplayPools": ["HAD", "FHA", "HIL", "CHL", "CRS", "FCS", "NTS"]}]