[{"matchID": "c8259b1d-9b49-4c8f-aa68-b56f9c574a3b", "matchIDinofficial": "20220501SUN66", "matchNum": "66", "matchDate": "2022-05-01+08:00", "matchDay": "SUN", "coupon": {"couponID": "2", "couponShortName": "SUN", "couponNameCH": "\u5468\u65e5\u8cfd\u4e8b", "couponNameEN": "Sunday Matches"}, "league": {"leagueID": "79", "leagueShortName": "MLS", "leagueNameCH": "\u7f8e\u570b\u8077\u696d\u806f\u8cfd", "leagueNameEN": "US Football League"}, "homeTeam": {"teamID": "3066", "teamNameCH": "FC\u6d1b\u6749\u78ef", "teamNameEN": "Los Angeles FC"}, "awayTeam": {"teamID": "1462", "teamNameCH": "\u660e\u5c3c\u8607\u9054\u806f", "teamNameEN": "Minnesota Utd"}, "matchStatus": "ResultIn", "matchTime": "2022-05-02T10:00:00+08:00", "statuslastupdated": "2022-05-02T12:08:50+08:00", "inplaydelay": "true", "channel": [{"order": 1, "channelID": "639", "channelNameCH": "NOW 639 \u53f0", "channelNameEN": "NOW 639"}], "liveEvent": {"ilcLiveDisplay": true, "hasLiveInfo": true, "isIncomplete": false, "matchIDbetradar": "31099641", "matchstate": "SecondHalf", "stateTS": "2022-05-02T11:26:26+08:00", "liveevent": [{"order": 1, "minutesElasped": "69", "actionType": "YellowCard", "playerNameCH": "\u8fea\u5df4\u65af", "playerNameEN": "Bakaye Dibassy", "homeaway": "Away"}, {"order": 2, "minutesElasped": "83", "actionType": "Regular", "playerNameCH": "\u8cc0\u5bdc\u8212\u7279", "playerNameEN": "Ryan Hollingshead", "homeaway": "Home"}, {"order": 3, "minutesElasped": "85", "actionType": "YellowCard", "playerNameCH": "", "playerNameEN": "Kervin Arriaga", "homeaway": "Away"}]}, "accumulatedscore": [{"periodvalue": "FirstHalf", "periodstatus": "ResultFinal", "home": "0", "away": "0"}, {"periodvalue": "SecondHalf", "periodstatus": "Interim", "home": "1", "away": "0"}], "livescore": {"home": "1", "away": "0"}, "cornerresult": "-1", "hasWebTV": false, "hasOdds": false, "chlodds": {"LINELIST": [{"LINENUM": "1", "MAINLINE": "true", "LINESTATUS": "1", "LINEORDER": "1", "LINE": "13.5/13.5", "L": "100@1.23", "H": "100@3.65"}], "ID": "011aa94f-7898-403f-b929-59b7807ad97f", "POOLSTATUS": "FinalStopSell", "ET": "0", "INPLAY": "true", "ALLUP": "true", "Cur": "1"}, "hasExtraTimePools": false, "results": {}, "definedPools": ["HAD", "FHA", "CRS", "FCS", "FTS", "OOE", "TTG", "HFT", "HHA", "HDC", "HIL", "FHL", "CHL", "NTS"], "inplayPools": ["HAD", "FHA", "HIL", "CHL", "CRS", "FCS", "NTS"]}]