[{"matchID": "11cf7710-7527-4c56-b166-c25adf40a115", "matchIDinofficial": "20220424SUN78", "matchNum": "78", "matchDate": "2022-04-24+08:00", "matchDay": "SUN", "coupon": {"couponID": "2", "couponShortName": "SUN", "couponNameCH": "\u5468\u65e5\u8cfd\u4e8b", "couponNameEN": "Sunday Matches"}, "league": {"leagueID": "123", "leagueShortName": "CD1", "leagueNameCH": "\u667a\u5229\u7532\u7d44\u806f\u8cfd", "leagueNameEN": "Chilean Division 1"}, "homeTeam": {"teamID": "2625", "teamNameCH": "\u54e5\u7518\u4fdd", "teamNameEN": "Coquimbo Unido"}, "awayTeam": {"teamID": "2279", "teamNameCH": "\u5361\u62c9\u96f7\u806f", "teamNameEN": "Union La Calera"}, "matchStatus": "ResultIn", "matchTime": "2022-04-25T07:57:00+08:00", "statuslastupdated": "2022-04-25T09:26:56+08:00", "inplaydelay": "true", "channel": [{"order": 1, "channelID": "GX", "channelNameCH": "GoalX app", "channelNameEN": "GoalX app"}, {"order": 2, "channelID": "HKJC", "channelNameCH": "HKJC TV app", "channelNameEN": "HKJC TV app"}], "liveEvent": {"ilcLiveDisplay": true, "hasLiveInfo": true, "isIncomplete": false, "matchIDbetradar": "31802449", "matchstate": "SecondHalf", "stateTS": "2022-04-25T09:03:05+08:00", "liveevent": [{"order": 1, "minutesElasped": "26", "actionType": "Regular", "playerNameCH": "\u585e\u8332, \u585e\u5df4\u65af\u8482\u5b89", "playerNameEN": "Sebastian Saez", "homeaway": "Away"}, {"order": 2, "minutesElasped": "42", "actionType": "YellowCard", "playerNameCH": "\u5ca1\u85a9\u96f7\u65af, \u7dad\u514b\u6258", "playerNameEN": "Victor Gonzalez", "homeaway": "Home"}, {"order": 3, "minutesElasped": "54", "actionType": "Regular", "playerNameCH": "\u67cf\u65af\u9023\u5c3c", "playerNameEN": "Lucas Passerini", "homeaway": "Away"}, {"order": 4, "minutesElasped": "59", "actionType": "Regular", "playerNameCH": "\u55ac\u963f\u5e03\u91cc\u6208", "playerNameEN": "Joe Abrigo", "homeaway": "Home"}, {"order": 5, "minutesElasped": "63", "actionType": "Regular", "playerNameCH": "", "playerNameEN": "Fabian Carmona", "homeaway": "Home"}]}, "accumulatedscore": [{"periodvalue": "FirstHalf", "periodstatus": "ResultFinal", "home": "0", "away": "1"}, {"periodvalue": "SecondHalf", "periodstatus": "Interim", "home": "2", "away": "2"}], "livescore": {"home": "2", "away": "2"}, "cornerresult": "10", "hasWebTV": false, "hasOdds": false, "chlodds": {"LINELIST": [{"LINENUM": "2", "MAINLINE": "false", "LINESTATUS": "1", "LINEORDER": "2", "LINE": "12.5/12.5", "L": "100@1.43", "H": "100@2.60"}, {"LINENUM": "1", "MAINLINE": "true", "LINESTATUS": "1", "LINEORDER": "1", "LINE": "11.5/11.5", "H": "100@1.54", "L": "100@2.30"}], "ID": "5d8a4926-9d8f-406b-9978-e64d26ec37c2", "POOLSTATUS": "Selling", "ET": "0", "INPLAY": "true", "ALLUP": "true", "Cur": "1"}, "hasExtraTimePools": false, "results": {}, "definedPools": ["HAD", "FHA", "CRS", "FCS", "FTS", "OOE", "TTG", "HFT", "HHA", "HDC", "HIL", "FHL", "CHL", "NTS"], "inplayPools": ["HAD", "FHA", "HIL", "CHL", "CRS", "FCS", "NTS"]}]