[{"matchID": "af3fc3a8-5698-48d8-8e32-f26ed7e7ecc7", "matchIDinofficial": "20220421THU3", "matchNum": "3", "matchDate": "2022-04-21+08:00", "matchDay": "THU", "coupon": {"couponID": "6", "couponShortName": "THU", "couponNameCH": "\u5468\u56db\u8cfd\u4e8b", "couponNameEN": "Thursday Matches"}, "league": {"leagueID": "90", "leagueShortName": "ACL", "leagueNameCH": "\u4e9e\u6d32\u806f\u8cfd\u51a0\u8ecd\u76c3", "leagueNameEN": "Asian Champions League"}, "homeTeam": {"teamID": "2497", "teamNameCH": "\u5df4\u541e\u806f", "teamNameEN": "BG Pathum Utd"}, "awayTeam": {"teamID": "3076", "teamNameCH": "FC\u806f\u5408\u57ce", "teamNameEN": "United City FC"}, "matchStatus": "ResultIn", "matchTime": "2022-04-21T19:00:00+08:00", "statuslastupdated": "2022-04-21T20:45:37+08:00", "inplaydelay": "true", "channel": [{"order": 1, "channelID": "ES", "channelNameCH": "ElevenSports", "channelNameEN": "ElevenSports"}], "liveEvent": {"ilcLiveDisplay": true, "hasLiveInfo": true, "isIncomplete": false, "matchIDbetradar": "32307353", "matchstate": "SecondHalf", "stateTS": "2022-04-21T20:02:43+08:00", "liveevent": [{"order": 1, "minutesElasped": "42", "actionType": "Regular", "playerNameCH": "", "playerNameEN": "Kanokpon Puspakom", "homeaway": "Home"}, {"order": 2, "minutesElasped": "75", "actionType": "Regular", "playerNameCH": "", "playerNameEN": "Worachit Kanitsribampen", "homeaway": "Home"}, {"order": 3, "minutesElasped": "80", "actionType": "Regular", "playerNameCH": "\u8fea\u5967\u9ad8\u8def\u723e\u65af", "playerNameEN": "Diogo", "homeaway": "Home"}, {"order": 4, "minutesElasped": "82", "actionType": "OwnGoal", "playerNameCH": "", "playerNameEN": "Alan Robertson", "homeaway": "Home"}, {"order": 5, "minutesElasped": "87", "actionType": "Regular", "playerNameCH": "\u7cbe\u795e\u75c5\u60a3\u8005", "playerNameEN": "Pathomphol Charoenrattanapirom", "homeaway": "Home"}]}, "accumulatedscore": [{"periodvalue": "FirstHalf", "periodstatus": "ResultFinal", "home": "1", "away": "0"}, {"periodvalue": "SecondHalf", "periodstatus": "Interim", "home": "5", "away": "0"}], "livescore": {"home": "5", "away": "0"}, "cornerresult": "-1", "hasWebTV": false, "hasOdds": false, "chlodds": {"LINELIST": [{"LINENUM": "1", "MAINLINE": "true", "LINESTATUS": "1", "LINEORDER": "1", "LINE": "6.5/6.5", "L": "100@1.09", "H": "100@5.80"}], "ID": "11acfaaf-862e-47ea-90a3-94a0b35a35ce", "POOLSTATUS": "FinalStopSell", "ET": "0", "INPLAY": "true", "ALLUP": "true", "Cur": "1"}, "hasExtraTimePools": false, "results": {}, "definedPools": ["HAD", "FHA", "CRS", "FCS", "FTS", "OOE", "TTG", "HFT", "HHA", "HDC", "HIL", "FHL", "CHL", "NTS"], "inplayPools": ["HAD", "FHA", "HIL", "CHL", "CRS", "FCS", "NTS"]}]