[{"matchID": "1a95fbfd-9a12-4127-ab69-0a9d1af4993e", "matchIDinofficial": "20220508SUN48", "matchNum": "48", "matchDate": "2022-05-08+08:00", "matchDay": "SUN", "coupon": {"couponID": "2", "couponShortName": "SUN", "couponNameCH": "\u5468\u65e5\u8cfd\u4e8b", "couponNameEN": "Sunday Matches"}, "league": {"leagueID": "4", "leagueShortName": "SFL", "leagueNameCH": "\u897f\u73ed\u7259\u7532\u7d44\u806f\u8cfd", "leagueNameEN": "Spanish Division 1"}, "homeTeam": {"teamID": "75", "teamNameCH": "\u7dad\u62c9\u5229\u723e", "teamNameEN": "Villarreal"}, "awayTeam": {"teamID": "72", "teamNameCH": "\u897f\u7dad\u723e", "teamNameEN": "Sevilla"}, "matchStatus": "ResultIn", "matchTime": "2022-05-08T22:15:00+08:00", "statuslastupdated": "2022-05-08T23:22:34+08:00", "inplaydelay": "true", "channel": [{"order": 1, "channelID": "632", "channelNameCH": "NOW 632\u53f0", "channelNameEN": "NOW 632"}], "liveEvent": {"ilcLiveDisplay": true, "hasLiveInfo": true, "isIncomplete": false, "matchIDbetradar": "27965864", "matchstate": "SecondHalf", "stateTS": "2022-05-08T23:18:24+08:00", "liveevent": [{"order": 1, "minutesElasped": "4", "actionType": "YellowCard", "playerNameCH": "\u5353\u79be\u65af", "playerNameEN": "Samuel Chukwueze", "homeaway": "Home"}, {"order": 2, "minutesElasped": "45", "actionType": "YellowCard", "playerNameCH": "\u76e7\u65bd\u7d20", "playerNameEN": "Giovani Lo Celso", "homeaway": "Home"}]}, "accumulatedscore": [{"periodvalue": "FirstHalf", "periodstatus": "ResultFinal", "home": "0", "away": "0"}, {"periodvalue": "SecondHalf", "periodstatus": "Interim", "home": "", "away": ""}], "livescore": {"home": "0", "away": "0"}, "cornerresult": "4", "hasWebTV": false, "hasOdds": false, "chlodds": {"LINELIST": [{"LINENUM": "1", "MAINLINE": "true", "LINESTATUS": "1", "LINEORDER": "1", "LINE": "8.5/8.5", "L": "100@1.77", "H": "100@1.93"}, {"LINENUM": "2", "MAINLINE": "false", "LINESTATUS": "1", "LINEORDER": "2", "LINE": "9.5/9.5", "H": "100@2.60", "L": "100@1.43"}], "ID": "5bc00ad0-b4b3-4551-a4b1-a550cb114c8b", "POOLSTATUS": "Selling", "ET": "0", "INPLAY": "true", "ALLUP": "true", "Cur": "1"}, "hasExtraTimePools": false, "results": {}, "definedPools": ["HAD", "FHA", "CRS", "FCS", "FTS", "OOE", "TTG", "HFT", "HHA", "HDC", "HIL", "FHL", "CHL", "NTS"], "inplayPools": ["HAD", "FHA", "HIL", "CHL", "CRS", "FCS", "NTS"]}]