[{"matchID": "d3ad13eb-cecb-4612-a8ed-c79d95b4b5f8", "matchIDinofficial": "20220429FRI1", "matchNum": "1", "matchDate": "2022-04-29+08:00", "matchDay": "FRI", "coupon": {"couponID": "7", "couponShortName": "FRI", "couponNameCH": "\u5468\u4e94\u8cfd\u4e8b", "couponNameEN": "Friday Matches"}, "league": {"leagueID": "55", "leagueShortName": "JD1", "leagueNameCH": "\u65e5\u672c\u8077\u696d\u806f\u8cfd", "leagueNameEN": "Japanese Division 1"}, "homeTeam": {"teamID": "871", "teamNameCH": "\u5317\u6d77\u9053\u672d\u5e4c\u5ca1\u85a9\u591a", "teamNameEN": "Hokkaido Consadole Sapporo"}, "awayTeam": {"teamID": "1033", "teamNameCH": "\u6e58\u5357\u6bd4\u99ac", "teamNameEN": "Shonan Bellmare"}, "matchStatus": "Closed", "matchTime": "2022-04-29T12:05:00+08:00", "statuslastupdated": "2022-04-29T12:08:18+08:00", "inplaydelay": "true", "channel": [{"order": 1, "channelID": "GX", "channelNameCH": "GoalX app", "channelNameEN": "GoalX app"}, {"order": 2, "channelID": "HKJC", "channelNameCH": "HKJC TV app", "channelNameEN": "HKJC TV app"}], "liveEvent": {"ilcLiveDisplay": true, "hasLiveInfo": true, "isIncomplete": false, "matchIDbetradar": "31767671", "matchstate": "FirstHalf", "stateTS": "2022-04-29T12:08:18+08:00", "liveevent": []}, "accumulatedscore": [{"periodvalue": "FirstHalf", "periodstatus": "Started", "home": "", "away": ""}], "livescore": {"home": "0", "away": "0"}, "cornerresult": "5", "hasWebTV": false, "hasOdds": false, "chlodds": {"LINELIST": [{"LINENUM": "2", "MAINLINE": "false", "LINESTATUS": "1", "LINEORDER": "2", "LINE": "10.5/10.5", "H": "100@2.30", "L": "100@1.54"}, {"LINENUM": "1", "MAINLINE": "true", "LINESTATUS": "1", "LINEORDER": "1", "LINE": "9.5/9.5", "H": "100@1.70", "L": "100@2.02"}], "ID": "11890ea4-2a03-44fb-8e34-199f02821e85", "POOLSTATUS": "Selling", "ET": "0", "INPLAY": "true", "ALLUP": "true", "Cur": "1"}, "hasExtraTimePools": false, "results": {}, "definedPools": ["HAD", "FHA", "CRS", "FCS", "FTS", "OOE", "TTG", "HFT", "HHA", "HDC", "HIL", "FHL", "CHL", "NTS"], "inplayPools": ["HAD", "FHA", "HIL", "CHL", "CRS", "FCS", "NTS"]}]