[{"matchID": "4317e72b-13a5-4cd2-a825-3d47f403c2c9", "matchIDinofficial": "20220501SUN40", "matchNum": "40", "matchDate": "2022-05-01+08:00", "matchDay": "SUN", "coupon": {"couponID": "2", "couponShortName": "SUN", "couponNameCH": "\u5468\u65e5\u8cfd\u4e8b", "couponNameEN": "Sunday Matches"}, "league": {"leagueID": "14", "leagueShortName": "FFL", "leagueNameCH": "\u6cd5\u570b\u7532\u7d44\u806f\u8cfd", "leagueNameEN": "French Division 1"}, "homeTeam": {"teamID": "210", "teamNameCH": "\u6ce2\u723e\u591a", "teamNameEN": "Bordeaux"}, "awayTeam": {"teamID": "217", "teamNameCH": "\u5c3c\u65af", "teamNameEN": "Nice"}, "matchStatus": "ResultIn", "matchTime": "2022-05-01T23:05:00+08:00", "statuslastupdated": "2022-05-02T00:27:12+08:00", "inplaydelay": "true", "channel": [{"order": 1, "channelID": "639", "channelNameCH": "NOW 639 \u53f0", "channelNameEN": "NOW 639"}], "liveEvent": {"ilcLiveDisplay": true, "hasLiveInfo": true, "isIncomplete": false, "matchIDbetradar": "27885366", "matchstate": "SecondHalf", "stateTS": "2022-05-02T00:06:42+08:00", "liveevent": [{"order": 1, "minutesElasped": "11", "actionType": "YellowCard", "playerNameCH": "\u5361\u592b\u862d\u675c\u6797", "playerNameEN": "Kephren Thuram Ulien", "homeaway": "Away"}, {"order": 2, "minutesElasped": "31", "actionType": "YellowCard", "playerNameCH": "\u99ac\u4e9b\u8def\u5b89\u6771\u5c3c\u5967", "playerNameEN": "Marcelo", "homeaway": "Home"}]}, "accumulatedscore": [{"periodvalue": "FirstHalf", "periodstatus": "ResultFinal", "home": "0", "away": "0"}, {"periodvalue": "SecondHalf", "periodstatus": "Interim", "home": "", "away": ""}], "livescore": {"home": "0", "away": "0"}, "cornerresult": "5", "hasWebTV": false, "hasOdds": false, "chlodds": {"LINELIST": [{"LINENUM": "1", "MAINLINE": "true", "LINESTATUS": "1", "LINEORDER": "1", "LINE": "7.5/7.5", "L": "100@1.92", "H": "100@1.78"}, {"LINENUM": "2", "MAINLINE": "false", "LINESTATUS": "1", "LINEORDER": "2", "LINE": "8.5/8.5", "H": "100@3.00", "L": "100@1.33"}], "ID": "c3ff3790-b6e1-451f-8b8b-4c069e9bb981", "POOLSTATUS": "Selling", "ET": "0", "INPLAY": "true", "ALLUP": "true", "Cur": "1"}, "hasExtraTimePools": false, "results": {}, "definedPools": ["HAD", "FHA", "CRS", "FCS", "FTS", "OOE", "TTG", "HFT", "HHA", "HDC", "HIL", "FHL", "CHL", "NTS"], "inplayPools": ["HAD", "FHA", "HIL", "CHL", "CRS", "FCS", "NTS"]}, {"matchID": "47b50616-1db6-4e2f-83c9-fdf6123056bd", "matchIDinofficial": "20220501SUN44", "matchNum": "44", "matchDate": "2022-05-01+08:00", "matchDay": "SUN", "coupon": {"couponID": "2", "couponShortName": "SUN", "couponNameCH": "\u5468\u65e5\u8cfd\u4e8b", "couponNameEN": "Sunday Matches"}, "league": {"leagueID": "2", "leagueShortName": "ISA", "leagueNameCH": "\u610f\u5927\u5229\u7532\u7d44\u806f\u8cfd", "leagueNameEN": "Italian Division 1"}, "homeTeam": {"teamID": "56", "teamNameCH": "\u70cf\u7538\u5c3c\u65af", "teamNameEN": "Udinese"}, "awayTeam": {"teamID": "45", "teamNameCH": "\u570b\u969b\u7c73\u862d", "teamNameEN": "Inter Milan"}, "matchStatus": "ResultIn", "matchTime": "2022-05-02T00:00:00+08:00", "statuslastupdated": "2022-05-02T00:20:03+08:00", "inplaydelay": "true", "channel": [{"order": 1, "channelID": "638", "channelNameCH": "NOW 638\u53f0", "channelNameEN": "NOW 638"}], "liveEvent": {"ilcLiveDisplay": true, "hasLiveInfo": true, "isIncomplete": false, "matchIDbetradar": "28160528", "matchstate": "FirstHalf", "stateTS": "2022-05-02T00:01:03+08:00", "liveevent": [{"order": 1, "minutesElasped": "12", "actionType": "Regular", "playerNameCH": "\u6bd4\u5217\u932b", "playerNameEN": "Ivan Perisic", "homeaway": "Away"}]}, "accumulatedscore": [{"periodvalue": "FirstHalf", "periodstatus": "Interim", "home": "0", "away": "1"}], "livescore": {"home": "0", "away": "1"}, "cornerresult": "4", "hasWebTV": false, "hasOdds": false, "chlodds": {"LINELIST": [{"LINENUM": "1", "MAINLINE": "true", "LINESTATUS": "1", "LINEORDER": "1", "LINE": "10.5/10.5", "H": "100@1.79", "L": "100@1.91"}, {"LINENUM": "2", "MAINLINE": "false", "LINESTATUS": "1", "LINEORDER": "2", "LINE": "11.5/11.5", "H": "100@2.40", "L": "100@1.50"}], "ID": "1eb1137e-3dc5-43bc-9362-a54daca22054", "POOLSTATUS": "Selling", "ET": "0", "INPLAY": "true", "ALLUP": "true", "Cur": "1"}, "hasExtraTimePools": false, "results": {}, "definedPools": ["HAD", "FHA", "CRS", "FCS", "FTS", "OOE", "TTG", "HFT", "HHA", "HDC", "HIL", "FHL", "CHL", "NTS"], "inplayPools": ["HAD", "FHA", "HIL", "CHL", "CRS", "FCS", "NTS"]}]