[{"matchID": "777cb7ad-7e4d-4d54-a898-66158ec24042", "matchIDinofficial": "20220425MON3", "matchNum": "3", "matchDate": "2022-04-25+08:00", "matchDay": "MON", "coupon": {"couponID": "3", "couponShortName": "MON", "couponNameCH": "\u5468\u4e00\u8cfd\u4e8b", "couponNameEN": "Monday Matches"}, "league": {"leagueID": "90", "leagueShortName": "ACL", "leagueNameCH": "\u4e9e\u6d32\u806f\u8cfd\u51a0\u8ecd\u76c3", "leagueNameEN": "Asian Champions League"}, "homeTeam": {"teamID": "3080", "teamNameCH": "\u6e05\u840a\u806f", "teamNameEN": "Chiangrai Utd"}, "awayTeam": {"teamID": "556", "teamNameCH": "\u795e\u6236\u52dd\u5229\u8239", "teamNameEN": "Vissel Kobe"}, "matchStatus": "ResultIn", "matchTime": "2022-04-25T22:00:00+08:00", "statuslastupdated": "2022-04-25T23:46:51+08:00", "inplaydelay": "true", "neutralgroundvenue": {"neutralgroundvenueNameCH": "\u6cf0\u570b\u6b66\u91cc\u5357\u9ad4\u80b2\u5834", "neutralgroundvenueNameEN": "Buriram Stadium, Buriram, Thailand"}, "channel": [{"order": 1, "channelID": "ES", "channelNameCH": "ElevenSports", "channelNameEN": "ElevenSports"}], "liveEvent": {"ilcLiveDisplay": true, "hasLiveInfo": true, "isIncomplete": false, "matchIDbetradar": "32307403", "matchstate": "SecondHalf", "stateTS": "2022-04-25T23:01:27+08:00", "liveevent": [{"order": 1, "minutesElasped": "8", "actionType": "YellowCard", "playerNameCH": "\u661f\u7f8e, \u7d20\u91cc\u4e9e", "playerNameEN": "Suriya Singmui", "homeaway": "Home"}, {"order": 2, "minutesElasped": "85", "actionType": "YellowCard", "playerNameCH": "\u78a7\u62ff", "playerNameEN": "Brinner", "homeaway": "Home"}, {"order": 3, "minutesElasped": "90", "actionType": "YellowCard", "playerNameCH": "\u7279\u5967\u63d0\u5e15\u7279", "playerNameEN": "Chotipat Poomkeaw", "homeaway": "Home"}]}, "accumulatedscore": [{"periodvalue": "FirstHalf", "periodstatus": "ResultFinal", "home": "0", "away": "0"}, {"periodvalue": "SecondHalf", "periodstatus": "Interim", "home": "", "away": ""}], "livescore": {"home": "0", "away": "0"}, "cornerresult": "-1", "hasWebTV": false, "hasOdds": false, "chlodds": {"LINELIST": [{"LINENUM": "1", "MAINLINE": "true", "LINESTATUS": "1", "LINEORDER": "1", "LINE": "9.5/9.5", "H": "100@4.90", "L": "100@1.13"}], "ID": "74e6da0d-bf22-4c8d-9371-b56affafb3e4", "POOLSTATUS": "FinalStopSell", "ET": "0", "INPLAY": "true", "ALLUP": "true", "Cur": "1"}, "hasExtraTimePools": false, "results": {}, "definedPools": ["HAD", "FHA", "CRS", "FCS", "FTS", "OOE", "TTG", "HFT", "HHA", "HIL", "FHL", "CHL", "NTS"], "inplayPools": ["HAD", "FHA", "HIL", "CHL", "CRS", "FCS", "NTS"]}]