[{"matchID": "9cffcee0-51fb-4107-bdff-97fbe92702e5", "matchIDinofficial": "20220501SUN16", "matchNum": "16", "matchDate": "2022-05-01+08:00", "matchDay": "SUN", "coupon": {"couponID": "2", "couponShortName": "SUN", "couponNameCH": "\u5468\u65e5\u8cfd\u4e8b", "couponNameEN": "Sunday Matches"}, "league": {"leagueID": "4", "leagueShortName": "SFL", "leagueNameCH": "\u897f\u73ed\u7259\u7532\u7d44\u806f\u8cfd", "leagueNameEN": "Spanish Division 1"}, "homeTeam": {"teamID": "461", "teamNameCH": "\u827e\u723e\u5207", "teamNameEN": "CF Elche"}, "awayTeam": {"teamID": "68", "teamNameCH": "\u5967\u6c99\u8f9b\u62ff", "teamNameEN": "Osasuna"}, "matchStatus": "ResultIn", "matchTime": "2022-05-01T20:00:00+08:00", "statuslastupdated": "2022-05-01T21:22:08+08:00", "inplaydelay": "true", "channel": [{"order": 1, "channelID": "632", "channelNameCH": "NOW 632\u53f0", "channelNameEN": "NOW 632"}], "liveEvent": {"ilcLiveDisplay": true, "hasLiveInfo": true, "isIncomplete": false, "matchIDbetradar": "27965844", "matchstate": "SecondHalf", "stateTS": "2022-05-01T21:09:21+08:00", "liveevent": [{"order": 1, "minutesElasped": "36", "actionType": "YellowCard", "playerNameCH": "\u8cbb\u5ea6\u67e5\u7dad\u65af", "playerNameEN": "Fidel", "homeaway": "Home"}, {"order": 2, "minutesElasped": "41", "actionType": "YellowCard", "playerNameCH": "\u5b89\u7d20\u6d1b\u9ad8", "playerNameEN": "Enzo Roco", "homeaway": "Home"}, {"order": 3, "minutesElasped": "43", "actionType": "YellowCard", "playerNameCH": "\u99ac\u65af\u5361\u5229", "playerNameEN": "Omar Mascarell", "homeaway": "Home"}, {"order": 4, "minutesElasped": "44", "actionType": "YellowCard", "playerNameCH": "\u5b89\u8fea\u5e03\u8fea\u7f8e\u4e9e", "playerNameEN": "Ante Budimir", "homeaway": "Away"}]}, "accumulatedscore": [{"periodvalue": "FirstHalf", "periodstatus": "ResultFinal", "home": "0", "away": "0"}, {"periodvalue": "SecondHalf", "periodstatus": "Interim", "home": "", "away": ""}], "livescore": {"home": "0", "away": "0"}, "cornerresult": "4", "hasWebTV": false, "hasOdds": false, "chlodds": {"LINELIST": [{"LINENUM": "1", "MAINLINE": "true", "LINESTATUS": "1", "LINEORDER": "1", "LINE": "6.5/6.5", "H": "100@1.68", "L": "100@2.05"}, {"LINENUM": "2", "MAINLINE": "false", "LINESTATUS": "1", "LINEORDER": "2", "LINE": "7.5/7.5", "L": "100@1.39", "H": "100@2.75"}], "ID": "7b1c460c-a2b2-49fc-a689-0e61777878f7", "POOLSTATUS": "Selling", "ET": "0", "INPLAY": "true", "ALLUP": "true", "Cur": "1"}, "hasExtraTimePools": false, "results": {}, "definedPools": ["HAD", "FHA", "CRS", "FCS", "FTS", "OOE", "TTG", "HFT", "HHA", "HDC", "HIL", "FHL", "CHL", "NTS"], "inplayPools": ["HAD", "FHA", "HIL", "CHL", "CRS", "FCS", "NTS"]}, {"matchID": "abee914c-214f-4059-956e-348d7b429dd1", "matchIDinofficial": "20220501SUN20", "matchNum": "20", "matchDate": "2022-05-01+08:00", "matchDay": "SUN", "coupon": {"couponID": "2", "couponShortName": "SUN", "couponNameCH": "\u5468\u65e5\u8cfd\u4e8b", "couponNameEN": "Sunday Matches"}, "league": {"leagueID": "1", "leagueShortName": "EPL", "leagueNameCH": "\u82f1\u683c\u862d\u8d85\u7d1a\u806f\u8cfd", "leagueNameEN": "Eng Premier"}, "homeTeam": {"teamID": "8", "teamNameCH": "\u611b\u83ef\u9813", "teamNameEN": "Everton"}, "awayTeam": {"teamID": "7", "teamNameCH": "\u8eca\u8def\u58eb", "teamNameEN": "Chelsea"}, "matchStatus": "Closed", "matchTime": "2022-05-01T21:00:00+08:00", "statuslastupdated": "2022-05-01T21:00:17+08:00", "inplaydelay": "true", "channel": [{"order": 1, "channelID": "621", "channelNameCH": "NOW 621\u53f0", "channelNameEN": "NOW 621"}], "liveEvent": {"ilcLiveDisplay": true, "hasLiveInfo": true, "isIncomplete": false, "matchIDbetradar": "27751734", "matchstate": "FirstHalf", "stateTS": "2022-05-01T21:00:17+08:00", "liveevent": [{"order": 1, "minutesElasped": "17", "actionType": "YellowCard", "playerNameCH": "\u9b6f\u8fea\u683c", "playerNameEN": "Antonio Rudiger", "homeaway": "Away"}]}, "accumulatedscore": [{"periodvalue": "FirstHalf", "periodstatus": "Started", "home": "", "away": ""}], "livescore": {"home": "0", "away": "0"}, "cornerresult": "1", "hasWebTV": false, "hasOdds": false, "chlodds": {"LINELIST": [{"LINENUM": "2", "MAINLINE": "false", "LINESTATUS": "1", "LINEORDER": "2", "LINE": "9.5/9.5", "H": "100@2.68", "L": "100@1.41"}, {"LINENUM": "1", "MAINLINE": "true", "LINESTATUS": "1", "LINEORDER": "1", "LINE": "8.5/8.5", "L": "100@1.74", "H": "100@1.97"}], "ID": "8a48e66c-1d16-4457-97d9-a1ed8ce79627", "POOLSTATUS": "Selling", "ET": "0", "INPLAY": "true", "ALLUP": "true", "Cur": "1"}, "hasExtraTimePools": false, "results": {}, "definedPools": ["HAD", "FHA", "CRS", "FCS", "FTS", "OOE", "TTG", "HFT", "HHA", "HDC", "HIL", "FHL", "CHL", "NTS"], "inplayPools": ["HAD", "FHA", "HIL", "CHL", "CRS", "FCS", "NTS"]}, {"matchID": "7a272dac-b53c-4635-8fae-eb7a2ec3e49c", "matchIDinofficial": "20220501SUN21", "matchNum": "21", "matchDate": "2022-05-01+08:00", "matchDay": "SUN", "coupon": {"couponID": "2", "couponShortName": "SUN", "couponNameCH": "\u5468\u65e5\u8cfd\u4e8b", "couponNameEN": "Sunday Matches"}, "league": {"leagueID": "1", "leagueShortName": "EPL", "leagueNameCH": "\u82f1\u683c\u862d\u8d85\u7d1a\u806f\u8cfd", "leagueNameEN": "Eng Premier"}, "homeTeam": {"teamID": "19", "teamNameCH": "\u71b1\u523a", "teamNameEN": "Tottenham"}, "awayTeam": {"teamID": "11", "teamNameCH": "\u674e\u65af\u7279\u57ce", "teamNameEN": "Leicester"}, "matchStatus": "ResultIn", "matchTime": "2022-05-01T21:00:00+08:00", "statuslastupdated": "2022-05-01T21:24:15+08:00", "inplaydelay": "true", "channel": [{"order": 1, "channelID": "622", "channelNameCH": "NOW 622\u53f0", "channelNameEN": "NOW 622"}], "liveEvent": {"ilcLiveDisplay": true, "hasLiveInfo": true, "isIncomplete": false, "matchIDbetradar": "27751744", "matchstate": "FirstHalf", "stateTS": "2022-05-01T21:00:19+08:00", "liveevent": [{"order": 1, "minutesElasped": "22", "actionType": "Regular", "playerNameCH": "\u54c8\u5229\u5361\u5c3c", "playerNameEN": "Harry Kane", "homeaway": "Home"}]}, "accumulatedscore": [{"periodvalue": "FirstHalf", "periodstatus": "Interim", "home": "1", "away": "0"}], "livescore": {"home": "1", "away": "0"}, "cornerresult": "3", "hasWebTV": false, "hasOdds": false, "chlodds": {"LINELIST": [{"LINENUM": "1", "MAINLINE": "true", "LINESTATUS": "1", "LINEORDER": "1", "LINE": "10.5/10.5", "L": "100@1.85", "H": "100@1.85"}, {"LINENUM": "2", "MAINLINE": "false", "LINESTATUS": "1", "LINEORDER": "2", "LINE": "11.5/11.5", "H": "100@2.45", "L": "100@1.48"}], "ID": "61ba45ea-5725-4788-b7da-af17a85e4c4b", "POOLSTATUS": "Selling", "ET": "0", "INPLAY": "true", "ALLUP": "true", "Cur": "1"}, "hasExtraTimePools": false, "results": {}, "definedPools": ["HAD", "FHA", "CRS", "FCS", "FTS", "OOE", "TTG", "HFT", "HHA", "HDC", "HIL", "FHL", "CHL", "NTS"], "inplayPools": ["HAD", "FHA", "HIL", "CHL", "CRS", "FCS", "NTS"]}, {"matchID": "d731f586-4dc1-4495-ba86-5f5b784a58db", "matchIDinofficial": "20220501SUN22", "matchNum": "22", "matchDate": "2022-05-01+08:00", "matchDay": "SUN", "coupon": {"couponID": "2", "couponShortName": "SUN", "couponNameCH": "\u5468\u65e5\u8cfd\u4e8b", "couponNameEN": "Sunday Matches"}, "league": {"leagueID": "2", "leagueShortName": "ISA", "leagueNameCH": "\u610f\u5927\u5229\u7532\u7d44\u806f\u8cfd", "leagueNameEN": "Italian Division 1"}, "homeTeam": {"teamID": "39", "teamNameCH": "AC\u7c73\u862d", "teamNameEN": "AC Milan"}, "awayTeam": {"teamID": "342", "teamNameCH": "\u8cbb\u502b\u5929\u62ff", "teamNameEN": "Fiorentina"}, "matchStatus": "Closed", "matchTime": "2022-05-01T21:00:00+08:00", "statuslastupdated": "2022-05-01T21:01:02+08:00", "inplaydelay": "true", "channel": [{"order": 1, "channelID": "638", "channelNameCH": "NOW 638\u53f0", "channelNameEN": "NOW 638"}], "liveEvent": {"ilcLiveDisplay": true, "hasLiveInfo": true, "isIncomplete": false, "matchIDbetradar": "28160518", "matchstate": "FirstHalf", "stateTS": "2022-05-01T21:01:02+08:00", "liveevent": [{"order": 1, "minutesElasped": "2", "actionType": "YellowCard", "playerNameCH": "\u5c24\u7d20\u592b\u99ac\u5217", "playerNameEN": "Youssef Maleh", "homeaway": "Away"}]}, "accumulatedscore": [{"periodvalue": "FirstHalf", "periodstatus": "Started", "home": "", "away": ""}], "livescore": {"home": "0", "away": "0"}, "cornerresult": "-1", "hasWebTV": false, "hasOdds": false, "chlodds": {"LINELIST": [{"LINENUM": "2", "MAINLINE": "false", "LINESTATUS": "1", "LINEORDER": "2", "LINE": "9.5/9.5", "H": "100@2.15", "L": "100@1.62"}, {"LINENUM": "1", "MAINLINE": "true", "LINESTATUS": "1", "LINEORDER": "1", "LINE": "8.5/8.5", "H": "100@1.64", "L": "100@2.12"}], "ID": "8f6fd5d0-bf49-4af4-a52c-90a3732f00ae", "POOLSTATUS": "NotSelling", "ET": "0", "INPLAY": "true", "ALLUP": "true", "Cur": "1"}, "hasExtraTimePools": false, "results": {}, "definedPools": ["HAD", "FHA", "CRS", "FCS", "FTS", "OOE", "TTG", "HFT", "HHA", "HDC", "HIL", "FHL", "CHL", "NTS"], "inplayPools": ["HAD", "FHA", "HIL", "CHL", "CRS", "FCS", "NTS"]}]