[{"matchID": "4e2503df-7be8-4430-bda0-aaf632438f57", "matchIDinofficial": "20220416SAT8", "matchNum": "8", "matchDate": "2022-04-16+08:00", "matchDay": "SAT", "coupon": {"couponID": "1", "couponShortName": "SAT", "couponNameCH": "\u5468\u516d\u8cfd\u4e8b", "couponNameEN": "Saturday Matches"}, "league": {"leagueID": "2", "leagueShortName": "ISA", "leagueNameCH": "\u610f\u5927\u5229\u7532\u7d44\u806f\u8cfd", "leagueNameEN": "Italian Division 1"}, "homeTeam": {"teamID": "341", "teamNameCH": "\u5361\u5229\u4e9e\u91cc", "teamNameEN": "Cagliari"}, "awayTeam": {"teamID": "1509", "teamNameCH": "\u85a9\u65af\u7d22\u7f85", "teamNameEN": "Sassuolo"}, "matchStatus": "ResultIn", "matchTime": "2022-04-16T18:30:00+08:00", "statuslastupdated": "2022-04-16T20:07:18+08:00", "inplaydelay": "true", "channel": [{"order": 1, "channelID": "638", "channelNameCH": "NOW 638\u53f0", "channelNameEN": "NOW 638"}], "liveEvent": {"ilcLiveDisplay": true, "hasLiveInfo": true, "isIncomplete": false, "matchIDbetradar": "28160472", "matchstate": "SecondHalf", "stateTS": "2022-04-16T19:36:01+08:00", "liveevent": [{"order": 1, "minutesElasped": "27", "actionType": "YellowCard", "playerNameCH": "\u962e", "playerNameEN": "Ruan", "homeaway": "Away"}, {"order": 2, "minutesElasped": "42", "actionType": "Regular", "playerNameCH": "\u963f\u6b77\u8f9b\u5ea6\u6234\u5967\u62ff", "playerNameEN": "Alessandro Deiola", "homeaway": "Home"}, {"order": 3, "minutesElasped": "45", "actionType": "YellowCard", "playerNameCH": "\u6d1b\u83ef\u5716", "playerNameEN": "Matteo Lovato", "homeaway": "Home"}, {"order": 4, "minutesElasped": "45", "actionType": "YellowCard", "playerNameCH": "\u5c11\u5e74\u7279\u62c9\u5967\u96f7", "playerNameEN": "Hamed Junior Traor\u00e9", "homeaway": "Away"}]}, "accumulatedscore": [{"periodvalue": "FirstHalf", "periodstatus": "ResultFinal", "home": "1", "away": "0"}, {"periodvalue": "SecondHalf", "periodstatus": "Interim", "home": "", "away": ""}], "livescore": {"home": "1", "away": "0"}, "cornerresult": "5", "hasWebTV": false, "hasOdds": false, "chlodds": {"LINELIST": [{"LINENUM": "1", "MAINLINE": "true", "LINESTATUS": "1", "LINEORDER": "1", "LINE": "6.5/6.5", "L": "100@1.36", "H": "100@2.88"}], "ID": "e7ac7aed-eae5-4c5e-b757-a4d9edbb82cd", "POOLSTATUS": "Selling", "ET": "0", "INPLAY": "true", "ALLUP": "true", "Cur": "1"}, "hasExtraTimePools": false, "results": {}, "definedPools": ["HAD", "FHA", "CRS", "FCS", "FTS", "OOE", "TTG", "HFT", "HHA", "HDC", "HIL", "FHL", "CHL", "NTS"], "inplayPools": ["HAD", "FHA", "HIL", "CHL", "CRS", "FCS", "NTS"]}, {"matchID": "ef65523a-3271-4efa-8b48-ea044e14d833", "matchIDinofficial": "20220416SAT12", "matchNum": "12", "matchDate": "2022-04-16+08:00", "matchDay": "SAT", "coupon": {"couponID": "1", "couponShortName": "SAT", "couponNameCH": "\u5468\u516d\u8cfd\u4e8b", "couponNameEN": "Saturday Matches"}, "league": {"leagueID": "1", "leagueShortName": "EPL", "leagueNameCH": "\u82f1\u683c\u862d\u8d85\u7d1a\u806f\u8cfd", "leagueNameEN": "Eng Premier"}, "homeTeam": {"teamID": "19", "teamNameCH": "\u71b1\u523a", "teamNameEN": "Tottenham"}, "awayTeam": {"teamID": "175", "teamNameCH": "\u767d\u79ae\u9813", "teamNameEN": "Brighton"}, "matchStatus": "Closed", "matchTime": "2022-04-16T19:30:00+08:00", "statuslastupdated": "2022-04-16T19:30:32+08:00", "inplaydelay": "true", "channel": [{"order": 1, "channelID": "621", "channelNameCH": "NOW 621\u53f0", "channelNameEN": "NOW 621"}], "liveEvent": {"ilcLiveDisplay": true, "hasLiveInfo": true, "isIncomplete": false, "matchIDbetradar": "27751704", "matchstate": "FirstHalf", "stateTS": "2022-04-16T19:30:32+08:00", "liveevent": [{"order": 1, "minutesElasped": "26", "actionType": "YellowCard", "playerNameCH": "\u7f8e\u7dad\u6a38", "playerNameEN": "Enock Mwepu", "homeaway": "Away"}, {"order": 2, "minutesElasped": "27", "actionType": "YellowCard", "playerNameCH": "\u53e4\u8def\u65bd\u592b\u65af\u57fa", "playerNameEN": "Dejan Kulusevski", "homeaway": "Home"}, {"order": 3, "minutesElasped": "34", "actionType": "YellowCard", "playerNameCH": "\u8cd3\u5766\u53e4\u4e9e", "playerNameEN": "Rodrigo Bentancur", "homeaway": "Home"}]}, "accumulatedscore": [{"periodvalue": "FirstHalf", "periodstatus": "Started", "home": "", "away": ""}], "livescore": {"home": "0", "away": "0"}, "cornerresult": "6", "hasWebTV": false, "hasOdds": false, "chlodds": {"LINELIST": [{"LINENUM": "2", "MAINLINE": "false", "LINESTATUS": "1", "LINEORDER": "2", "LINE": "12.5/12.5", "L": "100@1.45", "H": "100@2.55"}, {"LINENUM": "1", "MAINLINE": "true", "LINESTATUS": "1", "LINEORDER": "1", "LINE": "11.5/11.5", "L": "100@1.84", "H": "100@1.86"}], "ID": "22c35a64-41b5-4ffb-85bf-bcc2e4a8b195", "POOLSTATUS": "Selling", "ET": "0", "INPLAY": "true", "ALLUP": "true", "Cur": "1"}, "hasExtraTimePools": false, "results": {}, "definedPools": ["HAD", "FHA", "CRS", "FCS", "FTS", "OOE", "TTG", "HFT", "HHA", "HDC", "HIL", "FHL", "CHL", "NTS"], "inplayPools": ["HAD", "FHA", "HIL", "CHL", "CRS", "FCS", "NTS"]}, {"matchID": "e50ae5e1-9396-4ceb-b093-0fff222c4f09", "matchIDinofficial": "20220416SAT13", "matchNum": "13", "matchDate": "2022-04-16+08:00", "matchDay": "SAT", "coupon": {"couponID": "1", "couponShortName": "SAT", "couponNameCH": "\u5468\u516d\u8cfd\u4e8b", "couponNameEN": "Saturday Matches"}, "league": {"leagueID": "30", "leagueShortName": "ED2", "leagueNameCH": "\u82f1\u683c\u862d\u7532\u7d44\u806f\u8cfd", "leagueNameEN": "Eng League 1"}, "homeTeam": {"teamID": "203", "teamNameCH": "\u6d1b\u9054\u54b8", "teamNameEN": "Rotherham"}, "awayTeam": {"teamID": "197", "teamNameCH": "\u8449\u58eb\u57df\u6cbb", "teamNameEN": "Ipswich"}, "matchStatus": "Closed", "matchTime": "2022-04-16T19:30:00+08:00", "statuslastupdated": "2022-04-16T19:32:50+08:00", "inplaydelay": "true", "channel": [{"order": 1, "channelID": "C662", "channelNameCH": "\u6709\u7dda662\u53f0", "channelNameEN": "i-CABLE 662"}, {"order": 2, "channelID": "C602", "channelNameCH": "\u6709\u7dda602\u53f0", "channelNameEN": "i-CABLE 602"}], "liveEvent": {"ilcLiveDisplay": true, "hasLiveInfo": true, "isIncomplete": false, "matchIDbetradar": "", "matchstate": "FirstHalf", "stateTS": "2022-04-16T19:32:50+08:00", "liveevent": []}, "accumulatedscore": [{"periodvalue": "FirstHalf", "periodstatus": "Started", "home": "", "away": ""}], "livescore": {"home": "0", "away": "0"}, "cornerresult": "5", "hasWebTV": false, "hasOdds": false, "chlodds": {"LINELIST": [{"LINENUM": "2", "MAINLINE": "false", "LINESTATUS": "1", "LINEORDER": "2", "LINE": "11.5/11.5", "H": "100@2.55", "L": "100@1.45"}, {"LINENUM": "1", "MAINLINE": "true", "LINESTATUS": "1", "LINEORDER": "1", "LINE": "10.5/10.5", "L": "100@1.87", "H": "100@1.83"}], "ID": "186eec61-2b61-438d-af4d-912c405c6100", "POOLSTATUS": "Selling", "ET": "0", "INPLAY": "true", "ALLUP": "true", "Cur": "1"}, "hasExtraTimePools": false, "results": {}, "definedPools": ["HAD", "FHA", "CRS", "FCS", "FTS", "OOE", "TTG", "HFT", "HHA", "HDC", "HIL", "FHL", "CHL", "NTS"], "inplayPools": ["HAD", "FHA", "HIL", "CHL", "CRS", "FCS", "NTS"]}]