[{"matchID": "e12e9016-0e6b-44d4-8a8a-7f8a25db4c99", "matchIDinofficial": "20220507SAT6", "matchNum": "6", "matchDate": "2022-05-07+08:00", "matchDay": "SAT", "coupon": {"couponID": "1", "couponShortName": "SAT", "couponNameCH": "\u5468\u516d\u8cfd\u4e8b", "couponNameEN": "Saturday Matches"}, "league": {"leagueID": "89", "leagueShortName": "AD1", "leagueNameCH": "\u6fb3\u6d32\u8077\u696d\u806f\u8cfd", "leagueNameEN": "Australian Division 1"}, "homeTeam": {"teamID": "1085", "teamNameCH": "FC\u6089\u5c3c", "teamNameEN": "Sydney FC"}, "awayTeam": {"teamID": "1095", "teamNameCH": "\u58a8\u723e\u672c\u52dd\u5229", "teamNameEN": "Melbourne Victory"}, "matchStatus": "ResultIn", "matchTime": "2022-05-07T17:45:00+08:00", "statuslastupdated": "2022-05-07T19:19:25+08:00", "inplaydelay": "true", "channel": [{"order": 1, "channelID": "85", "channelNameCH": "\u7121\u7dda85\u53f0", "channelNameEN": "TVB 85"}], "liveEvent": {"ilcLiveDisplay": true, "hasLiveInfo": true, "isIncomplete": false, "matchIDbetradar": "33300361", "matchstate": "SecondHalf", "stateTS": "2022-05-07T18:49:45+08:00", "liveevent": [{"order": 1, "minutesElasped": "14", "actionType": "Regular", "playerNameCH": "\u6b77\u514b\u8fea\u4e9e\u9ad8\u65af\u5929\u5974", "playerNameEN": "Nicholas D'Agostino", "homeaway": "Away"}, {"order": 2, "minutesElasped": "16", "actionType": "Regular", "playerNameCH": "\u65b9\u7956", "playerNameEN": "Adam Le Fondre", "homeaway": "Home"}, {"order": 3, "minutesElasped": "28", "actionType": "YellowCard", "playerNameCH": "\u4fdd\u7f85\u5217\u6cbb", "playerNameEN": "Paulo Retre", "homeaway": "Home"}, {"order": 4, "minutesElasped": "30", "actionType": "Regular", "playerNameCH": "\u7a4d\u57fa\u6bd4\u5ec9\u99ac", "playerNameEN": "Jake Brimmer", "homeaway": "Away"}, {"order": 5, "minutesElasped": "38", "actionType": "Regular", "playerNameCH": "\u8b1d\u5229\u4e9e", "playerNameEN": "Jason Geria", "homeaway": "Away"}, {"order": 6, "minutesElasped": "68", "actionType": "YellowCard", "playerNameCH": "\u99ac\u67e5\u6069", "playerNameEN": "Rai Marchan", "homeaway": "Away"}]}, "accumulatedscore": [{"periodvalue": "FirstHalf", "periodstatus": "ResultFinal", "home": "1", "away": "3"}, {"periodvalue": "SecondHalf", "periodstatus": "Interim", "home": "", "away": ""}], "livescore": {"home": "1", "away": "3"}, "cornerresult": "11", "hasWebTV": false, "hasOdds": false, "chlodds": {"LINELIST": [{"LINENUM": "2", "MAINLINE": "false", "LINESTATUS": "1", "LINEORDER": "2", "LINE": "14.5/14.5", "H": "100@4.40", "L": "100@1.16"}, {"LINENUM": "1", "MAINLINE": "true", "LINESTATUS": "1", "LINEORDER": "1", "LINE": "13.5/13.5", "H": "100@2.45", "L": "100@1.48"}], "ID": "55bf6a73-4144-48e7-b8a8-f23425a1a279", "POOLSTATUS": "Selling", "ET": "0", "INPLAY": "true", "ALLUP": "true", "Cur": "1"}, "hasExtraTimePools": false, "results": {}, "definedPools": ["HAD", "FHA", "CRS", "FCS", "FTS", "OOE", "TTG", "HFT", "HHA", "HDC", "HIL", "FHL", "CHL", "NTS"], "inplayPools": ["HAD", "FHA", "HIL", "CHL", "CRS", "FCS", "NTS"]}, {"matchID": "4c2c2e3d-c29d-46cb-b03f-a39faf262c54", "matchIDinofficial": "20220507SAT7", "matchNum": "7", "matchDate": "2022-05-07+08:00", "matchDay": "SAT", "coupon": {"couponID": "1", "couponShortName": "SAT", "couponNameCH": "\u5468\u516d\u8cfd\u4e8b", "couponNameEN": "Saturday Matches"}, "league": {"leagueID": "89", "leagueShortName": "AD1", "leagueNameCH": "\u6fb3\u6d32\u8077\u696d\u806f\u8cfd", "leagueNameEN": "Australian Division 1"}, "homeTeam": {"teamID": "1153", "teamNameCH": "\u4e2d\u5cb8\u6c34\u624b", "teamNameEN": "Central Coast Mariners"}, "awayTeam": {"teamID": "1154", "teamNameCH": "\u7d10\u5361\u7d20\u5674\u5c04\u6a5f", "teamNameEN": "Newcastle Jets"}, "matchStatus": "ResultIn", "matchTime": "2022-05-07T17:45:00+08:00", "statuslastupdated": "2022-05-07T19:18:51+08:00", "inplaydelay": "true", "channel": [{"order": 1, "channelID": "MTS", "channelNameCH": "\u7121\u7dda myTV SUPER", "channelNameEN": "TVB myTV SUPER"}], "liveEvent": {"ilcLiveDisplay": true, "hasLiveInfo": true, "isIncomplete": false, "matchIDbetradar": "33300359", "matchstate": "SecondHalf", "stateTS": "2022-05-07T18:47:00+08:00", "liveevent": [{"order": 1, "minutesElasped": "8", "actionType": "YellowCard", "playerNameCH": "\u6cf0\u840a\u5217\u6839", "playerNameEN": "Taylor Regan", "homeaway": "Away"}, {"order": 2, "minutesElasped": "30", "actionType": "Regular", "playerNameCH": "\u7a4d\u81e3\u7518\u660e\u65af", "playerNameEN": "Jason Cummings", "homeaway": "Home"}, {"order": 3, "minutesElasped": "49", "actionType": "YellowCard", "playerNameCH": "\u9ea5\u65af\u5df4\u52d2\u7279", "playerNameEN": "Maximilien Balard", "homeaway": "Home"}, {"order": 4, "minutesElasped": "62", "actionType": "Regular", "playerNameCH": "\u8cd3\u5c3c\u5c3c\u9ad8\u8def\u8def", "playerNameEN": "Beni Nkololo", "homeaway": "Home"}, {"order": 5, "minutesElasped": "66", "actionType": "YellowCard", "playerNameCH": "\u70cf\u9023\u62ff", "playerNameEN": "Marcos Urena", "homeaway": "Home"}]}, "accumulatedscore": [{"periodvalue": "FirstHalf", "periodstatus": "ResultFinal", "home": "1", "away": "0"}, {"periodvalue": "SecondHalf", "periodstatus": "Interim", "home": "2", "away": "0"}], "livescore": {"home": "2", "away": "0"}, "cornerresult": "-1", "hasWebTV": false, "hasOdds": false, "chlodds": {"LINELIST": [{"LINENUM": "1", "MAINLINE": "true", "LINESTATUS": "1", "LINEORDER": "1", "LINE": "12.5/12.5", "H": "100@1.71", "L": "100@2.01"}, {"LINENUM": "2", "MAINLINE": "false", "LINESTATUS": "1", "LINEORDER": "2", "LINE": "13.5/13.5", "H": "100@2.88", "L": "100@1.36"}], "ID": "408b679b-7b60-4705-afda-2eac4461b9cf", "POOLSTATUS": "NotSelling", "ET": "0", "INPLAY": "true", "ALLUP": "true", "Cur": "1"}, "hasExtraTimePools": false, "results": {}, "definedPools": ["HAD", "FHA", "CRS", "FCS", "FTS", "OOE", "TTG", "HFT", "HHA", "HDC", "HIL", "FHL", "CHL", "NTS"], "inplayPools": ["HAD", "FHA", "HIL", "CHL", "CRS", "FCS", "NTS"]}, {"matchID": "046a54dc-42f2-4a1b-ac7e-915f4b3c460f", "matchIDinofficial": "20220507SAT8", "matchNum": "8", "matchDate": "2022-05-07+08:00", "matchDay": "SAT", "coupon": {"couponID": "1", "couponShortName": "SAT", "couponNameCH": "\u5468\u516d\u8cfd\u4e8b", "couponNameEN": "Saturday Matches"}, "league": {"leagueID": "15", "leagueShortName": "SPL", "leagueNameCH": "\u8607\u683c\u862d\u8d85\u7d1a\u806f\u8cfd", "leagueNameEN": "Scottish Premier"}, "homeTeam": {"teamID": "151", "teamNameCH": "\u4e9b\u8def\u8fea", "teamNameEN": "Celtic"}, "awayTeam": {"teamID": "228", "teamNameCH": "\u8d6b\u65af", "teamNameEN": "Hearts"}, "matchStatus": "ResultIn", "matchTime": "2022-05-07T19:00:00+08:00", "statuslastupdated": "2022-05-07T19:04:50+08:00", "inplaydelay": "true", "channel": [{"order": 1, "channelID": "639", "channelNameCH": "NOW 639 \u53f0", "channelNameEN": "NOW 639"}], "liveEvent": {"ilcLiveDisplay": true, "hasLiveInfo": true, "isIncomplete": false, "matchIDbetradar": "33160037", "matchstate": "FirstHalf", "stateTS": "2022-05-07T19:00:27+08:00", "liveevent": [{"order": 1, "minutesElasped": "3", "actionType": "Regular", "playerNameCH": "\u827e\u5229\u65af\u68ee\u65af", "playerNameEN": "Ellis Simms", "homeaway": "Away"}]}, "accumulatedscore": [{"periodvalue": "FirstHalf", "periodstatus": "Interim", "home": "0", "away": "1"}], "livescore": {"home": "0", "away": "1"}, "cornerresult": "0", "hasWebTV": false, "hasOdds": false, "chlodds": {"LINELIST": [{"LINENUM": "1", "MAINLINE": "true", "LINESTATUS": "1", "LINEORDER": "1", "LINE": "9.5/9.5", "H": "100@1.82", "L": "100@1.88"}, {"LINENUM": "2", "MAINLINE": "false", "LINESTATUS": "1", "LINEORDER": "2", "LINE": "10.5/10.5", "L": "100@1.54", "H": "100@2.30"}], "ID": "a3fd0a6e-6ca9-4dfa-bcff-5c5cd5714326", "POOLSTATUS": "Selling", "ET": "0", "INPLAY": "true", "ALLUP": "true", "Cur": "1"}, "hasExtraTimePools": false, "results": {}, "definedPools": ["HAD", "FHA", "CRS", "FCS", "FTS", "OOE", "TTG", "HFT", "HHA", "HDC", "HIL", "FHL", "CHL", "NTS"], "inplayPools": ["HAD", "FHA", "HIL", "CHL", "CRS", "FCS", "NTS"]}]