[{"matchID": "2bd94c57-5fd0-40fb-888e-959f98bf8b58", "matchIDinofficial": "20220424SUN4", "matchNum": "4", "matchDate": "2022-04-24+08:00", "matchDay": "SUN", "coupon": {"couponID": "2", "couponShortName": "SUN", "couponNameCH": "\u5468\u65e5\u8cfd\u4e8b", "couponNameEN": "Sunday Matches"}, "league": {"leagueID": "90", "leagueShortName": "ACL", "leagueNameCH": "\u4e9e\u6d32\u806f\u8cfd\u51a0\u8ecd\u76c3", "leagueNameEN": "Asian Champions League"}, "homeTeam": {"teamID": "971", "teamNameCH": "FC\u5ee3\u5dde", "teamNameEN": "FC Guangzhou"}, "awayTeam": {"teamID": "1108", "teamNameCH": "\u851a\u5c71\u73fe\u4ee3", "teamNameEN": "Ulsan Hyundai"}, "matchStatus": "ResultIn", "matchTime": "2022-04-24T17:00:00+08:00", "statuslastupdated": "2022-04-24T18:31:53+08:00", "inplaydelay": "true", "neutralgroundvenue": {"neutralgroundvenueNameCH": "\u99ac\u4f86\u897f\u4e9e\u4e39\u65af\u91cc\u62ff\u7763\u54c8\u5409\u54c8\u6851\u5c24\u8afe\u65af\u7403\u5834", "neutralgroundvenueNameEN": "Tan Sri Dato Haji Hassan Yunos Stadium, Johor Bahru, Malaysia"}, "channel": [{"order": 1, "channelID": "ES", "channelNameCH": "ElevenSports", "channelNameEN": "ElevenSports"}], "liveEvent": {"ilcLiveDisplay": true, "hasLiveInfo": true, "isIncomplete": false, "matchIDbetradar": "32307541", "matchstate": "SecondHalf", "stateTS": "2022-04-24T18:05:19+08:00", "liveevent": [{"order": 1, "minutesElasped": "4", "actionType": "Regular", "playerNameCH": "\u5c39\u65e5\u9304", "playerNameEN": "Yun Il-Lok", "homeaway": "Away"}, {"order": 2, "minutesElasped": "37", "actionType": "YellowCard", "playerNameCH": "\u91d1\u8ce2\u5b87", "playerNameEN": "Hyunwoo Kim", "homeaway": "Away"}, {"order": 3, "minutesElasped": "54", "actionType": "Regular", "playerNameCH": "\u79d1\u65af\u5854, \u99ac\u514b", "playerNameEN": "Mark Koszta", "homeaway": "Away"}, {"order": 4, "minutesElasped": "64", "actionType": "Regular", "playerNameCH": "\u5361\u6c99\u8212\u97cb\u5229", "playerNameEN": "Vako Qazaishvili", "homeaway": "Away"}]}, "accumulatedscore": [{"periodvalue": "FirstHalf", "periodstatus": "ResultFinal", "home": "0", "away": "1"}, {"periodvalue": "SecondHalf", "periodstatus": "Interim", "home": "0", "away": "3"}], "livescore": {"home": "0", "away": "3"}, "cornerresult": "-1", "hasWebTV": false, "hasOdds": false, "chlodds": {"LINELIST": [{"LINENUM": "1", "MAINLINE": "true", "LINESTATUS": "1", "LINEORDER": "1", "LINE": "13.5/13.5", "L": "100@1.77", "H": "100@1.93"}, {"LINENUM": "2", "MAINLINE": "false", "LINESTATUS": "1", "LINEORDER": "2", "LINE": "14.5/14.5", "L": "100@1.29", "H": "100@3.20"}], "ID": "f87f1a8b-782c-4278-bae7-b5e9a966473b", "POOLSTATUS": "NotSelling", "ET": "0", "INPLAY": "true", "ALLUP": "true", "Cur": "1"}, "hasExtraTimePools": false, "results": {}, "definedPools": ["HAD", "FHA", "CRS", "FCS", "FTS", "OOE", "TTG", "HFT", "HHA", "HIL", "FHL", "CHL", "NTS"], "inplayPools": ["HAD", "FHA", "HIL", "CHL", "CRS", "FCS", "NTS"]}]