[{"matchID": "924750f4-23e1-4630-ac0a-89d109bbb0fb", "matchIDinofficial": "20220505THU5", "matchNum": "5", "matchDate": "2022-05-05+08:00", "matchDay": "THU", "coupon": {"couponID": "6", "couponShortName": "THU", "couponNameCH": "\u5468\u56db\u8cfd\u4e8b", "couponNameEN": "Thursday Matches"}, "league": {"leagueID": "89", "leagueShortName": "AD1", "leagueNameCH": "\u6fb3\u6d32\u8077\u696d\u806f\u8cfd", "leagueNameEN": "Australian Division 1"}, "homeTeam": {"teamID": "1920", "teamNameCH": "\u897f\u6089\u5c3c\u6d41\u6d6a\u8005", "teamNameEN": "Western Sydney Wanderers"}, "awayTeam": {"teamID": "1157", "teamNameCH": "\u5a01\u9748\u9813\u9cf3\u51f0", "teamNameEN": "Wellington Phoenix"}, "matchStatus": "ResultIn", "matchTime": "2022-05-05T17:05:00+08:00", "statuslastupdated": "2022-05-05T17:24:14+08:00", "inplaydelay": "true", "channel": [{"order": 1, "channelID": "MTS", "channelNameCH": "\u7121\u7dda myTV SUPER", "channelNameEN": "TVB myTV SUPER"}], "liveEvent": {"ilcLiveDisplay": true, "hasLiveInfo": true, "isIncomplete": false, "matchIDbetradar": "33300357", "matchstate": "FirstHalf", "stateTS": "2022-05-05T17:05:45+08:00", "liveevent": [{"order": 1, "minutesElasped": "3", "actionType": "Regular", "playerNameCH": "\u68ee\u745f\u9813", "playerNameEN": "Sam Sutton", "homeaway": "Away"}, {"order": 2, "minutesElasped": "11", "actionType": "YellowCard", "playerNameCH": "\u5c3c\u9ad8\u62c9\u65af\u8cd3\u5be7\u9813", "playerNameEN": "Nicholas Pennington", "homeaway": "Away"}, {"order": 3, "minutesElasped": "24", "actionType": "YellowCard", "playerNameCH": "\u5947\u6d1b\u5df4\u53e4\u65af", "playerNameEN": "Keanu Baccus", "homeaway": "Home"}]}, "accumulatedscore": [{"periodvalue": "FirstHalf", "periodstatus": "Interim", "home": "0", "away": "1"}], "livescore": {"home": "0", "away": "1"}, "cornerresult": "2", "hasWebTV": false, "hasOdds": false, "chlodds": {"LINELIST": [{"LINENUM": "2", "MAINLINE": "false", "LINESTATUS": "1", "LINEORDER": "2", "LINE": "11.5/11.5", "H": "100@2.30", "L": "100@1.54"}, {"LINENUM": "1", "MAINLINE": "true", "LINESTATUS": "1", "LINEORDER": "1", "LINE": "10.5/10.5", "L": "100@1.82", "H": "100@1.88"}], "ID": "c4e267c0-4aa3-474c-bda4-d5097109649e", "POOLSTATUS": "Selling", "ET": "0", "INPLAY": "true", "ALLUP": "true", "Cur": "1"}, "hasExtraTimePools": false, "results": {}, "definedPools": ["HAD", "FHA", "CRS", "FCS", "FTS", "OOE", "TTG", "HFT", "HHA", "HDC", "HIL", "FHL", "CHL", "NTS"], "inplayPools": ["HAD", "FHA", "HIL", "CHL", "CRS", "FCS", "NTS"]}]