[{"matchID": "c4b44e0f-84bb-4699-ba0b-b9793fd2c7cd", "matchIDinofficial": "20220502MON6", "matchNum": "6", "matchDate": "2022-05-02+08:00", "matchDay": "MON", "coupon": {"couponID": "3", "couponShortName": "MON", "couponNameCH": "\u5468\u4e00\u8cfd\u4e8b", "couponNameEN": "Monday Matches"}, "league": {"leagueID": "29", "leagueShortName": "ED1", "leagueNameCH": "\u82f1\u683c\u862d\u51a0\u8ecd\u806f\u8cfd", "leagueNameEN": "Eng Championship"}, "homeTeam": {"teamID": "9", "teamNameCH": "\u5bcc\u54b8", "teamNameEN": "Fulham"}, "awayTeam": {"teamID": "179", "teamNameCH": "\u76e7\u9813", "teamNameEN": "Luton"}, "matchStatus": "Closed", "matchTime": "2022-05-03T00:15:00+08:00", "statuslastupdated": "2022-05-03T00:16:44+08:00", "inplaydelay": "true", "channel": [{"order": 1, "channelID": "C662", "channelNameCH": "\u6709\u7dda662\u53f0", "channelNameEN": "i-CABLE 662"}, {"order": 2, "channelID": "C602", "channelNameCH": "\u6709\u7dda602\u53f0", "channelNameEN": "i-CABLE 602"}], "liveEvent": {"ilcLiveDisplay": true, "hasLiveInfo": true, "isIncomplete": false, "matchIDbetradar": "27868028", "matchstate": "FirstHalf", "stateTS": "2022-05-03T00:16:44+08:00", "liveevent": [{"order": 1, "minutesElasped": "11", "actionType": "YellowCard", "playerNameCH": "\u5e0c\u723e\u9813, \u4e39\u5c3c", "playerNameEN": "Danny Hylton", "homeaway": "Away"}]}, "accumulatedscore": [{"periodvalue": "FirstHalf", "periodstatus": "Started", "home": "", "away": ""}], "livescore": {"home": "0", "away": "0"}, "cornerresult": "4", "hasWebTV": false, "hasOdds": false, "chlodds": {"LINELIST": [{"LINENUM": "1", "MAINLINE": "true", "LINESTATUS": "1", "LINEORDER": "1", "LINE": "13.5/13.5", "H": "100@1.95", "L": "100@1.75"}, {"LINENUM": "2", "MAINLINE": "false", "LINESTATUS": "1", "LINEORDER": "2", "LINE": "14.5/14.5", "L": "100@1.45", "H": "100@2.55"}], "ID": "fb694211-c75d-426e-8adf-aba16252a37a", "POOLSTATUS": "Selling", "ET": "0", "INPLAY": "true", "ALLUP": "true", "Cur": "1"}, "hasExtraTimePools": false, "results": {}, "definedPools": ["HAD", "FHA", "CRS", "FCS", "FTS", "OOE", "TTG", "HFT", "HHA", "HDC", "HIL", "FHL", "CHL", "NTS"], "inplayPools": ["HAD", "FHA", "HIL", "CHL", "CRS", "FCS", "NTS"]}]