[{"matchID": "82d318a9-27cd-4c70-b01f-2a2b716340d6", "matchIDinofficial": "20220423SAT35", "matchNum": "35", "matchDate": "2022-04-23+08:00", "matchDay": "SAT", "coupon": {"couponID": "1", "couponShortName": "SAT", "couponNameCH": "\u5468\u516d\u8cfd\u4e8b", "couponNameEN": "Saturday Matches"}, "league": {"leagueID": "1", "leagueShortName": "EPL", "leagueNameCH": "\u82f1\u683c\u862d\u8d85\u7d1a\u806f\u8cfd", "leagueNameEN": "Eng Premier"}, "homeTeam": {"teamID": "13", "teamNameCH": "\u66fc\u57ce", "teamNameEN": "Manchester City"}, "awayTeam": {"teamID": "206", "teamNameCH": "\u5c48\u798f\u7279", "teamNameEN": "Watford"}, "matchStatus": "ResultIn", "matchTime": "2022-04-23T22:00:00+08:00", "statuslastupdated": "2022-04-23T23:45:01+08:00", "inplaydelay": "true", "channel": [{"order": 1, "channelID": "621", "channelNameCH": "NOW 621\u53f0", "channelNameEN": "NOW 621"}], "liveEvent": {"ilcLiveDisplay": true, "hasLiveInfo": true, "isIncomplete": false, "matchIDbetradar": "27751728", "matchstate": "SecondHalf", "stateTS": "2022-04-23T23:05:00+08:00", "liveevent": [{"order": 1, "minutesElasped": "4", "actionType": "Regular", "playerNameCH": "\u52a0\u6bd4\u723e\u6377\u897f\u65af", "playerNameEN": "Gabriel Jesus", "homeaway": "Home"}, {"order": 2, "minutesElasped": "23", "actionType": "Regular", "playerNameCH": "\u52a0\u6bd4\u723e\u6377\u897f\u65af", "playerNameEN": "Gabriel Jesus", "homeaway": "Home"}, {"order": 3, "minutesElasped": "28", "actionType": "Regular", "playerNameCH": "\u54c8\u8f9b\u5361\u99ac\u62c9", "playerNameEN": "Hassane Kamara", "homeaway": "Away"}, {"order": 4, "minutesElasped": "34", "actionType": "Regular", "playerNameCH": "\u6d1b\u8fea\u5361\u65af\u7c21\u8fea", "playerNameEN": "Rodri", "homeaway": "Home"}, {"order": 5, "minutesElasped": "43", "actionType": "YellowCard", "playerNameCH": "\u7956\u5967\u7c21\u4e9b\u8def", "playerNameEN": "Joao Cancelo", "homeaway": "Home"}, {"order": 6, "minutesElasped": "49", "actionType": "Penalty", "playerNameCH": "\u52a0\u6bd4\u723e\u6377\u897f\u65af", "playerNameEN": "Gabriel Jesus", "homeaway": "Home"}, {"order": 7, "minutesElasped": "53", "actionType": "Regular", "playerNameCH": "\u52a0\u6bd4\u723e\u6377\u897f\u65af", "playerNameEN": "Gabriel Jesus", "homeaway": "Home"}]}, "accumulatedscore": [{"periodvalue": "FirstHalf", "periodstatus": "ResultFinal", "home": "3", "away": "1"}, {"periodvalue": "SecondHalf", "periodstatus": "Interim", "home": "5", "away": "1"}], "livescore": {"home": "5", "away": "1"}, "cornerresult": "-1", "hasWebTV": false, "hasOdds": false, "chlodds": {"LINELIST": [{"LINENUM": "1", "MAINLINE": "true", "LINESTATUS": "1", "LINEORDER": "1", "LINE": "16.5/16.5", "L": "100@1.18", "H": "100@4.15"}], "ID": "b12f09fd-2b54-46c6-a943-02020c864176", "POOLSTATUS": "NotSelling", "ET": "0", "INPLAY": "true", "ALLUP": "true", "Cur": "1"}, "hasExtraTimePools": false, "results": {}, "definedPools": ["HAD", "FHA", "CRS", "FCS", "FTS", "OOE", "TTG", "HFT", "HHA", "HDC", "HIL", "FHL", "CHL", "NTS"], "inplayPools": ["HAD", "FHA", "HIL", "CHL", "CRS", "FCS", "NTS"]}, {"matchID": "395b2a7e-98de-4a55-b654-f42a4e49b884", "matchIDinofficial": "20220423SAT36", "matchNum": "36", "matchDate": "2022-04-23+08:00", "matchDay": "SAT", "coupon": {"couponID": "1", "couponShortName": "SAT", "couponNameCH": "\u5468\u516d\u8cfd\u4e8b", "couponNameEN": "Saturday Matches"}, "league": {"leagueID": "1", "leagueShortName": "EPL", "leagueNameCH": "\u82f1\u683c\u862d\u8d85\u7d1a\u806f\u8cfd", "leagueNameEN": "Eng Premier"}, "homeTeam": {"teamID": "11", "teamNameCH": "\u674e\u65af\u7279\u57ce", "teamNameEN": "Leicester"}, "awayTeam": {"teamID": "2", "teamNameCH": "\u963f\u58eb\u6771\u7dad\u62c9", "teamNameEN": "Aston Villa"}, "matchStatus": "ResultIn", "matchTime": "2022-04-23T22:00:00+08:00", "statuslastupdated": "2022-04-23T23:46:30+08:00", "inplaydelay": "true", "channel": [{"order": 1, "channelID": "622", "channelNameCH": "NOW 622\u53f0", "channelNameEN": "NOW 622"}], "liveEvent": {"ilcLiveDisplay": true, "hasLiveInfo": true, "isIncomplete": false, "matchIDbetradar": "27751724", "matchstate": "SecondHalf", "stateTS": "2022-04-23T23:03:40+08:00", "liveevent": [{"order": 1, "minutesElasped": "63", "actionType": "YellowCard", "playerNameCH": "\u5357\u67cf\u65af\u6587\u8fea", "playerNameEN": "Nampalys Mendy", "homeaway": "Home"}, {"order": 2, "minutesElasped": "65", "actionType": "YellowCard", "playerNameCH": "\u9054\u65af\u8c9d\u5229\u8cc0\u723e", "playerNameEN": "Kiernan Dewsbury Hall", "homeaway": "Home"}, {"order": 3, "minutesElasped": "72", "actionType": "YellowCard", "playerNameCH": "\u675c\u683c\u62c9\u65af\u96f7\u65af", "playerNameEN": "Douglas Luiz", "homeaway": "Away"}, {"order": 4, "minutesElasped": "75", "actionType": "YellowCard", "playerNameCH": "\u5360\u58eb\u9ea5\u8fea\u81e3", "playerNameEN": "James Maddison", "homeaway": "Home"}]}, "accumulatedscore": [{"periodvalue": "FirstHalf", "periodstatus": "ResultFinal", "home": "0", "away": "0"}, {"periodvalue": "SecondHalf", "periodstatus": "Interim", "home": "", "away": ""}], "livescore": {"home": "0", "away": "0"}, "cornerresult": "13", "hasWebTV": false, "hasOdds": false, "chlodds": {"LINELIST": [{"LINENUM": "1", "MAINLINE": "true", "LINESTATUS": "1", "LINEORDER": "1", "LINE": "14.5/14.5", "H": "100@3.65", "L": "100@1.23"}], "ID": "39118057-9750-4692-befb-0027d234a58c", "POOLSTATUS": "Selling", "ET": "0", "INPLAY": "true", "ALLUP": "true", "Cur": "1"}, "hasExtraTimePools": false, "results": {}, "definedPools": ["HAD", "FHA", "CRS", "FCS", "FTS", "OOE", "TTG", "HFT", "HHA", "HDC", "HIL", "FHL", "CHL", "NTS"], "inplayPools": ["HAD", "FHA", "HIL", "CHL", "CRS", "FCS", "NTS"]}, {"matchID": "6cc5185d-2f92-45e9-87ee-615c5134333d", "matchIDinofficial": "20220423SAT67", "matchNum": "67", "matchDate": "2022-04-23+08:00", "matchDay": "SAT", "coupon": {"couponID": "1", "couponShortName": "SAT", "couponNameCH": "\u5468\u516d\u8cfd\u4e8b", "couponNameEN": "Saturday Matches"}, "league": {"leagueID": "14", "leagueShortName": "FFL", "leagueNameCH": "\u6cd5\u570b\u7532\u7d44\u806f\u8cfd", "leagueNameEN": "French Division 1"}, "homeTeam": {"teamID": "88", "teamNameCH": "\u91cc\u6602", "teamNameEN": "Lyon"}, "awayTeam": {"teamID": "215", "teamNameCH": "\u8499\u5f7c\u5229\u57c3", "teamNameEN": "Montpellier"}, "matchStatus": "ResultIn", "matchTime": "2022-04-23T23:00:00+08:00", "statuslastupdated": "2022-04-23T23:46:48+08:00", "inplaydelay": "true", "channel": [{"order": 1, "channelID": "639", "channelNameCH": "NOW 639 \u53f0", "channelNameEN": "NOW 639"}, {"order": 2, "channelID": "714", "channelNameCH": "NOW 714\u53f0", "channelNameEN": "NOW 714"}], "liveEvent": {"ilcLiveDisplay": true, "hasLiveInfo": true, "isIncomplete": false, "matchIDbetradar": "27885350", "matchstate": "FirstHalf", "stateTS": "2022-04-23T23:00:08+08:00", "liveevent": [{"order": 1, "minutesElasped": "26", "actionType": "Regular", "playerNameCH": "\u7a46\u6c99\u8fea\u6bd4\u5229", "playerNameEN": "Moussa Dembele", "homeaway": "Home"}, {"order": 2, "minutesElasped": "28", "actionType": "YellowCard", "playerNameCH": "\u5967\u7d04\u9ad8", "playerNameEN": "Ambroise Oyongo", "homeaway": "Away"}, {"order": 3, "minutesElasped": "42", "actionType": "YellowCard", "playerNameCH": "\u5c3c\u9ad8\u62c9\u65af\u54e5\u85a9", "playerNameEN": "Nicolas Cozza", "homeaway": "Away"}, {"order": 4, "minutesElasped": "43", "actionType": "Regular", "playerNameCH": "\u6cf0\u4e9e\u9ad8\u6587\u8fea\u65af", "playerNameEN": "Thiago Mendes", "homeaway": "Home"}, {"order": 5, "minutesElasped": "45", "actionType": "Regular", "playerNameCH": "\u83ef\u5e0c", "playerNameEN": "Sepe Elye Wahi", "homeaway": "Away"}]}, "accumulatedscore": [{"periodvalue": "FirstHalf", "periodstatus": "Interim", "home": "2", "away": "1"}], "livescore": {"home": "2", "away": "1"}, "cornerresult": "-1", "hasWebTV": false, "hasOdds": false, "chlodds": {"LINELIST": [{"LINENUM": "2", "MAINLINE": "false", "LINESTATUS": "1", "LINEORDER": "2", "LINE": "10.5/10.5", "L": "100@1.54", "H": "100@2.30"}, {"LINENUM": "1", "MAINLINE": "true", "LINESTATUS": "1", "LINEORDER": "1", "LINE": "9.5/9.5", "H": "100@1.64", "L": "100@2.12"}], "ID": "5d723745-9167-4265-989d-fe1e651e6c00", "POOLSTATUS": "NotSelling", "ET": "0", "INPLAY": "true", "ALLUP": "true", "Cur": "1"}, "hasExtraTimePools": false, "results": {}, "definedPools": ["HAD", "FHA", "CRS", "FCS", "FTS", "OOE", "TTG", "HFT", "HHA", "HDC", "HIL", "FHL", "CHL", "NTS"], "inplayPools": ["HAD", "FHA", "HIL", "CHL", "CRS", "FCS", "NTS"]}]