[{"matchID": "0d71fb1d-a417-466c-a61b-1443b1a212f0", "matchIDinofficial": "20220429FRI6", "matchNum": "6", "matchDate": "2022-04-29+08:00", "matchDay": "FRI", "coupon": {"couponID": "7", "couponShortName": "FRI", "couponNameCH": "\u5468\u4e94\u8cfd\u4e8b", "couponNameEN": "Friday Matches"}, "league": {"leagueID": "89", "leagueShortName": "AD1", "leagueNameCH": "\u6fb3\u6d32\u8077\u696d\u806f\u8cfd", "leagueNameEN": "Australian Division 1"}, "homeTeam": {"teamID": "1095", "teamNameCH": "\u58a8\u723e\u672c\u52dd\u5229", "teamNameEN": "Melbourne Victory"}, "awayTeam": {"teamID": "1157", "teamNameCH": "\u5a01\u9748\u9813\u9cf3\u51f0", "teamNameEN": "Wellington Phoenix"}, "matchStatus": "Closed", "matchTime": "2022-04-29T17:45:00+08:00", "statuslastupdated": "2022-04-29T17:46:15+08:00", "inplaydelay": "true", "channel": [{"order": 1, "channelID": "MTS", "channelNameCH": "\u7121\u7dda myTV SUPER", "channelNameEN": "TVB myTV SUPER"}], "liveEvent": {"ilcLiveDisplay": true, "hasLiveInfo": true, "isIncomplete": false, "matchIDbetradar": "30903635", "matchstate": "FirstHalf", "stateTS": "2022-04-29T17:46:15+08:00", "liveevent": []}, "accumulatedscore": [{"periodvalue": "FirstHalf", "periodstatus": "Started", "home": "", "away": ""}], "livescore": {"home": "0", "away": "0"}, "cornerresult": "0", "hasWebTV": false, "hasOdds": false, "chlodds": {"LINELIST": [{"LINENUM": "2", "MAINLINE": "false", "LINESTATUS": "1", "LINEORDER": "2", "LINE": "12.5/12.5", "L": "100@1.43", "H": "100@2.60"}, {"LINENUM": "1", "MAINLINE": "true", "LINESTATUS": "1", "LINEORDER": "1", "LINE": "11.5/11.5", "H": "100@2.05", "L": "100@1.68"}], "ID": "9154df41-381a-455b-a1d9-cb624ab0cd07", "POOLSTATUS": "Selling", "ET": "0", "INPLAY": "true", "ALLUP": "true", "Cur": "1"}, "hasExtraTimePools": false, "results": {}, "definedPools": ["HAD", "FHA", "CRS", "FCS", "FTS", "OOE", "TTG", "HFT", "HHA", "HDC", "HIL", "FHL", "CHL", "NTS"], "inplayPools": ["HAD", "FHA", "HIL", "CHL", "CRS", "FCS", "NTS"]}]