[{"matchID": "11cf7710-7527-4c56-b166-c25adf40a115", "matchIDinofficial": "20220424SUN78", "matchNum": "78", "matchDate": "2022-04-24+08:00", "matchDay": "SUN", "coupon": {"couponID": "2", "couponShortName": "SUN", "couponNameCH": "\u5468\u65e5\u8cfd\u4e8b", "couponNameEN": "Sunday Matches"}, "league": {"leagueID": "123", "leagueShortName": "CD1", "leagueNameCH": "\u667a\u5229\u7532\u7d44\u806f\u8cfd", "leagueNameEN": "Chilean Division 1"}, "homeTeam": {"teamID": "2625", "teamNameCH": "\u54e5\u7518\u4fdd", "teamNameEN": "Coquimbo Unido"}, "awayTeam": {"teamID": "2279", "teamNameCH": "\u5361\u62c9\u96f7\u806f", "teamNameEN": "Union La Calera"}, "matchStatus": "ResultIn", "matchTime": "2022-04-25T07:57:00+08:00", "statuslastupdated": "2022-04-25T08:33:30+08:00", "inplaydelay": "true", "channel": [{"order": 1, "channelID": "GX", "channelNameCH": "GoalX app", "channelNameEN": "GoalX app"}, {"order": 2, "channelID": "HKJC", "channelNameCH": "HKJC TV app", "channelNameEN": "HKJC TV app"}], "liveEvent": {"ilcLiveDisplay": true, "hasLiveInfo": true, "isIncomplete": false, "matchIDbetradar": "31802449", "matchstate": "FirstHalf", "stateTS": "2022-04-25T08:15:02+08:00", "liveevent": [{"order": 1, "minutesElasped": "26", "actionType": "Regular", "playerNameCH": "\u585e\u8332, \u585e\u5df4\u65af\u8482\u5b89", "playerNameEN": "Sebastian Saez", "homeaway": "Away"}]}, "accumulatedscore": [{"periodvalue": "FirstHalf", "periodstatus": "Interim", "home": "0", "away": "1"}], "livescore": {"home": "0", "away": "1"}, "cornerresult": "6", "hasWebTV": false, "hasOdds": false, "chlodds": {"LINELIST": [{"LINENUM": "2", "MAINLINE": "false", "LINESTATUS": "1", "LINEORDER": "2", "LINE": "13.5/13.5", "L": "100@1.31", "H": "100@3.10"}, {"LINENUM": "1", "MAINLINE": "true", "LINESTATUS": "1", "LINEORDER": "1", "LINE": "12.5/12.5", "H": "100@2.15", "L": "100@1.62"}], "ID": "5d8a4926-9d8f-406b-9978-e64d26ec37c2", "POOLSTATUS": "Selling", "ET": "0", "INPLAY": "true", "ALLUP": "true", "Cur": "1"}, "hasExtraTimePools": false, "results": {}, "definedPools": ["HAD", "FHA", "CRS", "FCS", "FTS", "OOE", "TTG", "HFT", "HHA", "HDC", "HIL", "FHL", "CHL", "NTS"], "inplayPools": ["HAD", "FHA", "HIL", "CHL", "CRS", "FCS", "NTS"]}]