[{"matchID": "5f840381-a5b0-485d-9671-e58416ead62b", "matchIDinofficial": "20220424SUN44", "matchNum": "44", "matchDate": "2022-04-24+08:00", "matchDay": "SUN", "coupon": {"couponID": "2", "couponShortName": "SUN", "couponNameCH": "\u5468\u65e5\u8cfd\u4e8b", "couponNameEN": "Sunday Matches"}, "league": {"leagueID": "1", "leagueShortName": "EPL", "leagueNameCH": "\u82f1\u683c\u862d\u8d85\u7d1a\u806f\u8cfd", "leagueNameEN": "Eng Premier"}, "homeTeam": {"teamID": "12", "teamNameCH": "\u5229\u7269\u6d66", "teamNameEN": "Liverpool"}, "awayTeam": {"teamID": "8", "teamNameCH": "\u611b\u83ef\u9813", "teamNameEN": "Everton"}, "matchStatus": "ResultIn", "matchTime": "2022-04-24T23:30:00+08:00", "statuslastupdated": "2022-04-25T01:20:42+08:00", "inplaydelay": "true", "channel": [{"order": 1, "channelID": "621", "channelNameCH": "NOW 621\u53f0", "channelNameEN": "NOW 621"}, {"order": 2, "channelID": "611", "channelNameCH": "NOW 611\u53f0", "channelNameEN": "NOW 611"}], "liveEvent": {"ilcLiveDisplay": true, "hasLiveInfo": true, "isIncomplete": false, "matchIDbetradar": "27751726", "matchstate": "SecondHalf", "stateTS": "2022-04-25T00:34:59+08:00", "liveevent": [{"order": 1, "minutesElasped": "25", "actionType": "YellowCard", "playerNameCH": "\u5b89\u6771\u5c3c\u54e5\u9813", "playerNameEN": "Anthony Gordon", "homeaway": "Away"}, {"order": 2, "minutesElasped": "45", "actionType": "YellowCard", "playerNameCH": "\u675c\u54e5\u5229", "playerNameEN": "Abdoulaye Doucoure", "homeaway": "Away"}, {"order": 3, "minutesElasped": "45", "actionType": "YellowCard", "playerNameCH": "\u6c99\u8fea\u5967\u6587\u5c3c", "playerNameEN": "Sadio Mane", "homeaway": "Home"}, {"order": 4, "minutesElasped": "58", "actionType": "YellowCard", "playerNameCH": "\u963f\u6b77\u5c71\u5927\u963f\u8afe\u7279", "playerNameEN": "Trent Alexander-Arnold", "homeaway": "Home"}, {"order": 5, "minutesElasped": "62", "actionType": "Regular", "playerNameCH": "\u5b89\u5fb7\u9b6f\u7f85\u62d4\u81e3", "playerNameEN": "Andy Robertson", "homeaway": "Home"}, {"order": 6, "minutesElasped": "66", "actionType": "YellowCard", "playerNameCH": "\u963f\u502b\u76e7\u5229\u5967", "playerNameEN": "Allan", "homeaway": "Away"}, {"order": 7, "minutesElasped": "85", "actionType": "Regular", "playerNameCH": "\u5967\u6b77\u6cbb", "playerNameEN": "Divock Origi", "homeaway": "Home"}, {"order": 8, "minutesElasped": "89", "actionType": "YellowCard", "playerNameCH": "\u8fea\u5229\u963f\u91cc", "playerNameEN": "Dele Alli", "homeaway": "Away"}, {"order": 9, "minutesElasped": "90", "actionType": "YellowCard", "playerNameCH": "\u674e\u5bdf\u5229\u81e3", "playerNameEN": "Richarlison", "homeaway": "Away"}]}, "accumulatedscore": [{"periodvalue": "FirstHalf", "periodstatus": "ResultFinal", "home": "0", "away": "0"}, {"periodvalue": "SecondHalf", "periodstatus": "Interim", "home": "2", "away": "0"}], "livescore": {"home": "2", "away": "0"}, "cornerresult": "-1", "hasWebTV": false, "hasOdds": false, "chlodds": {"LINELIST": [{"LINENUM": "1", "MAINLINE": "true", "LINESTATUS": "1", "LINEORDER": "1", "LINE": "15.5/15.5", "L": "100@1.09", "H": "100@5.80"}], "ID": "a9d63055-7a28-4796-84da-b77e4c7f202a", "POOLSTATUS": "FinalStopSell", "ET": "0", "INPLAY": "true", "ALLUP": "true", "Cur": "1"}, "hasExtraTimePools": false, "results": {}, "definedPools": ["HAD", "FHA", "CRS", "FCS", "FTS", "OOE", "TTG", "HFT", "HHA", "HDC", "HIL", "FHL", "CHL", "NTS"], "inplayPools": ["HAD", "FHA", "HIL", "CHL", "CRS", "FCS", "NTS"]}]