[{"matchID": "f8c45b0b-00b6-4cbf-be9c-041d4c2c721f", "matchIDinofficial": "20220416SAT1", "matchNum": "1", "matchDate": "2022-04-16+08:00", "matchDay": "SAT", "coupon": {"couponID": "1", "couponShortName": "SAT", "couponNameCH": "\u5468\u516d\u8cfd\u4e8b", "couponNameEN": "Saturday Matches"}, "league": {"leagueID": "55", "leagueShortName": "JD1", "leagueNameCH": "\u65e5\u672c\u8077\u696d\u806f\u8cfd", "leagueNameEN": "Japanese Division 1"}, "homeTeam": {"teamID": "871", "teamNameCH": "\u5317\u6d77\u9053\u672d\u5e4c\u5ca1\u85a9\u591a", "teamNameEN": "Hokkaido Consadole Sapporo"}, "awayTeam": {"teamID": "542", "teamNameCH": "FC\u6771\u4eac", "teamNameEN": "FC Tokyo"}, "matchStatus": "ResultIn", "matchTime": "2022-04-16T12:00:00+08:00", "statuslastupdated": "2022-04-16T13:43:17+08:00", "inplaydelay": "true", "channel": [{"order": 1, "channelID": "C661", "channelNameCH": "\u6709\u7dda661\u53f0", "channelNameEN": "i-CABLE 661"}, {"order": 2, "channelID": "C601", "channelNameCH": "\u6709\u7dda601\u53f0", "channelNameEN": "i-CABLE 601"}], "liveEvent": {"ilcLiveDisplay": true, "hasLiveInfo": true, "isIncomplete": false, "matchIDbetradar": "31767651", "matchstate": "SecondHalf", "stateTS": "2022-04-16T13:10:48+08:00", "liveevent": [{"order": 1, "minutesElasped": "30", "actionType": "YellowCard", "playerNameCH": "\u5bae\u6fa4\u88d5\u6a39", "playerNameEN": "Hiroki Miyazawa", "homeaway": "Home"}, {"order": 2, "minutesElasped": "30", "actionType": "YellowCard", "playerNameCH": "\u68ee\u91cd\u771f\u4eba", "playerNameEN": "Masato Morishige", "homeaway": "Away"}, {"order": 3, "minutesElasped": "67", "actionType": "YellowCard", "playerNameCH": "\u4e2d\u5cf6\u5927\u5609", "playerNameEN": "Taika Nakashima", "homeaway": "Home"}, {"order": 4, "minutesElasped": "71", "actionType": "YellowCard", "playerNameCH": "\u5bae\u6fa4\u88d5\u6a39", "playerNameEN": "Hiroki Miyazawa", "homeaway": "Home"}, {"order": 5, "minutesElasped": "79", "actionType": "YellowCard", "playerNameCH": "\u83c5\u5927\u8f1d", "playerNameEN": "Daiki Suga", "homeaway": "Home"}]}, "accumulatedscore": [{"periodvalue": "FirstHalf", "periodstatus": "ResultFinal", "home": "0", "away": "0"}, {"periodvalue": "SecondHalf", "periodstatus": "Interim", "home": "", "away": ""}], "livescore": {"home": "0", "away": "0"}, "cornerresult": "4", "hasWebTV": false, "hasOdds": false, "chlodds": {"LINELIST": [{"LINENUM": "1", "MAINLINE": "true", "LINESTATUS": "1", "LINEORDER": "1", "LINE": "5.5/5.5", "H": "100@2.58", "L": "100@1.44"}], "ID": "adf948a2-268d-4475-baf2-3fb3d39d3ff9", "POOLSTATUS": "Selling", "ET": "0", "INPLAY": "true", "ALLUP": "true", "Cur": "1"}, "hasExtraTimePools": false, "results": {}, "definedPools": ["HAD", "FHA", "CRS", "FCS", "FTS", "OOE", "TTG", "HFT", "HHA", "HDC", "HIL", "FHL", "CHL", "NTS"], "inplayPools": ["HAD", "FHA", "HIL", "CHL", "CRS", "FCS", "NTS"]}]