[{"matchID": "e10e2220-48d6-42d2-8f6c-74cd82a19217", "matchIDinofficial": "20220505THU3", "matchNum": "3", "matchDate": "2022-05-05+08:00", "matchDay": "THU", "coupon": {"couponID": "6", "couponShortName": "THU", "couponNameCH": "\u5468\u56db\u8cfd\u4e8b", "couponNameEN": "Thursday Matches"}, "league": {"leagueID": "88", "leagueShortName": "KD1", "leagueNameCH": "\u5357\u97d3\u8077\u696d\u806f\u8cfd", "leagueNameEN": "Korean Division 1"}, "homeTeam": {"teamID": "1107", "teamNameCH": "\u6c34\u539f\u85cd\u7ffc", "teamNameEN": "Suwon Bluewings"}, "awayTeam": {"teamID": "1108", "teamNameCH": "\u851a\u5c71\u73fe\u4ee3", "teamNameEN": "Ulsan Hyundai"}, "matchStatus": "Closed", "matchTime": "2022-05-05T15:30:00+08:00", "statuslastupdated": "2022-05-05T15:32:09+08:00", "inplaydelay": "true", "channel": [{"order": 1, "channelID": "MTS", "channelNameCH": "\u7121\u7dda myTV SUPER", "channelNameEN": "TVB myTV SUPER"}], "liveEvent": {"ilcLiveDisplay": true, "hasLiveInfo": true, "isIncomplete": false, "matchIDbetradar": "31561517", "matchstate": "FirstHalf", "stateTS": "2022-05-05T15:32:09+08:00", "liveevent": []}, "accumulatedscore": [{"periodvalue": "FirstHalf", "periodstatus": "Started", "home": "", "away": ""}], "livescore": {"home": "0", "away": "0"}, "cornerresult": "0", "hasWebTV": false, "hasOdds": false, "chlodds": {"LINELIST": [{"LINENUM": "2", "MAINLINE": "false", "LINESTATUS": "1", "LINEORDER": "2", "LINE": "7.5/7.5", "L": "100@1.59", "H": "100@2.20"}, {"LINENUM": "1", "MAINLINE": "true", "LINESTATUS": "1", "LINEORDER": "1", "LINE": "6.5/6.5", "H": "100@1.67", "L": "100@2.07"}], "ID": "9f3598b5-8e5e-4f1c-8be0-4bb961ff21a9", "POOLSTATUS": "Selling", "ET": "0", "INPLAY": "true", "ALLUP": "true", "Cur": "1"}, "hasExtraTimePools": false, "results": {}, "definedPools": ["HAD", "FHA", "CRS", "FCS", "FTS", "OOE", "TTG", "HFT", "HHA", "HDC", "HIL", "FHL", "CHL", "NTS"], "inplayPools": ["HAD", "FHA", "HIL", "CHL", "CRS", "FCS", "NTS"]}]