[{"matchID": "2d99677d-bfc3-433d-9e61-5a6fbb56957a", "matchIDinofficial": "20220416SAT79", "matchNum": "79", "matchDate": "2022-04-16+08:00", "matchDay": "SAT", "coupon": {"couponID": "1", "couponShortName": "SAT", "couponNameCH": "\u5468\u516d\u8cfd\u4e8b", "couponNameEN": "Saturday Matches"}, "league": {"leagueID": "79", "leagueShortName": "MLS", "leagueNameCH": "\u7f8e\u570b\u8077\u696d\u806f\u8cfd", "leagueNameEN": "US Football League"}, "homeTeam": {"teamID": "921", "teamNameCH": "\u4faf\u65af\u9813\u6234\u62ff\u6a21", "teamNameEN": "Houston Dynamo"}, "awayTeam": {"teamID": "1468", "teamNameCH": "\u6ce2\u7279\u862d\u4f10\u6728\u8005", "teamNameEN": "Portland Timbers"}, "matchStatus": "ResultIn", "matchTime": "2022-04-17T06:00:00+08:00", "statuslastupdated": "2022-04-17T08:00:59+08:00", "inplaydelay": "true", "channel": [{"order": 1, "channelID": "638", "channelNameCH": "NOW 638\u53f0", "channelNameEN": "NOW 638"}], "liveEvent": {"ilcLiveDisplay": true, "hasLiveInfo": true, "isIncomplete": false, "matchIDbetradar": "31046023", "matchstate": "SecondHalf", "stateTS": "2022-04-17T07:15:25+08:00", "liveevent": [{"order": 1, "minutesElasped": "16", "actionType": "YellowCard", "playerNameCH": "\u57fa\u65af\u7538\u67cf\u5229\u8fea\u65af", "playerNameEN": "Cristhian Paredes", "homeaway": "Away"}, {"order": 2, "minutesElasped": "27", "actionType": "YellowCard", "playerNameCH": "\u65bd\u5df4\u65af\u5766\u767d\u862d\u9ad8", "playerNameEN": "Sebastian Blanco", "homeaway": "Away"}, {"order": 3, "minutesElasped": "27", "actionType": "YellowCard", "playerNameCH": "\u5c11\u5e74\u54c8\u5fb7\u8c9d", "playerNameEN": "Teenage Hadebe", "homeaway": "Home"}, {"order": 4, "minutesElasped": "49", "actionType": "YellowCard", "playerNameCH": "\u6069\u7f8e\u67e5\u62c9", "playerNameEN": "Yimmi Chara", "homeaway": "Away"}, {"order": 5, "minutesElasped": "75", "actionType": "YellowRedCard", "playerNameCH": "\u5c11\u5e74\u54c8\u5fb7\u8c9d", "playerNameEN": "Teenage Hadebe", "homeaway": "Home"}, {"order": 6, "minutesElasped": "81", "actionType": "YellowCard", "playerNameCH": "\u675c\u9b6f\u99ac", "playerNameEN": "Bill Tuiloma", "homeaway": "Away"}]}, "accumulatedscore": [{"periodvalue": "FirstHalf", "periodstatus": "ResultFinal", "home": "0", "away": "0"}, {"periodvalue": "SecondHalf", "periodstatus": "Interim", "home": "", "away": ""}], "livescore": {"home": "0", "away": "0"}, "cornerresult": "-1", "hasWebTV": false, "hasOdds": false, "chlodds": {"LINELIST": [{"LINENUM": "1", "MAINLINE": "true", "LINESTATUS": "1", "LINEORDER": "1", "LINE": "15.5/15.5", "H": "100@5.55", "L": "100@1.10"}], "ID": "020113e9-f455-4e15-86d0-115a74255566", "POOLSTATUS": "NotSelling", "ET": "0", "INPLAY": "true", "ALLUP": "true", "Cur": "1"}, "hasExtraTimePools": false, "results": {}, "definedPools": ["HAD", "FHA", "CRS", "FCS", "FTS", "OOE", "TTG", "HFT", "HHA", "HDC", "HIL", "FHL", "CHL", "NTS"], "inplayPools": ["HAD", "FHA", "HIL", "CHL", "CRS", "FCS", "NTS"]}]