[{"matchID": "fa4ed02d-b1ac-4666-a6ca-2ef03f67c5e6", "matchIDinofficial": "20220425MON23", "matchNum": "23", "matchDate": "2022-04-25+08:00", "matchDay": "MON", "coupon": {"couponID": "3", "couponShortName": "MON", "couponNameCH": "\u5468\u4e00\u8cfd\u4e8b", "couponNameEN": "Monday Matches"}, "league": {"leagueID": "56", "leagueShortName": "BD1", "leagueNameCH": "\u5df4\u897f\u7532\u7d44\u806f\u8cfd", "leagueNameEN": "Brazilian Division 1"}, "homeTeam": {"teamID": "1245", "teamNameCH": "\u827e\u83ef\u723e", "teamNameEN": "Avai"}, "awayTeam": {"teamID": "569", "teamNameCH": "\u6208\u4e9e\u65af", "teamNameEN": "Goias"}, "matchStatus": "ResultIn", "matchTime": "2022-04-26T07:00:00+08:00", "statuslastupdated": "2022-04-26T07:38:26+08:00", "inplaydelay": "true", "channel": [{"order": 1, "channelID": "GX", "channelNameCH": "GoalX app", "channelNameEN": "GoalX app"}, {"order": 2, "channelID": "HKJC", "channelNameCH": "HKJC TV app", "channelNameEN": "HKJC TV app"}], "liveEvent": {"ilcLiveDisplay": true, "hasLiveInfo": true, "isIncomplete": false, "matchIDbetradar": "31932215", "matchstate": "FirstHalf", "stateTS": "2022-04-26T07:00:29+08:00", "liveevent": [{"order": 1, "minutesElasped": "4", "actionType": "Regular", "playerNameCH": "\u83ab\u62c9\u6258", "playerNameEN": "Morato", "homeaway": "Home"}, {"order": 2, "minutesElasped": "11", "actionType": "YellowCard", "playerNameCH": "\u9054\u5e2d\u723e\u74e6", "playerNameEN": "Maguinho", "homeaway": "Away"}, {"order": 3, "minutesElasped": "20", "actionType": "YellowCard", "playerNameCH": "\u83f2\u81d8\u6bd4\u5df4\u65af\u5716\u65af", "playerNameEN": "Fellipe Ramos Ignez Bastos", "homeaway": "Away"}, {"order": 4, "minutesElasped": "26", "actionType": "RedCard", "playerNameCH": "\u83ab\u62c9\u6258", "playerNameEN": "Morato", "homeaway": "Home"}]}, "accumulatedscore": [{"periodvalue": "FirstHalf", "periodstatus": "Interim", "home": "1", "away": "0"}], "livescore": {"home": "1", "away": "0"}, "cornerresult": "1", "hasWebTV": false, "hasOdds": false, "chlodds": {"LINELIST": [{"LINENUM": "1", "MAINLINE": "true", "LINESTATUS": "1", "LINEORDER": "1", "LINE": "7.5/7.5", "H": "100@2.20", "L": "100@1.59"}, {"LINENUM": "2", "MAINLINE": "false", "LINESTATUS": "1", "LINEORDER": "2", "LINE": "8.5/8.5", "H": "100@3.00", "L": "100@1.33"}], "ID": "7b7762b4-5576-4086-aad7-dc280deb046a", "POOLSTATUS": "NotSelling", "ET": "0", "INPLAY": "true", "ALLUP": "true", "Cur": "1"}, "hasExtraTimePools": false, "results": {}, "definedPools": ["HAD", "FHA", "CRS", "FCS", "FTS", "OOE", "TTG", "HFT", "HHA", "HDC", "HIL", "FHL", "CHL", "NTS"], "inplayPools": ["HAD", "FHA", "HIL", "CHL", "CRS", "FCS", "NTS"]}]