[{"matchID": "3628b8f2-0583-47d0-aa3e-cfa047aff8fc", "matchIDinofficial": "20220504WED14", "matchNum": "14", "matchDate": "2022-05-04+08:00", "matchDay": "WED", "coupon": {"couponID": "5", "couponShortName": "WED", "couponNameCH": "\u5468\u4e09\u8cfd\u4e8b", "couponNameEN": "Wednesday Matches"}, "league": {"leagueID": "89", "leagueShortName": "AD1", "leagueNameCH": "\u6fb3\u6d32\u8077\u696d\u806f\u8cfd", "leagueNameEN": "Australian Division 1"}, "homeTeam": {"teamID": "1155", "teamNameCH": "\u73c0\u65af\u5149\u8f1d", "teamNameEN": "Perth Glory"}, "awayTeam": {"teamID": "1442", "teamNameCH": "\u58a8\u723e\u672c\u57ce", "teamNameEN": "Melbourne City"}, "matchStatus": "ResultIn", "matchTime": "2022-05-04T19:05:00+08:00", "statuslastupdated": "2022-05-04T19:36:43+08:00", "inplaydelay": "true", "channel": [{"order": 1, "channelID": "MTS", "channelNameCH": "\u7121\u7dda myTV SUPER", "channelNameEN": "TVB myTV SUPER"}], "liveEvent": {"ilcLiveDisplay": true, "hasLiveInfo": true, "isIncomplete": false, "matchIDbetradar": "33300353", "matchstate": "FirstHalf", "stateTS": "2022-05-04T19:05:22+08:00", "liveevent": [{"order": 1, "minutesElasped": "5", "actionType": "Regular", "playerNameCH": "\u54e5\u6797\u6dfb\u660e\u65af", "playerNameEN": "Callum Timmins", "homeaway": "Home"}]}, "accumulatedscore": [{"periodvalue": "FirstHalf", "periodstatus": "Interim", "home": "1", "away": "0"}], "livescore": {"home": "1", "away": "0"}, "cornerresult": "3", "hasWebTV": false, "hasOdds": false, "chlodds": {"LINELIST": [{"LINENUM": "1", "MAINLINE": "true", "LINESTATUS": "1", "LINEORDER": "1", "LINE": "10.5/10.5", "H": "100@1.95", "L": "100@1.75"}, {"LINENUM": "2", "MAINLINE": "false", "LINESTATUS": "1", "LINEORDER": "2", "LINE": "11.5/11.5", "H": "100@2.50", "L": "100@1.46"}], "ID": "6e84f20f-ff29-489a-90ed-1f27b73190a2", "POOLSTATUS": "Selling", "ET": "0", "INPLAY": "true", "ALLUP": "true", "Cur": "1"}, "hasExtraTimePools": false, "results": {}, "definedPools": ["HAD", "FHA", "CRS", "FCS", "FTS", "OOE", "TTG", "HFT", "HHA", "HDC", "HIL", "FHL", "CHL", "NTS"], "inplayPools": ["HAD", "FHA", "HIL", "CHL", "CRS", "FCS", "NTS"], "dhc": {"LEG1": "WED 13", "LEG1ID": "15a7102f-03db-416d-bd16-262f1d92658a", "LEG2": "WED 14", "LEG2ID": "3628b8f2-0583-47d0-aa3e-cfa047aff8fc", "ITEM": "1"}}]