[{"matchID": "c700cde1-5783-40a3-8e53-defd45528ed2", "matchIDinofficial": "20220503TUE2", "matchNum": "2", "matchDate": "2022-05-03+08:00", "matchDay": "TUE", "coupon": {"couponID": "4", "couponShortName": "TUE", "couponNameCH": "\u5468\u4e8c\u8cfd\u4e8b", "couponNameEN": "Tuesday Matches"}, "league": {"leagueID": "55", "leagueShortName": "JD1", "leagueNameCH": "\u65e5\u672c\u8077\u696d\u806f\u8cfd", "leagueNameEN": "Japanese Division 1"}, "homeTeam": {"teamID": "552", "teamNameCH": "\u5ee3\u5cf6\u4e09\u7bad", "teamNameEN": "Sanfrecce Hiroshima"}, "awayTeam": {"teamID": "547", "teamNameCH": "\u67cf\u96f7\u7d20\u723e", "teamNameEN": "Kashiwa Reysol"}, "matchStatus": "ResultIn", "matchTime": "2022-05-03T13:00:00+08:00", "statuslastupdated": "2022-05-03T13:17:35+08:00", "inplaydelay": "true", "channel": [{"order": 1, "channelID": "GX", "channelNameCH": "GoalX app", "channelNameEN": "GoalX app"}, {"order": 2, "channelID": "HKJC", "channelNameCH": "HKJC TV app", "channelNameEN": "HKJC TV app"}], "liveEvent": {"ilcLiveDisplay": true, "hasLiveInfo": true, "isIncomplete": false, "matchIDbetradar": "31767685", "matchstate": "FirstHalf", "stateTS": "2022-05-03T13:03:43+08:00", "liveevent": [{"order": 1, "minutesElasped": "13", "actionType": "Regular", "playerNameCH": "\u7956\u5229\u4e9e\u5c71\u5ea6\u58eb", "playerNameEN": "Jose Antonio dos Santos Junior JUNIOR SANTOS", "homeaway": "Home"}, {"order": 2, "minutesElasped": "27", "actionType": "YellowCard", "playerNameCH": "\u690e\u6a4b\u6167\u4e5f", "playerNameEN": "Keiya Shiihashi", "homeaway": "Away"}]}, "accumulatedscore": [{"periodvalue": "FirstHalf", "periodstatus": "Interim", "home": "1", "away": "0"}], "livescore": {"home": "1", "away": "0"}, "cornerresult": "3", "hasWebTV": false, "hasOdds": false, "chlodds": {"LINELIST": [{"LINENUM": "1", "MAINLINE": "true", "LINESTATUS": "1", "LINEORDER": "1", "LINE": "9.5/9.5", "L": "100@1.66", "H": "100@2.08"}, {"LINENUM": "2", "MAINLINE": "false", "LINESTATUS": "1", "LINEORDER": "2", "LINE": "10.5/10.5", "H": "100@2.80", "L": "100@1.38"}], "ID": "57723588-edfa-4fd4-b472-204aaf5a12fc", "POOLSTATUS": "Selling", "ET": "0", "INPLAY": "true", "ALLUP": "true", "Cur": "1"}, "hasExtraTimePools": false, "results": {}, "definedPools": ["HAD", "FHA", "CRS", "FCS", "FTS", "OOE", "TTG", "HFT", "HHA", "HDC", "HIL", "FHL", "CHL", "NTS"], "inplayPools": ["HAD", "FHA", "HIL", "CHL", "CRS", "FCS", "NTS"], "hfm": {"LEG1": "TUE 1", "LEG1ID": "3c8eb875-a22a-43dc-9d8c-dd3882bd4fa7", "LEG2": "TUE 2", "LEG2ID": "c700cde1-5783-40a3-8e53-defd45528ed2", "LEG3": "TUE 3", "LEG3ID": "ebeebad8-1391-437b-84a6-e9d22453a947", "LEG4": "TUE 4", "LEG4ID": "40525876-9e64-47bf-b5dd-ba581ac5367b", "LEG5": "TUE 5", "LEG5ID": "edc83ab9-79a6-4423-a3ee-e0978313313e", "LEG6": "TUE 6", "LEG6ID": "d8863e3d-ba02-48da-9ca5-c5bef18aaa33", "ITEM": "1"}}]