[{"matchID": "b92362e8-9778-4a7b-a551-410c35ace9ab", "matchIDinofficial": "20220419TUE38", "matchNum": "38", "matchDate": "2022-04-19+08:00", "matchDay": "TUE", "coupon": {"couponID": "4", "couponShortName": "TUE", "couponNameCH": "\u5468\u4e8c\u8cfd\u4e8b", "couponNameEN": "Tuesday Matches"}, "league": {"leagueID": "124", "leagueShortName": "MXL", "leagueNameCH": "\u58a8\u897f\u54e5\u8d85\u7d1a\u806f\u8cfd", "leagueNameEN": "Mexican Premier"}, "homeTeam": {"teamID": "907", "teamNameCH": "\u5c3c\u5361\u6c99", "teamNameEN": "Necaxa"}, "awayTeam": {"teamID": "638", "teamNameCH": "\u5824\u683c\u96f7\u65af", "teamNameEN": "Tigres UANL"}, "matchStatus": "ResultIn", "matchTime": "2022-04-20T08:00:00+08:00", "statuslastupdated": "2022-04-20T09:14:56+08:00", "inplaydelay": "true", "liveEvent": {"ilcLiveDisplay": true, "hasLiveInfo": true, "isIncomplete": false, "matchIDbetradar": "31019071", "matchstate": "SecondHalf", "stateTS": "2022-04-20T09:05:01+08:00", "liveevent": [{"order": 1, "minutesElasped": "7", "actionType": "Regular", "playerNameCH": "\u6d1b\u8fea\u9ad8\u963f\u53e4\u5229", "playerNameEN": "Rodrigo Aguirre", "homeaway": "Home"}, {"order": 2, "minutesElasped": "25", "actionType": "Regular", "playerNameCH": "\u827e\u65af\u9ad8\u4fdd\u6c99", "playerNameEN": "Alonso Escoboza", "homeaway": "Home"}, {"order": 3, "minutesElasped": "29", "actionType": "YellowCard", "playerNameCH": "\u8cbb\u862d\u5ea6\u99ac\u8fea\u9ad8", "playerNameEN": "Fernando Madrigal", "homeaway": "Home"}, {"order": 4, "minutesElasped": "46", "actionType": "YellowCard", "playerNameCH": "", "playerNameEN": "Milton Gimenez", "homeaway": "Home"}]}, "accumulatedscore": [{"periodvalue": "FirstHalf", "periodstatus": "ResultFinal", "home": "2", "away": "0"}, {"periodvalue": "SecondHalf", "periodstatus": "Interim", "home": "", "away": ""}], "livescore": {"home": "2", "away": "0"}, "cornerresult": "7", "hasWebTV": false, "hasOdds": false, "chlodds": {"LINELIST": [{"LINENUM": "2", "MAINLINE": "false", "LINESTATUS": "1", "LINEORDER": "2", "LINE": "11.5/11.5", "L": "100@1.39", "H": "100@2.75"}, {"LINENUM": "1", "MAINLINE": "true", "LINESTATUS": "1", "LINEORDER": "1", "LINE": "10.5/10.5", "L": "100@1.81", "H": "100@1.89"}], "ID": "ebc3ebc5-5c60-43e3-81dd-8e0ae7a77ea7", "POOLSTATUS": "Selling", "ET": "0", "INPLAY": "true", "ALLUP": "true", "Cur": "1"}, "hasExtraTimePools": false, "results": {}, "definedPools": ["HAD", "FHA", "CRS", "FCS", "FTS", "OOE", "TTG", "HFT", "HHA", "HDC", "HIL", "FHL", "CHL", "NTS"], "inplayPools": ["HAD", "FHA", "HIL", "CHL", "CRS", "FCS", "NTS"]}]