[{"matchID": "77a54dde-55ad-4297-b5cb-c38b0633f9e0", "matchIDinofficial": "20220502MON10", "matchNum": "10", "matchDate": "2022-05-02+08:00", "matchDay": "MON", "coupon": {"couponID": "3", "couponShortName": "MON", "couponNameCH": "\u5468\u4e00\u8cfd\u4e8b", "couponNameEN": "Monday Matches"}, "league": {"leagueID": "58", "leagueShortName": "SAL", "leagueNameCH": "\u745e\u5178\u8d85\u7d1a\u806f\u8cfd", "leagueNameEN": "Swedish Division 1"}, "homeTeam": {"teamID": "411", "teamNameCH": "\u54c8\u99ac\u6bd4", "teamNameEN": "Hammarby"}, "awayTeam": {"teamID": "601", "teamNameCH": "\u99ac\u6a21", "teamNameEN": "Malmo"}, "matchStatus": "ResultIn", "matchTime": "2022-05-03T01:10:00+08:00", "statuslastupdated": "2022-05-03T02:42:52+08:00", "inplaydelay": "true", "channel": [{"order": 1, "channelID": "GX", "channelNameCH": "GoalX app", "channelNameEN": "GoalX app"}, {"order": 2, "channelID": "HKJC", "channelNameCH": "HKJC TV app", "channelNameEN": "HKJC TV app"}], "liveEvent": {"ilcLiveDisplay": true, "hasLiveInfo": true, "isIncomplete": false, "matchIDbetradar": "31602929", "matchstate": "SecondHalf", "stateTS": "2022-05-03T02:16:19+08:00", "liveevent": [{"order": 1, "minutesElasped": "30", "actionType": "YellowCard", "playerNameCH": "\u83ab\u54c8\u7d0d\u5fb7 \u8449\u8332", "playerNameEN": "Mohanad Jeahze", "homeaway": "Home"}, {"order": 2, "minutesElasped": "42", "actionType": "YellowCard", "playerNameCH": "\u4fdd\u8d0a\u6b77", "playerNameEN": "Darijan Bojanic", "homeaway": "Home"}]}, "accumulatedscore": [{"periodvalue": "FirstHalf", "periodstatus": "ResultFinal", "home": "0", "away": "0"}, {"periodvalue": "SecondHalf", "periodstatus": "Interim", "home": "", "away": ""}], "livescore": {"home": "0", "away": "0"}, "cornerresult": "7", "hasWebTV": false, "hasOdds": false, "chlodds": {"LINELIST": [{"LINENUM": "1", "MAINLINE": "true", "LINESTATUS": "1", "LINEORDER": "1", "LINE": "8.5/8.5", "L": "100@2.45", "H": "100@1.48"}, {"LINENUM": "2", "MAINLINE": "false", "LINESTATUS": "1", "LINEORDER": "2", "LINE": "9.5/9.5", "L": "100@1.45", "H": "100@2.55"}], "ID": "6c0b5c20-5071-4f67-bfd8-549cd32e2223", "POOLSTATUS": "Selling", "ET": "0", "INPLAY": "true", "ALLUP": "true", "Cur": "1"}, "hasExtraTimePools": false, "results": {}, "definedPools": ["HAD", "FHA", "CRS", "FCS", "FTS", "OOE", "TTG", "HFT", "HHA", "HDC", "HIL", "FHL", "CHL", "NTS"], "inplayPools": ["HAD", "FHA", "HIL", "CHL", "CRS", "FCS", "NTS"]}]