[{"matchID": "4ea284b5-9071-41fd-a01f-0df0fb89d806", "matchIDinofficial": "20220507SAT26", "matchNum": "26", "matchDate": "2022-05-07+08:00", "matchDay": "SAT", "coupon": {"couponID": "1", "couponShortName": "SAT", "couponNameCH": "\u5468\u516d\u8cfd\u4e8b", "couponNameEN": "Saturday Matches"}, "league": {"leagueID": "2", "leagueShortName": "ISA", "leagueNameCH": "\u610f\u5927\u5229\u7532\u7d44\u806f\u8cfd", "leagueNameEN": "Italian Division 1"}, "homeTeam": {"teamID": "447", "teamNameCH": "\u62d6\u9023\u5974", "teamNameEN": "AC Torino"}, "awayTeam": {"teamID": "764", "teamNameCH": "\u62ff\u73bb\u91cc", "teamNameEN": "Napoli"}, "matchStatus": "ResultIn", "matchTime": "2022-05-07T21:00:00+08:00", "statuslastupdated": "2022-05-07T22:28:00+08:00", "inplaydelay": "true", "channel": [{"order": 1, "channelID": "638", "channelNameCH": "NOW 638\u53f0", "channelNameEN": "NOW 638"}], "liveEvent": {"ilcLiveDisplay": true, "hasLiveInfo": true, "isIncomplete": false, "matchIDbetradar": "28160546", "matchstate": "SecondHalf", "stateTS": "2022-05-07T22:05:22+08:00", "liveevent": [{"order": 1, "minutesElasped": "53", "actionType": "YellowCard", "playerNameCH": "\u6885\u9813\u65af", "playerNameEN": "Dries Mertens", "homeaway": "Away"}, {"order": 2, "minutesElasped": "55", "actionType": "YellowCard", "playerNameCH": "\u79be\u79be\u9054, \u7f8e\u5360", "playerNameEN": "Mergim Vojvoda", "homeaway": "Home"}, {"order": 3, "minutesElasped": "56", "actionType": "YellowCard", "playerNameCH": "\u590f\u69ae\u7f85\u8f9b\u5974", "playerNameEN": "Hirving Lozano", "homeaway": "Away"}]}, "accumulatedscore": [{"periodvalue": "FirstHalf", "periodstatus": "ResultFinal", "home": "0", "away": "0"}, {"periodvalue": "SecondHalf", "periodstatus": "Interim", "home": "", "away": ""}], "livescore": {"home": "0", "away": "0"}, "cornerresult": "-1", "hasWebTV": false, "hasOdds": false, "chlodds": {"LINELIST": [{"LINENUM": "2", "MAINLINE": "false", "LINESTATUS": "1", "LINEORDER": "2", "LINE": "11.5/11.5", "L": "100@1.28", "H": "100@3.25"}, {"LINENUM": "1", "MAINLINE": "true", "LINESTATUS": "1", "LINEORDER": "1", "LINE": "10.5/10.5", "L": "100@1.83", "H": "100@1.87"}], "ID": "4b891a91-c6d7-4cf7-99f5-8b41229a367e", "POOLSTATUS": "NotSelling", "ET": "0", "INPLAY": "true", "ALLUP": "true", "Cur": "1"}, "hasExtraTimePools": false, "results": {}, "definedPools": ["HAD", "FHA", "CRS", "FCS", "FTS", "OOE", "TTG", "HFT", "HHA", "HDC", "HIL", "FHL", "CHL", "NTS"], "inplayPools": ["HAD", "FHA", "HIL", "CHL", "CRS", "FCS", "NTS"]}, {"matchID": "5ab43f0e-99ea-4767-84b4-0f39a9a66262", "matchIDinofficial": "20220507SAT35", "matchNum": "35", "matchDate": "2022-05-07+08:00", "matchDay": "SAT", "coupon": {"couponID": "1", "couponShortName": "SAT", "couponNameCH": "\u5468\u516d\u8cfd\u4e8b", "couponNameEN": "Saturday Matches"}, "league": {"leagueID": "1", "leagueShortName": "EPL", "leagueNameCH": "\u82f1\u683c\u862d\u8d85\u7d1a\u806f\u8cfd", "leagueNameEN": "Eng Premier"}, "homeTeam": {"teamID": "7", "teamNameCH": "\u8eca\u8def\u58eb", "teamNameEN": "Chelsea"}, "awayTeam": {"teamID": "20", "teamNameCH": "\u72fc\u968a", "teamNameEN": "Wolves"}, "matchStatus": "Closed", "matchTime": "2022-05-07T22:00:00+08:00", "statuslastupdated": "2022-05-07T22:00:13+08:00", "inplaydelay": "true", "channel": [{"order": 1, "channelID": "621", "channelNameCH": "NOW 621\u53f0", "channelNameEN": "NOW 621"}], "liveEvent": {"ilcLiveDisplay": true, "hasLiveInfo": true, "isIncomplete": false, "matchIDbetradar": "27751760", "matchstate": "FirstHalf", "stateTS": "2022-05-07T22:00:13+08:00", "liveevent": [{"order": 1, "minutesElasped": "28", "actionType": "YellowCard", "playerNameCH": "\u827e\u65af\u6d3e\u53e4\u9054", "playerNameEN": "Cesar Azpilicueta", "homeaway": "Home"}]}, "accumulatedscore": [{"periodvalue": "FirstHalf", "periodstatus": "Started", "home": "", "away": ""}], "livescore": {"home": "0", "away": "0"}, "cornerresult": "2", "hasWebTV": false, "hasOdds": false, "chlodds": {"LINELIST": [{"LINENUM": "1", "MAINLINE": "true", "LINESTATUS": "1", "LINEORDER": "1", "LINE": "8.5/8.5", "L": "100@2.13", "H": "100@1.63"}, {"LINENUM": "2", "MAINLINE": "false", "LINESTATUS": "1", "LINEORDER": "2", "LINE": "9.5/9.5", "H": "100@2.13", "L": "100@1.63"}], "ID": "8f125715-c246-4d41-840b-cb72ef943b47", "POOLSTATUS": "Selling", "ET": "0", "INPLAY": "true", "ALLUP": "true", "Cur": "1"}, "hasExtraTimePools": false, "results": {}, "definedPools": ["HAD", "FHA", "CRS", "FCS", "FTS", "OOE", "TTG", "HFT", "HHA", "HDC", "HIL", "FHL", "CHL", "NTS"], "inplayPools": ["HAD", "FHA", "HIL", "CHL", "CRS", "FCS", "NTS"], "dhc": {"LEG1": "SAT 35", "LEG1ID": "5ab43f0e-99ea-4767-84b4-0f39a9a66262", "LEG2": "SAT 36", "LEG2ID": "2791ce6f-60a1-4de7-a869-a91e0a9eaf1e", "ITEM": "1"}, "hfm": {"LEG1": "SAT 29", "LEG1ID": "cf1caaf2-6597-422a-8726-903340bcd74d", "LEG2": "SAT 30", "LEG2ID": "dc3ab085-279a-4551-9aba-094f1d0205c3", "LEG3": "SAT 35", "LEG3ID": "5ab43f0e-99ea-4767-84b4-0f39a9a66262", "LEG4": "SAT 36", "LEG4ID": "2791ce6f-60a1-4de7-a869-a91e0a9eaf1e", "LEG5": "SAT 37", "LEG5ID": "d5d628a7-f4d8-445d-9aea-d3487ce28a41", "LEG6": "SAT 38", "LEG6ID": "e1b83202-3841-4035-9fd3-ed2045fcb549", "ITEM": "1"}}, {"matchID": "2791ce6f-60a1-4de7-a869-a91e0a9eaf1e", "matchIDinofficial": "20220507SAT36", "matchNum": "36", "matchDate": "2022-05-07+08:00", "matchDay": "SAT", "coupon": {"couponID": "1", "couponShortName": "SAT", "couponNameCH": "\u5468\u516d\u8cfd\u4e8b", "couponNameEN": "Saturday Matches"}, "league": {"leagueID": "1", "leagueShortName": "EPL", "leagueNameCH": "\u82f1\u683c\u862d\u8d85\u7d1a\u806f\u8cfd", "leagueNameEN": "Eng Premier"}, "homeTeam": {"teamID": "521", "teamNameCH": "\u8cd3\u798f\u7279", "teamNameEN": "Brentford"}, "awayTeam": {"teamID": "18", "teamNameCH": "\u4fee\u54b8\u9813", "teamNameEN": "Southampton"}, "matchStatus": "ResultIn", "matchTime": "2022-05-07T22:00:00+08:00", "statuslastupdated": "2022-05-07T22:24:29+08:00", "inplaydelay": "true", "channel": [{"order": 1, "channelID": "96", "channelNameCH": "Viu TV 96\u53f0", "channelNameEN": "Viu TV 96"}, {"order": 2, "channelID": "622", "channelNameCH": "NOW 622\u53f0", "channelNameEN": "NOW 622"}], "liveEvent": {"ilcLiveDisplay": true, "hasLiveInfo": true, "isIncomplete": false, "matchIDbetradar": "27751754", "matchstate": "FirstHalf", "stateTS": "2022-05-07T22:00:44+08:00", "liveevent": [{"order": 1, "minutesElasped": "13", "actionType": "Regular", "playerNameCH": "\u90a6\u5716\u65af\u8d0a\u81e3", "playerNameEN": "Pontus Jansson", "homeaway": "Home"}, {"order": 2, "minutesElasped": "14", "actionType": "Regular", "playerNameCH": "\u5c24\u5c3c\u97cb\u6c99", "playerNameEN": "Yoane Wissa", "homeaway": "Home"}, {"order": 3, "minutesElasped": "17", "actionType": "YellowCard", "playerNameCH": "\u4f0a\u5df4\u8b19\u99ac\u8fea\u4e9e\u8def", "playerNameEN": "Ibrahima Diallo", "homeaway": "Away"}]}, "accumulatedscore": [{"periodvalue": "FirstHalf", "periodstatus": "Interim", "home": "2", "away": "0"}], "livescore": {"home": "2", "away": "0"}, "cornerresult": "4", "hasWebTV": false, "hasOdds": false, "chlodds": {"LINELIST": [{"LINENUM": "1", "MAINLINE": "true", "LINESTATUS": "1", "LINEORDER": "1", "LINE": "11.5/11.5", "H": "100@1.86", "L": "100@1.84"}, {"LINENUM": "2", "MAINLINE": "false", "LINESTATUS": "1", "LINEORDER": "2", "LINE": "12.5/12.5", "H": "100@2.43", "L": "100@1.49"}], "ID": "3cbff5aa-cb3f-4d3f-afd1-0ad9ec67612d", "POOLSTATUS": "Selling", "ET": "0", "INPLAY": "true", "ALLUP": "true", "Cur": "1"}, "hasExtraTimePools": false, "results": {}, "definedPools": ["HAD", "FHA", "CRS", "FCS", "FTS", "OOE", "TTG", "HFT", "HHA", "HDC", "HIL", "FHL", "CHL", "NTS"], "inplayPools": ["HAD", "FHA", "HIL", "CHL", "CRS", "FCS", "NTS"], "dhc": {"LEG1": "SAT 35", "LEG1ID": "5ab43f0e-99ea-4767-84b4-0f39a9a66262", "LEG2": "SAT 36", "LEG2ID": "2791ce6f-60a1-4de7-a869-a91e0a9eaf1e", "ITEM": "1"}, "hfm": {"LEG1": "SAT 29", "LEG1ID": "cf1caaf2-6597-422a-8726-903340bcd74d", "LEG2": "SAT 30", "LEG2ID": "dc3ab085-279a-4551-9aba-094f1d0205c3", "LEG3": "SAT 35", "LEG3ID": "5ab43f0e-99ea-4767-84b4-0f39a9a66262", "LEG4": "SAT 36", "LEG4ID": "2791ce6f-60a1-4de7-a869-a91e0a9eaf1e", "LEG5": "SAT 37", "LEG5ID": "d5d628a7-f4d8-445d-9aea-d3487ce28a41", "LEG6": "SAT 38", "LEG6ID": "e1b83202-3841-4035-9fd3-ed2045fcb549", "ITEM": "1"}}, {"matchID": "e1b83202-3841-4035-9fd3-ed2045fcb549", "matchIDinofficial": "20220507SAT38", "matchNum": "38", "matchDate": "2022-05-07+08:00", "matchDay": "SAT", "coupon": {"couponID": "1", "couponShortName": "SAT", "couponNameCH": "\u5468\u516d\u8cfd\u4e8b", "couponNameEN": "Saturday Matches"}, "league": {"leagueID": "1", "leagueShortName": "EPL", "leagueNameCH": "\u82f1\u683c\u862d\u8d85\u7d1a\u806f\u8cfd", "leagueNameEN": "Eng Premier"}, "homeTeam": {"teamID": "193", "teamNameCH": "\u822c\u5c3c", "teamNameEN": "Burnley"}, "awayTeam": {"teamID": "2", "teamNameCH": "\u963f\u58eb\u6771\u7dad\u62c9", "teamNameEN": "Aston Villa"}, "matchStatus": "ResultIn", "matchTime": "2022-05-07T22:00:00+08:00", "statuslastupdated": "2022-05-07T22:25:08+08:00", "inplaydelay": "true", "channel": [{"order": 1, "channelID": "624", "channelNameCH": "NOW 624\u53f0", "channelNameEN": "NOW 624"}], "liveEvent": {"ilcLiveDisplay": true, "hasLiveInfo": true, "isIncomplete": false, "matchIDbetradar": "27751758", "matchstate": "FirstHalf", "stateTS": "2022-05-07T22:00:28+08:00", "liveevent": [{"order": 1, "minutesElasped": "7", "actionType": "Regular", "playerNameCH": "\u4e39\u5c3c\u827e\u683c\u65af", "playerNameEN": "Danny Ings", "homeaway": "Away"}, {"order": 2, "minutesElasped": "21", "actionType": "YellowCard", "playerNameCH": "\u76e7\u5361\u65af\u8fea\u6cbb\u5c3c", "playerNameEN": "Lucas Digne", "homeaway": "Away"}]}, "accumulatedscore": [{"periodvalue": "FirstHalf", "periodstatus": "Interim", "home": "0", "away": "1"}], "livescore": {"home": "0", "away": "1"}, "cornerresult": "2", "hasWebTV": false, "hasOdds": false, "chlodds": {"LINELIST": [{"LINENUM": "2", "MAINLINE": "false", "LINESTATUS": "1", "LINEORDER": "2", "LINE": "10.5/10.5", "H": "100@2.25", "L": "100@1.57"}, {"LINENUM": "1", "MAINLINE": "true", "LINESTATUS": "1", "LINEORDER": "1", "LINE": "9.5/9.5", "H": "100@1.73", "L": "100@1.98"}], "ID": "2bb1bb37-0706-4d17-af82-b66e8dea44ff", "POOLSTATUS": "Selling", "ET": "0", "INPLAY": "true", "ALLUP": "true", "Cur": "1"}, "hasExtraTimePools": false, "results": {}, "definedPools": ["HAD", "FHA", "CRS", "FCS", "FTS", "OOE", "TTG", "HFT", "HHA", "HDC", "HIL", "FHL", "CHL", "NTS"], "inplayPools": ["HAD", "FHA", "HIL", "CHL", "CRS", "FCS", "NTS"], "hfm": {"LEG1": "SAT 29", "LEG1ID": "cf1caaf2-6597-422a-8726-903340bcd74d", "LEG2": "SAT 30", "LEG2ID": "dc3ab085-279a-4551-9aba-094f1d0205c3", "LEG3": "SAT 35", "LEG3ID": "5ab43f0e-99ea-4767-84b4-0f39a9a66262", "LEG4": "SAT 36", "LEG4ID": "2791ce6f-60a1-4de7-a869-a91e0a9eaf1e", "LEG5": "SAT 37", "LEG5ID": "d5d628a7-f4d8-445d-9aea-d3487ce28a41", "LEG6": "SAT 38", "LEG6ID": "e1b83202-3841-4035-9fd3-ed2045fcb549", "ITEM": "1"}}]