[{"matchID": "8454c4fc-3edd-49f1-ae93-a9077b43daf1", "matchIDinofficial": "20220508SUN13", "matchNum": "13", "matchDate": "2022-05-08+08:00", "matchDay": "SUN", "coupon": {"couponID": "2", "couponShortName": "SUN", "couponNameCH": "\u5468\u65e5\u8cfd\u4e8b", "couponNameEN": "Sunday Matches"}, "league": {"leagueID": "55", "leagueShortName": "JD1", "leagueNameCH": "\u65e5\u672c\u8077\u696d\u806f\u8cfd", "leagueNameEN": "Japanese Division 1"}, "homeTeam": {"teamID": "542", "teamNameCH": "FC\u6771\u4eac", "teamNameEN": "FC Tokyo"}, "awayTeam": {"teamID": "1027", "teamNameCH": "\u9ce5\u68f2\u7802\u5ca9", "teamNameEN": "Sagan Tosu"}, "matchStatus": "Closed", "matchTime": "2022-05-08T14:00:00+08:00", "statuslastupdated": "2022-05-08T14:05:23+08:00", "inplaydelay": "true", "channel": [{"order": 1, "channelID": "C662", "channelNameCH": "\u6709\u7dda662\u53f0", "channelNameEN": "i-CABLE 662"}, {"order": 2, "channelID": "C602", "channelNameCH": "\u6709\u7dda602\u53f0", "channelNameEN": "i-CABLE 602"}], "liveEvent": {"ilcLiveDisplay": true, "hasLiveInfo": true, "isIncomplete": false, "matchIDbetradar": "31767715", "matchstate": "FirstHalf", "stateTS": "2022-05-08T14:05:23+08:00", "liveevent": [{"order": 1, "minutesElasped": "27", "actionType": "YellowCard", "playerNameCH": "", "playerNameEN": "Wataru Harada", "homeaway": "Away"}, {"order": 2, "minutesElasped": "28", "actionType": "YellowCard", "playerNameCH": "\u798f\u7530\u6643\u6597", "playerNameEN": "Akito Fukuta", "homeaway": "Away"}]}, "accumulatedscore": [{"periodvalue": "FirstHalf", "periodstatus": "Started", "home": "", "away": ""}], "livescore": {"home": "0", "away": "0"}, "cornerresult": "-1", "hasWebTV": false, "hasOdds": false, "chlodds": {"LINELIST": [{"LINENUM": "2", "MAINLINE": "false", "LINESTATUS": "1", "LINEORDER": "2", "LINE": "12.5/12.5", "H": "100@2.70", "L": "100@1.40"}, {"LINENUM": "1", "MAINLINE": "true", "LINESTATUS": "1", "LINEORDER": "1", "LINE": "11.5/11.5", "L": "100@1.80", "H": "100@1.90"}], "ID": "2645ed2a-7595-46d1-b429-10c9e4d6ef59", "POOLSTATUS": "NotSelling", "ET": "0", "INPLAY": "true", "ALLUP": "true", "Cur": "1"}, "hasExtraTimePools": false, "results": {}, "definedPools": ["HAD", "FHA", "CRS", "FCS", "FTS", "OOE", "TTG", "HFT", "HHA", "HDC", "HIL", "FHL", "CHL", "NTS"], "inplayPools": ["HAD", "FHA", "HIL", "CHL", "CRS", "FCS", "NTS"]}]