[{"matchID": "c4b44e0f-84bb-4699-ba0b-b9793fd2c7cd", "matchIDinofficial": "20220502MON6", "matchNum": "6", "matchDate": "2022-05-02+08:00", "matchDay": "MON", "coupon": {"couponID": "3", "couponShortName": "MON", "couponNameCH": "\u5468\u4e00\u8cfd\u4e8b", "couponNameEN": "Monday Matches"}, "league": {"leagueID": "29", "leagueShortName": "ED1", "leagueNameCH": "\u82f1\u683c\u862d\u51a0\u8ecd\u806f\u8cfd", "leagueNameEN": "Eng Championship"}, "homeTeam": {"teamID": "9", "teamNameCH": "\u5bcc\u54b8", "teamNameEN": "Fulham"}, "awayTeam": {"teamID": "179", "teamNameCH": "\u76e7\u9813", "teamNameEN": "Luton"}, "matchStatus": "ResultIn", "matchTime": "2022-05-03T00:15:00+08:00", "statuslastupdated": "2022-05-03T01:55:27+08:00", "inplaydelay": "true", "channel": [{"order": 1, "channelID": "C662", "channelNameCH": "\u6709\u7dda662\u53f0", "channelNameEN": "i-CABLE 662"}, {"order": 2, "channelID": "C602", "channelNameCH": "\u6709\u7dda602\u53f0", "channelNameEN": "i-CABLE 602"}], "liveEvent": {"ilcLiveDisplay": true, "hasLiveInfo": true, "isIncomplete": false, "matchIDbetradar": "27868028", "matchstate": "SecondHalf", "stateTS": "2022-05-03T01:20:31+08:00", "liveevent": [{"order": 1, "minutesElasped": "11", "actionType": "YellowCard", "playerNameCH": "\u5e0c\u723e\u9813, \u4e39\u5c3c", "playerNameEN": "Danny Hylton", "homeaway": "Away"}, {"order": 2, "minutesElasped": "27", "actionType": "YellowCard", "playerNameCH": "\u6d1b\u514b\u723e", "playerNameEN": "Tom Lockyer", "homeaway": "Away"}, {"order": 3, "minutesElasped": "29", "actionType": "Regular", "playerNameCH": "\u5361\u4e9e\u5c3c", "playerNameEN": "Tom Cairney", "homeaway": "Home"}, {"order": 4, "minutesElasped": "36", "actionType": "YellowCard", "playerNameCH": "\u8f9b\u8fea\u52a0\u65af", "playerNameEN": "Robert Snodgrass", "homeaway": "Away"}, {"order": 5, "minutesElasped": "37", "actionType": "YellowCard", "playerNameCH": "\u862d\u65af\u8c9d\u5229", "playerNameEN": "Henri Lansbury", "homeaway": "Away"}, {"order": 6, "minutesElasped": "39", "actionType": "Regular", "playerNameCH": "\u5805\u5c3c\u6cf0\u8fea", "playerNameEN": "Kenny Tete", "homeaway": "Home"}, {"order": 7, "minutesElasped": "51", "actionType": "YellowCard", "playerNameCH": "\u4e39\u6a38\u65af", "playerNameEN": "Dan Potts", "homeaway": "Away"}, {"order": 8, "minutesElasped": "54", "actionType": "Regular", "playerNameCH": "\u5361\u74e6\u7565, \u6cd5\u6bd4\u5967", "playerNameEN": "Fabio Carvalho", "homeaway": "Home"}, {"order": 9, "minutesElasped": "62", "actionType": "Regular", "playerNameCH": "\u963f\u6b77\u5c71\u5927\u7c73\u7956\u57df", "playerNameEN": "Aleksandar Mitrovic", "homeaway": "Home"}, {"order": 10, "minutesElasped": "65", "actionType": "Regular", "playerNameCH": "\u535c\u6bd4\u5217\u7279", "playerNameEN": "Bobby Reid", "homeaway": "Home"}, {"order": 11, "minutesElasped": "79", "actionType": "Regular", "playerNameCH": "\u5360\u8212\u5229", "playerNameEN": "Michael Seri", "homeaway": "Home"}, {"order": 12, "minutesElasped": "83", "actionType": "YellowCard", "playerNameCH": "\u54c8\u5229\u5a01\u723e\u905c", "playerNameEN": "Harry Wilson", "homeaway": "Home"}, {"order": 13, "minutesElasped": "85", "actionType": "YellowCard", "playerNameCH": "\u7a46\u65af\u79d1\u5a01, \u963f\u5fb7\u7c73\u62c9", "playerNameEN": "Admiral Muskwe", "homeaway": "Away"}]}, "accumulatedscore": [{"periodvalue": "FirstHalf", "periodstatus": "ResultFinal", "home": "2", "away": "0"}, {"periodvalue": "SecondHalf", "periodstatus": "Interim", "home": "6", "away": "0"}], "livescore": {"home": "6", "away": "0"}, "cornerresult": "-1", "hasWebTV": false, "hasOdds": false, "chlodds": {"LINELIST": [{"LINENUM": "1", "MAINLINE": "true", "LINESTATUS": "1", "LINEORDER": "1", "LINE": "9.5/9.5", "H": "100@6.10", "L": "100@1.08"}], "ID": "fb694211-c75d-426e-8adf-aba16252a37a", "POOLSTATUS": "FinalStopSell", "ET": "0", "INPLAY": "true", "ALLUP": "true", "Cur": "1"}, "hasExtraTimePools": false, "results": {}, "definedPools": ["HAD", "FHA", "CRS", "FCS", "FTS", "OOE", "TTG", "HFT", "HHA", "HDC", "HIL", "FHL", "CHL", "NTS"], "inplayPools": ["HAD", "FHA", "HIL", "CHL", "CRS", "FCS", "NTS"]}]