[{"matchID": "cd9d613e-1ea7-4edb-9a3e-5c6488061918", "matchIDinofficial": "20220503TUE10", "matchNum": "10", "matchDate": "2022-05-03+08:00", "matchDay": "TUE", "coupon": {"couponID": "4", "couponShortName": "TUE", "couponNameCH": "\u5468\u4e8c\u8cfd\u4e8b", "couponNameEN": "Tuesday Matches"}, "league": {"leagueID": "29", "leagueShortName": "ED1", "leagueNameCH": "\u82f1\u683c\u862d\u51a0\u8ecd\u806f\u8cfd", "leagueNameEN": "Eng Championship"}, "homeTeam": {"teamID": "433", "teamNameCH": "\u822c\u5c3c\u8305\u592b", "teamNameEN": "Bournemouth"}, "awayTeam": {"teamID": "200", "teamNameCH": "\u8afe\u5b9a\u54b8\u68ee\u6797", "teamNameEN": "Nottingham Forest"}, "matchStatus": "ResultIn", "matchTime": "2022-05-04T02:00:00+08:00", "statuslastupdated": "2022-05-04T03:30:11+08:00", "inplaydelay": "true", "channel": [{"order": 1, "channelID": "C661", "channelNameCH": "\u6709\u7dda661\u53f0", "channelNameEN": "i-CABLE 661"}, {"order": 2, "channelID": "C601", "channelNameCH": "\u6709\u7dda601\u53f0", "channelNameEN": "i-CABLE 601"}], "liveEvent": {"ilcLiveDisplay": true, "hasLiveInfo": true, "isIncomplete": false, "matchIDbetradar": "32309731", "matchstate": "SecondHalf", "stateTS": "2022-05-04T03:04:34+08:00", "liveevent": []}, "accumulatedscore": [{"periodvalue": "FirstHalf", "periodstatus": "ResultFinal", "home": "0", "away": "0"}, {"periodvalue": "SecondHalf", "periodstatus": "Interim", "home": "", "away": ""}], "livescore": {"home": "0", "away": "0"}, "cornerresult": "6", "hasWebTV": false, "hasOdds": false, "chlodds": {"LINELIST": [{"LINENUM": "2", "MAINLINE": "false", "LINESTATUS": "1", "LINEORDER": "2", "LINE": "8.5/8.5", "H": "100@2.75", "L": "100@1.39"}, {"LINENUM": "1", "MAINLINE": "true", "LINESTATUS": "1", "LINEORDER": "1", "LINE": "7.5/7.5", "L": "100@2.15", "H": "100@1.62"}], "ID": "af8e4cf8-4055-417c-903b-1fc08d061225", "POOLSTATUS": "Selling", "ET": "0", "INPLAY": "true", "ALLUP": "true", "Cur": "1"}, "hasExtraTimePools": false, "results": {}, "definedPools": ["HAD", "FHA", "CRS", "FCS", "FTS", "OOE", "TTG", "HFT", "HHA", "HDC", "HIL", "FHL", "CHL", "NTS"], "inplayPools": ["HAD", "FHA", "HIL", "CHL", "CRS", "FCS", "NTS"]}, {"matchID": "6667786b-8f28-440b-9726-320152ec1bf5", "matchIDinofficial": "20220503TUE11", "matchNum": "11", "matchDate": "2022-05-03+08:00", "matchDay": "TUE", "coupon": {"couponID": "4", "couponShortName": "TUE", "couponNameCH": "\u5468\u4e8c\u8cfd\u4e8b", "couponNameEN": "Tuesday Matches"}, "league": {"leagueID": "6", "leagueShortName": "UCL", "leagueNameCH": "\u6b50\u6d32\u806f\u8cfd\u51a0\u8ecd\u76c3", "leagueNameEN": "UE Champions"}, "homeTeam": {"teamID": "75", "teamNameCH": "\u7dad\u62c9\u5229\u723e", "teamNameEN": "Villarreal"}, "awayTeam": {"teamID": "12", "teamNameCH": "\u5229\u7269\u6d66", "teamNameEN": "Liverpool"}, "matchStatus": "ResultIn", "matchTime": "2022-05-04T03:00:00+08:00", "statuslastupdated": "2022-05-04T03:23:45+08:00", "inplaydelay": "true", "channel": [{"order": 1, "channelID": "643", "channelNameCH": "NOW 643\u53f0", "channelNameEN": "NOW 643"}], "liveEvent": {"ilcLiveDisplay": true, "hasLiveInfo": true, "isIncomplete": false, "matchIDbetradar": "33181715", "matchstate": "FirstHalf", "stateTS": "2022-05-04T03:01:25+08:00", "liveevent": [{"order": 1, "minutesElasped": "3", "actionType": "Regular", "playerNameCH": "\u4fdd\u62ff\u723e\u8fea\u4e9e", "playerNameEN": "Boulaye Dia", "homeaway": "Home"}]}, "accumulatedscore": [{"periodvalue": "FirstHalf", "periodstatus": "Interim", "home": "1", "away": "0"}], "livescore": {"home": "1", "away": "0"}, "cornerresult": "-1", "hasWebTV": false, "hasOdds": false, "chlodds": {"LINELIST": [{"LINENUM": "2", "MAINLINE": "false", "LINESTATUS": "1", "LINEORDER": "2", "LINE": "6.5/6.5", "L": "100@1.57", "H": "100@2.25"}, {"LINENUM": "1", "MAINLINE": "true", "LINESTATUS": "1", "LINEORDER": "1", "LINE": "5.5/5.5", "H": "100@1.66", "L": "100@2.08"}], "ID": "d59733b9-a6a7-4334-84f3-fd478e66464e", "POOLSTATUS": "NotSelling", "ET": "0", "INPLAY": "true", "ALLUP": "true", "Cur": "1"}, "hasExtraTimePools": true, "results": {}, "definedPools": ["HAD", "FHA", "CRS", "FCS", "FTS", "TQL", "OOE", "TTG", "HFT", "HHA", "HDC", "HIL", "FHL", "CHL", "NTS"], "inplayPools": ["HAD", "FHA", "TQL", "HIL", "CHL", "CRS", "FCS", "NTS"]}]