[{"matchID": "c8b98c3b-9c99-4f74-86ec-e48e93c0e99c", "matchIDinofficial": "20220506FRI1", "matchNum": "1", "matchDate": "2022-05-06+08:00", "matchDay": "FRI", "coupon": {"couponID": "7", "couponShortName": "FRI", "couponNameCH": "\u5468\u4e94\u8cfd\u4e8b", "couponNameEN": "Friday Matches"}, "league": {"leagueID": "55", "leagueShortName": "JD1", "leagueNameCH": "\u65e5\u672c\u8077\u696d\u806f\u8cfd", "leagueNameEN": "Japanese Division 1"}, "homeTeam": {"teamID": "541", "teamNameCH": "\u5927\u962a\u6afb\u82b1", "teamNameEN": "Cerezo Osaka"}, "awayTeam": {"teamID": "545", "teamNameCH": "\u78d0\u7530\u5c71\u8449", "teamNameEN": "Jubilo Iwata"}, "matchStatus": "ResultIn", "matchTime": "2022-05-06T18:00:00+08:00", "statuslastupdated": "2022-05-06T18:44:34+08:00", "inplaydelay": "true", "channel": [{"order": 1, "channelID": "GX", "channelNameCH": "GoalX app", "channelNameEN": "GoalX app"}, {"order": 2, "channelID": "HKJC", "channelNameCH": "HKJC TV app", "channelNameEN": "HKJC TV app"}], "liveEvent": {"ilcLiveDisplay": true, "hasLiveInfo": true, "isIncomplete": false, "matchIDbetradar": "31767701", "matchstate": "FirstHalf", "stateTS": "2022-05-06T18:03:45+08:00", "liveevent": [{"order": 1, "minutesElasped": "32", "actionType": "Regular", "playerNameCH": "", "playerNameEN": "Seiya Maikuma", "homeaway": "Home"}, {"order": 2, "minutesElasped": "40", "actionType": "Regular", "playerNameCH": "", "playerNameEN": "Seiya Maikuma", "homeaway": "Home"}]}, "accumulatedscore": [{"periodvalue": "FirstHalf", "periodstatus": "Interim", "home": "2", "away": "0"}], "livescore": {"home": "2", "away": "0"}, "cornerresult": "-1", "hasWebTV": false, "hasOdds": false, "chlodds": {"LINELIST": [{"LINENUM": "2", "MAINLINE": "true", "LINESTATUS": "1", "LINEORDER": "2", "LINE": "8.5/8.5", "L": "100@1.64", "H": "100@2.12"}, {"LINENUM": "1", "MAINLINE": "false", "LINESTATUS": "1", "LINEORDER": "1", "LINE": "7.5/7.5", "H": "100@1.59", "L": "100@2.20"}], "ID": "50ec2dfc-f1ee-4226-97bf-899bffb604c6", "POOLSTATUS": "NotSelling", "ET": "0", "INPLAY": "true", "ALLUP": "true", "Cur": "1"}, "hasExtraTimePools": false, "results": {}, "definedPools": ["HAD", "FHA", "CRS", "FCS", "FTS", "OOE", "TTG", "HFT", "HHA", "HDC", "HIL", "FHL", "CHL", "NTS"], "inplayPools": ["HAD", "FHA", "HIL", "CHL", "CRS", "FCS", "NTS"]}]