[{"matchID": "41364519-beba-42a8-8370-94ac885c5abb", "matchIDinofficial": "20220506FRI5", "matchNum": "5", "matchDate": "2022-05-06+08:00", "matchDay": "FRI", "coupon": {"couponID": "7", "couponShortName": "FRI", "couponNameCH": "\u5468\u4e94\u8cfd\u4e8b", "couponNameEN": "Friday Matches"}, "league": {"leagueID": "54", "leagueShortName": "GD2", "leagueNameCH": "\u5fb7\u570b\u4e59\u7d44\u806f\u8cfd", "leagueNameEN": "German Division 2"}, "homeTeam": {"teamID": "1293", "teamNameCH": "\u675c\u585e\u723e\u591a\u592b", "teamNameEN": "Dusseldorf"}, "awayTeam": {"teamID": "845", "teamNameCH": "\u9054\u65af\u6cf0\u7279", "teamNameEN": "Darmstadt"}, "matchStatus": "ResultIn", "matchTime": "2022-05-07T00:30:00+08:00", "statuslastupdated": "2022-05-07T01:42:28+08:00", "inplaydelay": "true", "channel": [{"order": 1, "channelID": "ONTV", "channelNameCH": "OnTV\u6771\u7db2", "channelNameEN": "OnTV"}], "liveEvent": {"ilcLiveDisplay": true, "hasLiveInfo": true, "isIncomplete": false, "matchIDbetradar": "27884672", "matchstate": "SecondHalf", "stateTS": "2022-05-07T01:34:56+08:00", "liveevent": [{"order": 1, "minutesElasped": "3", "actionType": "Regular", "playerNameCH": "\u4f0a\u5967\u590f, \u827e\u66fc\u5974", "playerNameEN": "Emmanuel Iyoha", "homeaway": "Home"}, {"order": 2, "minutesElasped": "10", "actionType": "Regular", "playerNameCH": "\u99ac\u83f2\u4e9e\u65af\u68ee\u99ac\u6587", "playerNameEN": "Matthias Zimmermann", "homeaway": "Home"}, {"order": 3, "minutesElasped": "30", "actionType": "YellowCard", "playerNameCH": "\u4f0a\u745f\u4f0d\u5fb7, \u6258\u99ac\u65af", "playerNameEN": "Thomas Isherwood", "homeaway": "Away"}]}, "accumulatedscore": [{"periodvalue": "FirstHalf", "periodstatus": "ResultFinal", "home": "2", "away": "0"}, {"periodvalue": "SecondHalf", "periodstatus": "Interim", "home": "", "away": ""}], "livescore": {"home": "2", "away": "0"}, "cornerresult": "-1", "hasWebTV": false, "hasOdds": false, "chlodds": {"LINELIST": [{"LINENUM": "1", "MAINLINE": "true", "LINESTATUS": "1", "LINEORDER": "1", "LINE": "9.5/9.5", "H": "100@2.25", "L": "100@1.57"}, {"LINENUM": "2", "MAINLINE": "false", "LINESTATUS": "1", "LINEORDER": "2", "LINE": "10.5/10.5", "H": "100@3.25", "L": "100@1.28"}], "ID": "cb186993-c073-4fab-a69d-46adcb433dfa", "POOLSTATUS": "NotSelling", "ET": "0", "INPLAY": "true", "ALLUP": "true", "Cur": "1"}, "hasExtraTimePools": false, "results": {}, "definedPools": ["HAD", "FHA", "CRS", "FCS", "FTS", "OOE", "TTG", "HFT", "HHA", "HDC", "HIL", "FHL", "CHL", "NTS"], "inplayPools": ["HAD", "FHA", "HIL", "CHL", "CRS", "FCS", "NTS"]}]