[{"matchID": "b4259d27-ad18-4cbb-af1f-0435dce4cf46", "matchIDinofficial": "20220418MON39", "matchNum": "39", "matchDate": "2022-04-18+08:00", "matchDay": "MON", "coupon": {"couponID": "3", "couponShortName": "MON", "couponNameCH": "\u5468\u4e00\u8cfd\u4e8b", "couponNameEN": "Monday Matches"}, "league": {"leagueID": "59", "leagueShortName": "NTL", "leagueNameCH": "\u632a\u5a01\u8d85\u7d1a\u806f\u8cfd", "leagueNameEN": "Norwegian Division 1"}, "homeTeam": {"teamID": "613", "teamNameCH": "\u6ce2\u675c\u57fa\u6797\u7279", "teamNameEN": "Bodo Glimt"}, "awayTeam": {"teamID": "295", "teamNameCH": "\u83ef\u62c9\u502b\u52a0", "teamNameEN": "Valerenga"}, "matchStatus": "ResultIn", "matchTime": "2022-04-19T02:00:00+08:00", "statuslastupdated": "2022-04-19T03:43:29+08:00", "inplaydelay": "true", "channel": [{"order": 1, "channelID": "ES", "channelNameCH": "ElevenSports", "channelNameEN": "ElevenSports"}], "liveEvent": {"ilcLiveDisplay": true, "hasLiveInfo": true, "isIncomplete": false, "matchIDbetradar": "31601955", "matchstate": "SecondHalf", "stateTS": "2022-04-19T03:01:50+08:00", "liveevent": [{"order": 1, "minutesElasped": "36", "actionType": "Regular", "playerNameCH": "\u8607\u723e\u5df4\u6839", "playerNameEN": "Ola Solbakken", "homeaway": "Home"}, {"order": 2, "minutesElasped": "41", "actionType": "Regular", "playerNameCH": "\u68b3\u7279\u5c3c\u65af", "playerNameEN": "Ulrik Saltnes", "homeaway": "Home"}, {"order": 3, "minutesElasped": "61", "actionType": "YellowCard", "playerNameCH": "\u51f1\u5df4\u9813", "playerNameEN": "Marius Hoibraten", "homeaway": "Home"}, {"order": 4, "minutesElasped": "62", "actionType": "Regular", "playerNameCH": "Runar Espejord", "playerNameEN": "Runar Espejord", "homeaway": "Home"}, {"order": 5, "minutesElasped": "71", "actionType": "Regular", "playerNameCH": "\u7dad\u7279\u5229\u81e3", "playerNameEN": "Hugo Vetlesen", "homeaway": "Home"}, {"order": 6, "minutesElasped": "73", "actionType": "YellowCard", "playerNameCH": "\u7dad\u7279\u5229\u81e3", "playerNameEN": "Hugo Vetlesen", "homeaway": "Home"}, {"order": 7, "minutesElasped": "78", "actionType": "Regular", "playerNameCH": "\u7dad\u7279\u5229\u81e3", "playerNameEN": "Hugo Vetlesen", "homeaway": "Home"}, {"order": 8, "minutesElasped": "86", "actionType": "Penalty", "playerNameCH": "\u8ed2\u6b77\u6bd4\u7956\u9054\u723e", "playerNameEN": "Henrik Bjordal", "homeaway": "Away"}]}, "accumulatedscore": [{"periodvalue": "FirstHalf", "periodstatus": "ResultFinal", "home": "2", "away": "0"}, {"periodvalue": "SecondHalf", "periodstatus": "Interim", "home": "5", "away": "1"}], "livescore": {"home": "5", "away": "1"}, "cornerresult": "-1", "hasWebTV": false, "hasOdds": false, "chlodds": {"LINELIST": [{"LINENUM": "1", "MAINLINE": "true", "LINESTATUS": "1", "LINEORDER": "1", "LINE": "11.5/11.5", "L": "100@1.19", "H": "100@4.05"}], "ID": "148d62d9-6971-470d-a75f-d9e2e43d733b", "POOLSTATUS": "FinalStopSell", "ET": "0", "INPLAY": "true", "ALLUP": "true", "Cur": "1"}, "hasExtraTimePools": false, "results": {}, "definedPools": ["HAD", "FHA", "CRS", "FCS", "FTS", "OOE", "TTG", "HFT", "HHA", "HDC", "HIL", "FHL", "CHL", "NTS"], "inplayPools": ["HAD", "FHA", "HIL", "CHL", "CRS", "FCS", "NTS"]}, {"matchID": "126a9070-8521-48f6-89a0-2195eabd9f92", "matchIDinofficial": "20220418MON42", "matchNum": "42", "matchDate": "2022-04-18+08:00", "matchDay": "MON", "coupon": {"couponID": "3", "couponShortName": "MON", "couponNameCH": "\u5468\u4e00\u8cfd\u4e8b", "couponNameEN": "Monday Matches"}, "league": {"leagueID": "2", "leagueShortName": "ISA", "leagueNameCH": "\u610f\u5927\u5229\u7532\u7d44\u806f\u8cfd", "leagueNameEN": "Italian Division 1"}, "homeTeam": {"teamID": "340", "teamNameCH": "\u963f\u7279\u862d\u5927", "teamNameEN": "Atalanta"}, "awayTeam": {"teamID": "1764", "teamNameCH": "\u7dad\u7f85\u7d0d", "teamNameEN": "Verona"}, "matchStatus": "ResultIn", "matchTime": "2022-04-19T03:00:00+08:00", "statuslastupdated": "2022-04-19T03:51:35+08:00", "inplaydelay": "true", "channel": [{"order": 1, "channelID": "638", "channelNameCH": "NOW 638\u53f0", "channelNameEN": "NOW 638"}], "liveEvent": {"ilcLiveDisplay": true, "hasLiveInfo": true, "isIncomplete": false, "matchIDbetradar": "28160470", "matchstate": "FirstHalf", "stateTS": "2022-04-19T03:01:49+08:00", "liveevent": [{"order": 1, "minutesElasped": "9", "actionType": "YellowCard", "playerNameCH": "\u54e5\u5229\u723e\u6839\u9054", "playerNameEN": "Koray Gunter", "homeaway": "Away"}, {"order": 2, "minutesElasped": "21", "actionType": "YellowCard", "playerNameCH": "\u5361\u6c99\u52d2, \u5c3c\u53e4\u62c9", "playerNameEN": "Nicolo Casale", "homeaway": "Away"}, {"order": 3, "minutesElasped": "25", "actionType": "YellowCard", "playerNameCH": "\u67cf\u6d1b\u6587\u5974", "playerNameEN": "Jose Luis Palomino", "homeaway": "Home"}, {"order": 4, "minutesElasped": "31", "actionType": "YellowCard", "playerNameCH": "\u99ac\u5229\u8def\u592b\u65af\u57fa", "playerNameEN": "Ruslan Malinovskyi", "homeaway": "Home"}, {"order": 5, "minutesElasped": "45", "actionType": "Regular", "playerNameCH": "\u65bd\u6377\u9023\u5c3c", "playerNameEN": "Federico Ceccherini", "homeaway": "Away"}]}, "accumulatedscore": [{"periodvalue": "FirstHalf", "periodstatus": "Interim", "home": "0", "away": "1"}], "livescore": {"home": "0", "away": "1"}, "cornerresult": "5", "hasWebTV": false, "hasOdds": false, "chlodds": {"LINELIST": [{"LINENUM": "2", "MAINLINE": "false", "LINESTATUS": "1", "LINEORDER": "2", "LINE": "11.5/11.5", "H": "100@2.38", "L": "100@1.51"}, {"LINENUM": "1", "MAINLINE": "true", "LINESTATUS": "1", "LINEORDER": "1", "LINE": "10.5/10.5", "L": "100@1.88", "H": "100@1.82"}], "ID": "7c2e7173-02e1-4a51-aea3-80b3406d10c2", "POOLSTATUS": "Selling", "ET": "0", "INPLAY": "true", "ALLUP": "true", "Cur": "1"}, "hasExtraTimePools": false, "results": {}, "definedPools": ["HAD", "FHA", "CRS", "FCS", "FTS", "OOE", "TTG", "HFT", "HHA", "HDC", "HIL", "FHL", "CHL", "NTS"], "inplayPools": ["HAD", "FHA", "HIL", "CHL", "CRS", "FCS", "NTS"]}]