[{"matchID": "347bdaad-0b47-4337-8af2-9b64d4be3bb1", "matchIDinofficial": "20220426TUE29", "matchNum": "29", "matchDate": "2022-04-26+08:00", "matchDay": "TUE", "coupon": {"couponID": "4", "couponShortName": "TUE", "couponNameCH": "\u5468\u4e8c\u8cfd\u4e8b", "couponNameEN": "Tuesday Matches"}, "league": {"leagueID": "71", "leagueShortName": "LBC", "leagueNameCH": "\u5357\u7f8e\u81ea\u7531\u76c3", "leagueNameEN": "Copa Libertadores"}, "homeTeam": {"teamID": "2177", "teamNameCH": "\u8fea\u83ef\u5229\u7368\u7acb\u968a", "teamNameEN": "Independiente del Valle"}, "awayTeam": {"teamID": "558", "teamNameCH": "\u660e\u5c3c\u8def", "teamNameEN": "Atletico Mineiro"}, "matchStatus": "ResultIn", "matchTime": "2022-04-27T08:30:00+08:00", "statuslastupdated": "2022-04-27T09:10:04+08:00", "inplaydelay": "true", "channel": [{"order": 1, "channelID": "GX", "channelNameCH": "GoalX app", "channelNameEN": "GoalX app"}, {"order": 2, "channelID": "HKJC", "channelNameCH": "HKJC TV app", "channelNameEN": "HKJC TV app"}], "liveEvent": {"ilcLiveDisplay": true, "hasLiveInfo": true, "isIncomplete": false, "matchIDbetradar": "32898603", "matchstate": "FirstHalf", "stateTS": "2022-04-27T08:30:39+08:00", "liveevent": [{"order": 1, "minutesElasped": "7", "actionType": "Regular", "playerNameCH": "\u4faf\u514b", "playerNameEN": "Hulk", "homeaway": "Away"}, {"order": 2, "minutesElasped": "21", "actionType": "YellowCard", "playerNameCH": "\u57fa\u65af\u9813\u67cf\u5229\u862d\u5974", "playerNameEN": "Cristian Pellerano", "homeaway": "Home"}]}, "accumulatedscore": [{"periodvalue": "FirstHalf", "periodstatus": "Interim", "home": "0", "away": "1"}], "livescore": {"home": "0", "away": "1"}, "cornerresult": "7", "hasWebTV": false, "hasOdds": false, "chlodds": {"LINELIST": [{"LINENUM": "2", "MAINLINE": "false", "LINESTATUS": "1", "LINEORDER": "2", "LINE": "13.5/13.5", "H": "100@2.70", "L": "100@1.40"}, {"LINENUM": "1", "MAINLINE": "true", "LINESTATUS": "1", "LINEORDER": "1", "LINE": "12.5/12.5", "H": "100@1.98", "L": "100@1.73"}], "ID": "2715c9eb-af67-436c-9ae5-5af1e3c56b9e", "POOLSTATUS": "Selling", "ET": "0", "INPLAY": "true", "ALLUP": "true", "Cur": "1"}, "hasExtraTimePools": false, "results": {}, "definedPools": ["HAD", "FHA", "CRS", "FCS", "FTS", "OOE", "TTG", "HFT", "HHA", "HDC", "HIL", "FHL", "CHL", "NTS"], "inplayPools": ["HAD", "FHA", "HIL", "CHL", "CRS", "FCS", "NTS"]}]