[{"matchID": "545988b0-59d6-4e23-9c11-a9d29bedf4c3", "matchIDinofficial": "20220430SAT1", "matchNum": "1", "matchDate": "2022-04-30+08:00", "matchDay": "SAT", "coupon": {"couponID": "1", "couponShortName": "SAT", "couponNameCH": "\u5468\u516d\u8cfd\u4e8b", "couponNameEN": "Saturday Matches"}, "league": {"leagueID": "87", "leagueShortName": "JD2", "leagueNameCH": "\u65e5\u672c\u4e59\u7d44\u806f\u8cfd", "leagueNameEN": "Japanese Division 2"}, "homeTeam": {"teamID": "544", "teamNameCH": "\u5343\u8449\u5e02\u539f", "teamNameEN": "JEF United Chiba"}, "awayTeam": {"teamID": "550", "teamNameCH": "\u5927\u5206\u4e09\u795e", "teamNameEN": "Oita Trinita"}, "matchStatus": "ResultIn", "matchTime": "2022-04-30T13:00:00+08:00", "statuslastupdated": "2022-04-30T14:04:52+08:00", "inplaydelay": "true", "channel": [{"order": 1, "channelID": "C661", "channelNameCH": "\u6709\u7dda661\u53f0", "channelNameEN": "i-CABLE 661"}, {"order": 2, "channelID": "C601", "channelNameCH": "\u6709\u7dda601\u53f0", "channelNameEN": "i-CABLE 601"}], "liveEvent": {"ilcLiveDisplay": true, "hasLiveInfo": true, "isIncomplete": false, "matchIDbetradar": "", "matchstate": "SecondHalf", "stateTS": "2022-04-30T14:04:52+08:00", "liveevent": [{"order": 1, "minutesElasped": "14", "actionType": "Regular", "playerNameCH": "\u9ad8\u7551\u594e\u6c70", "playerNameEN": "Keita Takahata", "homeaway": "Away"}]}, "accumulatedscore": [{"periodvalue": "FirstHalf", "periodstatus": "ResultFinal", "home": "0", "away": "1"}, {"periodvalue": "SecondHalf", "periodstatus": "Started", "home": "", "away": ""}], "livescore": {"home": "0", "away": "1"}, "cornerresult": "4", "hasWebTV": false, "hasOdds": false, "chlodds": {"LINELIST": [{"LINENUM": "1", "MAINLINE": "true", "LINESTATUS": "1", "LINEORDER": "1", "LINE": "9.5/9.5", "L": "100@1.72", "H": "100@2.00"}, {"LINENUM": "2", "MAINLINE": "false", "LINESTATUS": "1", "LINEORDER": "2", "LINE": "10.5/10.5", "L": "100@1.39", "H": "100@2.75"}], "ID": "767a082e-3f01-496f-97fa-cb36cde3a97d", "POOLSTATUS": "Selling", "ET": "0", "INPLAY": "true", "ALLUP": "true", "Cur": "1"}, "hasExtraTimePools": false, "results": {}, "definedPools": ["HAD", "FHA", "CRS", "FCS", "FTS", "OOE", "TTG", "HFT", "HHA", "HDC", "HIL", "FHL", "CHL", "NTS"], "inplayPools": ["HAD", "FHA", "HIL", "CHL", "CRS", "FCS", "NTS"]}, {"matchID": "815154c7-85d2-468f-9836-18056add6248", "matchIDinofficial": "20220430SAT3", "matchNum": "3", "matchDate": "2022-04-30+08:00", "matchDay": "SAT", "coupon": {"couponID": "1", "couponShortName": "SAT", "couponNameCH": "\u5468\u516d\u8cfd\u4e8b", "couponNameEN": "Saturday Matches"}, "league": {"leagueID": "89", "leagueShortName": "AD1", "leagueNameCH": "\u6fb3\u6d32\u8077\u696d\u806f\u8cfd", "leagueNameEN": "Australian Division 1"}, "homeTeam": {"teamID": "1153", "teamNameCH": "\u4e2d\u5cb8\u6c34\u624b", "teamNameEN": "Central Coast Mariners"}, "awayTeam": {"teamID": "3270", "teamNameCH": "\u897f\u90e8\u806f", "teamNameEN": "Western Utd"}, "matchStatus": "Closed", "matchTime": "2022-04-30T14:05:00+08:00", "statuslastupdated": "2022-04-30T14:05:22+08:00", "inplaydelay": "true", "channel": [{"order": 1, "channelID": "85", "channelNameCH": "\u7121\u7dda85\u53f0", "channelNameEN": "TVB 85"}], "liveEvent": {"ilcLiveDisplay": true, "hasLiveInfo": true, "isIncomplete": false, "matchIDbetradar": "30903637", "matchstate": "FirstHalf", "stateTS": "2022-04-30T14:05:22+08:00", "liveevent": []}, "accumulatedscore": [{"periodvalue": "FirstHalf", "periodstatus": "Started", "home": "", "away": ""}], "livescore": {"home": "0", "away": "0"}, "cornerresult": "0", "hasWebTV": false, "hasOdds": false, "chlodds": {"LINELIST": [{"LINENUM": "2", "MAINLINE": "false", "LINESTATUS": "1", "LINEORDER": "2", "LINE": "11.5/11.5", "H": "100@2.15", "L": "100@1.62"}, {"LINENUM": "1", "MAINLINE": "true", "LINESTATUS": "1", "LINEORDER": "1", "LINE": "10.5/10.5", "H": "100@1.74", "L": "100@1.97"}], "ID": "bedd50b9-936d-4512-bb2d-704e039ea1d7", "POOLSTATUS": "Selling", "ET": "0", "INPLAY": "true", "ALLUP": "true", "Cur": "1"}, "hasExtraTimePools": false, "results": {}, "definedPools": ["HAD", "FHA", "CRS", "FCS", "FTS", "OOE", "TTG", "HFT", "HHA", "HDC", "HIL", "FHL", "CHL", "NTS"], "inplayPools": ["HAD", "FHA", "HIL", "CHL", "CRS", "FCS", "NTS"]}]