[{"matchID": "2bd94c57-5fd0-40fb-888e-959f98bf8b58", "matchIDinofficial": "20220424SUN4", "matchNum": "4", "matchDate": "2022-04-24+08:00", "matchDay": "SUN", "coupon": {"couponID": "2", "couponShortName": "SUN", "couponNameCH": "\u5468\u65e5\u8cfd\u4e8b", "couponNameEN": "Sunday Matches"}, "league": {"leagueID": "90", "leagueShortName": "ACL", "leagueNameCH": "\u4e9e\u6d32\u806f\u8cfd\u51a0\u8ecd\u76c3", "leagueNameEN": "Asian Champions League"}, "homeTeam": {"teamID": "971", "teamNameCH": "FC\u5ee3\u5dde", "teamNameEN": "FC Guangzhou"}, "awayTeam": {"teamID": "1108", "teamNameCH": "\u851a\u5c71\u73fe\u4ee3", "teamNameEN": "Ulsan Hyundai"}, "matchStatus": "ResultIn", "matchTime": "2022-04-24T17:00:00+08:00", "statuslastupdated": "2022-04-24T18:40:52+08:00", "inplaydelay": "true", "neutralgroundvenue": {"neutralgroundvenueNameCH": "\u99ac\u4f86\u897f\u4e9e\u4e39\u65af\u91cc\u62ff\u7763\u54c8\u5409\u54c8\u6851\u5c24\u8afe\u65af\u7403\u5834", "neutralgroundvenueNameEN": "Tan Sri Dato Haji Hassan Yunos Stadium, Johor Bahru, Malaysia"}, "channel": [{"order": 1, "channelID": "ES", "channelNameCH": "ElevenSports", "channelNameEN": "ElevenSports"}], "liveEvent": {"ilcLiveDisplay": true, "hasLiveInfo": true, "isIncomplete": false, "matchIDbetradar": "32307541", "matchstate": "SecondHalf", "stateTS": "2022-04-24T18:05:19+08:00", "liveevent": [{"order": 1, "minutesElasped": "4", "actionType": "Regular", "playerNameCH": "\u5c39\u65e5\u9304", "playerNameEN": "Yun Il-Lok", "homeaway": "Away"}, {"order": 2, "minutesElasped": "37", "actionType": "YellowCard", "playerNameCH": "\u91d1\u8ce2\u5b87", "playerNameEN": "Hyunwoo Kim", "homeaway": "Away"}, {"order": 3, "minutesElasped": "54", "actionType": "Regular", "playerNameCH": "\u79d1\u65af\u5854, \u99ac\u514b", "playerNameEN": "Mark Koszta", "homeaway": "Away"}, {"order": 4, "minutesElasped": "64", "actionType": "Regular", "playerNameCH": "\u5361\u6c99\u8212\u97cb\u5229", "playerNameEN": "Vako Qazaishvili", "homeaway": "Away"}, {"order": 5, "minutesElasped": "73", "actionType": "Regular", "playerNameCH": "\u5929\u91ce\u7d14", "playerNameEN": "Jun Amano", "homeaway": "Away"}]}, "accumulatedscore": [{"periodvalue": "FirstHalf", "periodstatus": "ResultFinal", "home": "0", "away": "1"}, {"periodvalue": "SecondHalf", "periodstatus": "Interim", "home": "0", "away": "4"}], "livescore": {"home": "0", "away": "4"}, "cornerresult": "12", "hasWebTV": false, "hasOdds": false, "chlodds": {"LINELIST": [{"LINENUM": "1", "MAINLINE": "true", "LINESTATUS": "1", "LINEORDER": "1", "LINE": "13.5/13.5", "L": "100@1.70", "H": "100@2.02"}, {"LINENUM": "2", "MAINLINE": "false", "LINESTATUS": "1", "LINEORDER": "2", "LINE": "14.5/14.5", "L": "100@1.19", "H": "100@4.05"}], "ID": "f87f1a8b-782c-4278-bae7-b5e9a966473b", "POOLSTATUS": "Selling", "ET": "0", "INPLAY": "true", "ALLUP": "true", "Cur": "1"}, "hasExtraTimePools": false, "results": {}, "definedPools": ["HAD", "FHA", "CRS", "FCS", "FTS", "OOE", "TTG", "HFT", "HHA", "HIL", "FHL", "CHL", "NTS"], "inplayPools": ["HAD", "FHA", "HIL", "CHL", "CRS", "FCS", "NTS"]}, {"matchID": "f794575f-9f0e-4757-a47c-8c6daa0737f8", "matchIDinofficial": "20220424SUN7", "matchNum": "7", "matchDate": "2022-04-24+08:00", "matchDay": "SUN", "coupon": {"couponID": "2", "couponShortName": "SUN", "couponNameCH": "\u5468\u65e5\u8cfd\u4e8b", "couponNameEN": "Sunday Matches"}, "league": {"leagueID": "2", "leagueShortName": "ISA", "leagueNameCH": "\u610f\u5927\u5229\u7532\u7d44\u806f\u8cfd", "leagueNameEN": "Italian Division 1"}, "homeTeam": {"teamID": "1186", "teamNameCH": "\u6c99\u862d\u529b\u5766\u62ff", "teamNameEN": "Salernitana"}, "awayTeam": {"teamID": "342", "teamNameCH": "\u8cbb\u502b\u5929\u62ff", "teamNameEN": "Fiorentina"}, "matchStatus": "Closed", "matchTime": "2022-04-24T18:30:00+08:00", "statuslastupdated": "2022-04-24T18:35:09+08:00", "inplaydelay": "true", "channel": [{"order": 1, "channelID": "638", "channelNameCH": "NOW 638\u53f0", "channelNameEN": "NOW 638"}], "liveEvent": {"ilcLiveDisplay": true, "hasLiveInfo": true, "isIncomplete": false, "matchIDbetradar": "28160502", "matchstate": "FirstHalf", "stateTS": "2022-04-24T18:35:09+08:00", "liveevent": []}, "accumulatedscore": [{"periodvalue": "FirstHalf", "periodstatus": "Started", "home": "", "away": ""}], "livescore": {"home": "0", "away": "0"}, "cornerresult": "1", "hasWebTV": false, "hasOdds": false, "chlodds": {"LINELIST": [{"LINENUM": "1", "MAINLINE": "true", "LINESTATUS": "1", "LINEORDER": "1", "LINE": "9.5/9.5", "H": "100@1.78", "L": "100@1.92"}, {"LINENUM": "2", "MAINLINE": "false", "LINESTATUS": "1", "LINEORDER": "2", "LINE": "10.5/10.5", "L": "100@1.55", "H": "100@2.29"}], "ID": "3d5842c0-e1b0-4a76-88e2-973bcf1d667c", "POOLSTATUS": "Selling", "ET": "0", "INPLAY": "true", "ALLUP": "true", "Cur": "1"}, "hasExtraTimePools": false, "results": {}, "definedPools": ["HAD", "FHA", "CRS", "FCS", "FTS", "OOE", "TTG", "HFT", "HHA", "HDC", "HIL", "FHL", "CHL", "NTS"], "inplayPools": ["HAD", "FHA", "HIL", "CHL", "CRS", "FCS", "NTS"]}]