[{"matchID": "4d83bb11-7754-4129-8231-06a4155c278a", "matchIDinofficial": "20220429FRI4", "matchNum": "4", "matchDate": "2022-04-29+08:00", "matchDay": "FRI", "coupon": {"couponID": "7", "couponShortName": "FRI", "couponNameCH": "\u5468\u4e94\u8cfd\u4e8b", "couponNameEN": "Friday Matches"}, "league": {"leagueID": "55", "leagueShortName": "JD1", "leagueNameCH": "\u65e5\u672c\u8077\u696d\u806f\u8cfd", "leagueNameEN": "Japanese Division 1"}, "homeTeam": {"teamID": "541", "teamNameCH": "\u5927\u962a\u6afb\u82b1", "teamNameEN": "Cerezo Osaka"}, "awayTeam": {"teamID": "546", "teamNameCH": "\u9e7f\u5cf6\u9e7f\u89d2", "teamNameEN": "Kashima Antlers"}, "matchStatus": "ResultIn", "matchTime": "2022-04-29T15:00:00+08:00", "statuslastupdated": "2022-04-29T15:22:32+08:00", "inplaydelay": "true", "channel": [{"order": 1, "channelID": "C661", "channelNameCH": "\u6709\u7dda661\u53f0", "channelNameEN": "i-CABLE 661"}, {"order": 2, "channelID": "C601", "channelNameCH": "\u6709\u7dda601\u53f0", "channelNameEN": "i-CABLE 601"}], "liveEvent": {"ilcLiveDisplay": true, "hasLiveInfo": true, "isIncomplete": false, "matchIDbetradar": "31767679", "matchstate": "FirstHalf", "stateTS": "2022-04-29T15:03:12+08:00", "liveevent": [{"order": 1, "minutesElasped": "6", "actionType": "Regular", "playerNameCH": "", "playerNameEN": "Yuma Suzuki", "homeaway": "Away"}, {"order": 2, "minutesElasped": "14", "actionType": "Regular", "playerNameCH": "\u677e\u6751\u512a\u592a", "playerNameEN": "Yuta Matsumura", "homeaway": "Away"}]}, "accumulatedscore": [{"periodvalue": "FirstHalf", "periodstatus": "Interim", "home": "0", "away": "2"}], "livescore": {"home": "0", "away": "2"}, "cornerresult": "4", "hasWebTV": false, "hasOdds": false, "chlodds": {"LINELIST": [{"LINENUM": "1", "MAINLINE": "true", "LINESTATUS": "1", "LINEORDER": "1", "LINE": "11.5/11.5", "L": "100@1.86", "H": "100@1.84"}, {"LINENUM": "2", "MAINLINE": "false", "LINESTATUS": "1", "LINEORDER": "2", "LINE": "12.5/12.5", "H": "100@2.33", "L": "100@1.53"}], "ID": "47567318-485a-4767-a9aa-0a558b1c3ad9", "POOLSTATUS": "Selling", "ET": "0", "INPLAY": "true", "ALLUP": "true", "Cur": "1"}, "hasExtraTimePools": false, "results": {}, "definedPools": ["HAD", "FHA", "CRS", "FCS", "FTS", "OOE", "TTG", "HFT", "HHA", "HDC", "HIL", "FHL", "CHL", "NTS"], "inplayPools": ["HAD", "FHA", "HIL", "CHL", "CRS", "FCS", "NTS"]}]