[{"matchID": "da24566d-dd63-42e4-bdb6-99ccc90a7525", "matchIDinofficial": "20220430SAT93", "matchNum": "93", "matchDate": "2022-04-30+08:00", "matchDay": "SAT", "coupon": {"couponID": "1", "couponShortName": "SAT", "couponNameCH": "\u5468\u516d\u8cfd\u4e8b", "couponNameEN": "Saturday Matches"}, "league": {"leagueID": "2", "leagueShortName": "ISA", "leagueNameCH": "\u610f\u5927\u5229\u7532\u7d44\u806f\u8cfd", "leagueNameEN": "Italian Division 1"}, "homeTeam": {"teamID": "2228", "teamNameCH": "\u53f2\u67cf\u65af\u4e9e", "teamNameEN": "Spezia"}, "awayTeam": {"teamID": "47", "teamNameCH": "\u62c9\u7d20", "teamNameEN": "Lazio"}, "matchStatus": "ResultIn", "matchTime": "2022-05-01T02:45:00+08:00", "statuslastupdated": "2022-05-01T04:14:03+08:00", "inplaydelay": "true", "channel": [{"order": 1, "channelID": "638", "channelNameCH": "NOW 638\u53f0", "channelNameEN": "NOW 638"}], "liveEvent": {"ilcLiveDisplay": true, "hasLiveInfo": true, "isIncomplete": false, "matchIDbetradar": "28160526", "matchstate": "SecondHalf", "stateTS": "2022-05-01T03:49:22+08:00", "liveevent": [{"order": 1, "minutesElasped": "9", "actionType": "Regular", "playerNameCH": "\u963f\u7c73\u5b89,\u51f1\u723e\u6587", "playerNameEN": "Kelvin Amian", "homeaway": "Home"}, {"order": 2, "minutesElasped": "33", "actionType": "Penalty", "playerNameCH": "\u6069\u83ab\u6bd4\u5c3c", "playerNameEN": "Ciro Immobile", "homeaway": "Away"}, {"order": 3, "minutesElasped": "35", "actionType": "Regular", "playerNameCH": "\u963f\u53e4\u5fb7\u6d1b, \u51f1\u6587", "playerNameEN": "Kevin Agudelo", "homeaway": "Home"}, {"order": 4, "minutesElasped": "37", "actionType": "YellowCard", "playerNameCH": "\u85a9\u5361\u5c3c", "playerNameEN": "Mattia Zaccagni", "homeaway": "Away"}, {"order": 5, "minutesElasped": "54", "actionType": "OwnGoal", "playerNameCH": "\u666e\u7f85\u7dad\u675c", "playerNameEN": "Ivan Provedel", "homeaway": "Away"}, {"order": 6, "minutesElasped": "56", "actionType": "Regular", "playerNameCH": "\u514b\u91cc\u65af\u6258\u592b, \u4f69\u7279\u79d1", "playerNameEN": "Petko Hristov", "homeaway": "Home"}, {"order": 7, "minutesElasped": "63", "actionType": "YellowCard", "playerNameCH": "\u66fc\u62ff\u7a4d, \u96f7", "playerNameEN": "Rey Manaj", "homeaway": "Home"}, {"order": 8, "minutesElasped": "64", "actionType": "YellowCard", "playerNameCH": "\u963f\u7c73\u5b89,\u51f1\u723e\u6587", "playerNameEN": "Kelvin Amian", "homeaway": "Home"}, {"order": 9, "minutesElasped": "68", "actionType": "Regular", "playerNameCH": "\u7c73\u9023\u9ad8\u57df\u6c99\u57df", "playerNameEN": "Sergej Milinkovic-Savic", "homeaway": "Away"}]}, "accumulatedscore": [{"periodvalue": "FirstHalf", "periodstatus": "ResultFinal", "home": "2", "away": "1"}, {"periodvalue": "SecondHalf", "periodstatus": "Interim", "home": "3", "away": "3"}], "livescore": {"home": "3", "away": "3"}, "cornerresult": "7", "hasWebTV": false, "hasOdds": false, "chlodds": {"LINELIST": [{"LINENUM": "2", "MAINLINE": "false", "LINESTATUS": "1", "LINEORDER": "2", "LINE": "9.5/9.5", "H": "100@3.15", "L": "100@1.30"}, {"LINENUM": "1", "MAINLINE": "true", "LINESTATUS": "1", "LINEORDER": "1", "LINE": "8.5/8.5", "L": "100@2.05", "H": "100@1.68"}], "ID": "b9d8ef22-b9c0-4f83-ac7e-84ed66537f95", "POOLSTATUS": "Selling", "ET": "0", "INPLAY": "true", "ALLUP": "true", "Cur": "1"}, "hasExtraTimePools": false, "results": {}, "definedPools": ["HAD", "FHA", "CRS", "FCS", "FTS", "OOE", "TTG", "HFT", "HHA", "HDC", "HIL", "FHL", "CHL", "NTS"], "inplayPools": ["HAD", "FHA", "HIL", "CHL", "CRS", "FCS", "NTS"]}]