[{"matchID": "55da434b-a10b-47b7-8240-54a77442dd25", "matchIDinofficial": "20220430SAT69", "matchNum": "69", "matchDate": "2022-04-30+08:00", "matchDay": "SAT", "coupon": {"couponID": "1", "couponShortName": "SAT", "couponNameCH": "\u5468\u516d\u8cfd\u4e8b", "couponNameEN": "Saturday Matches"}, "league": {"leagueID": "2", "leagueShortName": "ISA", "leagueNameCH": "\u610f\u5927\u5229\u7532\u7d44\u806f\u8cfd", "leagueNameEN": "Italian Division 1"}, "homeTeam": {"teamID": "54", "teamNameCH": "\u68ee\u591a\u5229\u4e9e", "teamNameEN": "Sampdoria"}, "awayTeam": {"teamID": "677", "teamNameCH": "\u71b1\u62ff\u4e9e", "teamNameEN": "Genoa"}, "matchStatus": "ResultIn", "matchTime": "2022-05-01T00:00:00+08:00", "statuslastupdated": "2022-05-01T00:39:36+08:00", "inplaydelay": "true", "channel": [{"order": 1, "channelID": "638", "channelNameCH": "NOW 638\u53f0", "channelNameEN": "NOW 638"}], "liveEvent": {"ilcLiveDisplay": true, "hasLiveInfo": true, "isIncomplete": false, "matchIDbetradar": "28160524", "matchstate": "FirstHalf", "stateTS": "2022-05-01T00:02:17+08:00", "liveevent": [{"order": 1, "minutesElasped": "25", "actionType": "Regular", "playerNameCH": "\u6c99\u6bd4\u5c3c", "playerNameEN": "Abdelhamid Sabiri", "homeaway": "Home"}, {"order": 2, "minutesElasped": "32", "actionType": "YellowCard", "playerNameCH": "\u5967\u9054\u8def", "playerNameEN": "Emil Audero", "homeaway": "Home"}]}, "accumulatedscore": [{"periodvalue": "FirstHalf", "periodstatus": "Interim", "home": "1", "away": "0"}], "livescore": {"home": "1", "away": "0"}, "cornerresult": "1", "hasWebTV": false, "hasOdds": false, "chlodds": {"LINELIST": [{"LINENUM": "1", "MAINLINE": "true", "LINESTATUS": "1", "LINEORDER": "1", "LINE": "6.5/6.5", "L": "100@1.62", "H": "100@2.15"}, {"LINENUM": "2", "MAINLINE": "false", "LINESTATUS": "1", "LINEORDER": "2", "LINE": "7.5/7.5", "L": "100@1.29", "H": "100@3.20"}], "ID": "2152a6c9-e9fd-4bc6-9758-d94ff1759ee3", "POOLSTATUS": "Selling", "ET": "0", "INPLAY": "true", "ALLUP": "true", "Cur": "1"}, "hasExtraTimePools": false, "results": {}, "definedPools": ["HAD", "FHA", "CRS", "FCS", "FTS", "OOE", "TTG", "HFT", "HHA", "HDC", "HIL", "FHL", "CHL", "NTS"], "inplayPools": ["HAD", "FHA", "HIL", "CHL", "CRS", "FCS", "NTS"]}, {"matchID": "c3157a83-4dcc-4d04-897e-30272da2ff3c", "matchIDinofficial": "20220430SAT74", "matchNum": "74", "matchDate": "2022-04-30+08:00", "matchDay": "SAT", "coupon": {"couponID": "1", "couponShortName": "SAT", "couponNameCH": "\u5468\u516d\u8cfd\u4e8b", "couponNameEN": "Saturday Matches"}, "league": {"leagueID": "1", "leagueShortName": "EPL", "leagueNameCH": "\u82f1\u683c\u862d\u8d85\u7d1a\u806f\u8cfd", "leagueNameEN": "Eng Premier"}, "homeTeam": {"teamID": "10", "teamNameCH": "\u5217\u65af\u806f", "teamNameEN": "Leeds"}, "awayTeam": {"teamID": "13", "teamNameCH": "\u66fc\u57ce", "teamNameEN": "Manchester City"}, "matchStatus": "ResultIn", "matchTime": "2022-05-01T00:30:00+08:00", "statuslastupdated": "2022-05-01T00:43:46+08:00", "inplaydelay": "true", "channel": [{"order": 1, "channelID": "621", "channelNameCH": "NOW 621\u53f0", "channelNameEN": "NOW 621"}, {"order": 2, "channelID": "611", "channelNameCH": "NOW 611\u53f0", "channelNameEN": "NOW 611"}], "liveEvent": {"ilcLiveDisplay": true, "hasLiveInfo": true, "isIncomplete": false, "matchIDbetradar": "27751736", "matchstate": "FirstHalf", "stateTS": "2022-05-01T00:30:17+08:00", "liveevent": [{"order": 1, "minutesElasped": "6", "actionType": "YellowCard", "playerNameCH": "\u7956\u5c3c\u4e9e\u8cbb\u666e", "playerNameEN": "Junior Firpo", "homeaway": "Home"}, {"order": 2, "minutesElasped": "13", "actionType": "Regular", "playerNameCH": "\u6d1b\u8fea\u5361\u65af\u7c21\u8fea", "playerNameEN": "Rodri", "homeaway": "Away"}, {"order": 3, "minutesElasped": "14", "actionType": "YellowCard", "playerNameCH": "\u57fa\u4e9e\u5229\u6b8a", "playerNameEN": "Jack Grealish", "homeaway": "Away"}]}, "accumulatedscore": [{"periodvalue": "FirstHalf", "periodstatus": "Interim", "home": "0", "away": "1"}], "livescore": {"home": "0", "away": "1"}, "cornerresult": "2", "hasWebTV": false, "hasOdds": false, "chlodds": {"LINELIST": [{"LINENUM": "2", "MAINLINE": "false", "LINESTATUS": "1", "LINEORDER": "2", "LINE": "11.5/11.5", "H": "100@2.70", "L": "100@1.40"}, {"LINENUM": "1", "MAINLINE": "true", "LINESTATUS": "1", "LINEORDER": "1", "LINE": "10.5/10.5", "L": "100@1.69", "H": "100@2.04"}], "ID": "76a42370-1e38-4a2e-a2e6-5b9d67f05877", "POOLSTATUS": "Selling", "ET": "0", "INPLAY": "true", "ALLUP": "true", "Cur": "1"}, "hasExtraTimePools": false, "results": {}, "definedPools": ["HAD", "FHA", "CRS", "FCS", "FTS", "OOE", "TTG", "HFT", "HHA", "HDC", "HIL", "FHL", "CHL", "NTS"], "inplayPools": ["HAD", "FHA", "HIL", "CHL", "CRS", "FCS", "NTS"]}, {"matchID": "426c5287-17c7-4ae7-a7e4-dbcbb0901a34", "matchIDinofficial": "20220430SAT75", "matchNum": "75", "matchDate": "2022-04-30+08:00", "matchDay": "SAT", "coupon": {"couponID": "1", "couponShortName": "SAT", "couponNameCH": "\u5468\u516d\u8cfd\u4e8b", "couponNameEN": "Saturday Matches"}, "league": {"leagueID": "4", "leagueShortName": "SFL", "leagueNameCH": "\u897f\u73ed\u7259\u7532\u7d44\u806f\u8cfd", "leagueNameEN": "Spanish Division 1"}, "homeTeam": {"teamID": "73", "teamNameCH": "\u83ef\u502b\u897f\u4e9e", "teamNameEN": "Valencia"}, "awayTeam": {"teamID": "264", "teamNameCH": "\u5229\u96f2\u7279", "teamNameEN": "Levante"}, "matchStatus": "Closed", "matchTime": "2022-05-01T00:30:00+08:00", "statuslastupdated": "2022-05-01T00:42:16+08:00", "inplaydelay": "true", "channel": [{"order": 1, "channelID": "632", "channelNameCH": "NOW 632\u53f0", "channelNameEN": "NOW 632"}], "liveEvent": {"ilcLiveDisplay": true, "hasLiveInfo": true, "isIncomplete": false, "matchIDbetradar": "27965840", "matchstate": "FirstHalf", "stateTS": "2022-05-01T00:42:16+08:00", "liveevent": []}, "accumulatedscore": [{"periodvalue": "FirstHalf", "periodstatus": "Started", "home": "", "away": ""}], "livescore": {"home": "0", "away": "0"}, "cornerresult": "3", "hasWebTV": false, "hasOdds": false, "chlodds": {"LINELIST": [{"LINENUM": "1", "MAINLINE": "true", "LINESTATUS": "1", "LINEORDER": "1", "LINE": "10.5/10.5", "L": "100@2.02", "H": "100@1.70"}, {"LINENUM": "2", "MAINLINE": "false", "LINESTATUS": "1", "LINEORDER": "2", "LINE": "11.5/11.5", "H": "100@2.20", "L": "100@1.59"}], "ID": "8ffe25c6-2bfa-408d-a8f0-7a21798835c7", "POOLSTATUS": "Selling", "ET": "0", "INPLAY": "true", "ALLUP": "true", "Cur": "1"}, "hasExtraTimePools": false, "results": {}, "definedPools": ["HAD", "FHA", "CRS", "FCS", "FTS", "OOE", "TTG", "HFT", "HHA", "HDC", "HIL", "FHL", "CHL", "NTS"], "inplayPools": ["HAD", "FHA", "HIL", "CHL", "CRS", "FCS", "NTS"]}]