[{"matchID": "df1b8e90-bc68-41c3-a602-d926d03ad13d", "matchIDinofficial": "20220423SAT102", "matchNum": "102", "matchDate": "2022-04-23+08:00", "matchDay": "SAT", "coupon": {"couponID": "1", "couponShortName": "SAT", "couponNameCH": "\u5468\u516d\u8cfd\u4e8b", "couponNameEN": "Saturday Matches"}, "league": {"leagueID": "79", "leagueShortName": "MLS", "leagueNameCH": "\u7f8e\u570b\u8077\u696d\u806f\u8cfd", "leagueNameEN": "US Football League"}, "homeTeam": {"teamID": "1462", "teamNameCH": "\u660e\u5c3c\u8607\u9054\u806f", "teamNameEN": "Minnesota Utd"}, "awayTeam": {"teamID": "916", "teamNameCH": "\u829d\u52a0\u54e5\u706b\u71c4", "teamNameEN": "Chicago Fire"}, "matchStatus": "ResultIn", "matchTime": "2022-04-24T05:00:00+08:00", "statuslastupdated": "2022-04-24T06:43:23+08:00", "inplaydelay": "true", "channel": [{"order": 1, "channelID": "639", "channelNameCH": "NOW 639 \u53f0", "channelNameEN": "NOW 639"}], "liveEvent": {"ilcLiveDisplay": true, "hasLiveInfo": true, "isIncomplete": false, "matchIDbetradar": "31095423", "matchstate": "SecondHalf", "stateTS": "2022-04-24T06:10:43+08:00", "liveevent": [{"order": 1, "minutesElasped": "35", "actionType": "YellowCard", "playerNameCH": "\u7c73\u57fa\u723e\u62ff\u83ef\u8def", "playerNameEN": "Miguel Navarro", "homeaway": "Away"}, {"order": 2, "minutesElasped": "36", "actionType": "YellowCard", "playerNameCH": "\u97cb\u723e\u67e5\u666e", "playerNameEN": "Wil Trapp", "homeaway": "Home"}, {"order": 3, "minutesElasped": "41", "actionType": "YellowCard", "playerNameCH": "\u52a0\u65af\u9813\u57fa\u6587\u5c3c\u65af", "playerNameEN": "Gaston Gimenez", "homeaway": "Away"}, {"order": 4, "minutesElasped": "52", "actionType": "YellowCard", "playerNameCH": "\u7d0d\u74e6\u7f85, \u8cbb\u5fb7\u91cc\u79d1", "playerNameEN": "Federico Navarro", "homeaway": "Away"}, {"order": 5, "minutesElasped": "72", "actionType": "Regular", "playerNameCH": "\u827e\u66fc\u7d10\u96f7\u8def\u7d20", "playerNameEN": "Emanuel Reynoso", "homeaway": "Home"}, {"order": 6, "minutesElasped": "77", "actionType": "YellowRedCard", "playerNameCH": "\u7d0d\u74e6\u7f85, \u8cbb\u5fb7\u91cc\u79d1", "playerNameEN": "Federico Navarro", "homeaway": "Away"}]}, "accumulatedscore": [{"periodvalue": "FirstHalf", "periodstatus": "ResultFinal", "home": "0", "away": "0"}, {"periodvalue": "SecondHalf", "periodstatus": "Interim", "home": "1", "away": "0"}], "livescore": {"home": "1", "away": "0"}, "cornerresult": "-1", "hasWebTV": false, "hasOdds": false, "chlodds": {"LINELIST": [{"LINENUM": "1", "MAINLINE": "true", "LINESTATUS": "1", "LINEORDER": "1", "LINE": "11.5/11.5", "H": "100@1.85", "L": "100@1.85"}, {"LINENUM": "2", "MAINLINE": "false", "LINESTATUS": "1", "LINEORDER": "2", "LINE": "12.5/12.5", "L": "100@1.26", "H": "100@3.40"}], "ID": "d3536b4f-5ad7-4049-8825-852252462ac3", "POOLSTATUS": "FinalStopSell", "ET": "0", "INPLAY": "true", "ALLUP": "true", "Cur": "1"}, "hasExtraTimePools": false, "results": {}, "definedPools": ["HAD", "FHA", "CRS", "FCS", "FTS", "OOE", "TTG", "HFT", "HHA", "HDC", "HIL", "FHL", "CHL", "NTS"], "inplayPools": ["HAD", "FHA", "HIL", "CHL", "CRS", "FCS", "NTS"]}]