[{"matchID": "bc57739b-7e09-4591-9a89-10bc1ef843f5", "matchIDinofficial": "20220430SAT38", "matchNum": "38", "matchDate": "2022-04-30+08:00", "matchDay": "SAT", "coupon": {"couponID": "1", "couponShortName": "SAT", "couponNameCH": "\u5468\u516d\u8cfd\u4e8b", "couponNameEN": "Saturday Matches"}, "league": {"leagueID": "3", "leagueShortName": "GSL", "leagueNameCH": "\u5fb7\u570b\u7532\u7d44\u806f\u8cfd", "leagueNameEN": "German Division 1"}, "homeTeam": {"teamID": "346", "teamNameCH": "\u7dec\u6069\u65af", "teamNameEN": "Mainz"}, "awayTeam": {"teamID": "22", "teamNameCH": "\u62dc\u4ec1\u6155\u5c3c\u9ed1", "teamNameEN": "Bayern Munich"}, "matchStatus": "ResultIn", "matchTime": "2022-04-30T21:30:00+08:00", "statuslastupdated": "2022-04-30T21:53:37+08:00", "inplaydelay": "true", "channel": [{"order": 1, "channelID": "76", "channelNameCH": "\u9999\u6e2f\u570b\u969b\u8ca1\u7d93\u53f0", "channelNameEN": "Hong Kong International Business Channel"}, {"order": 2, "channelID": "C661", "channelNameCH": "\u6709\u7dda661\u53f0", "channelNameEN": "i-CABLE 661"}, {"order": 3, "channelID": "C601", "channelNameCH": "\u6709\u7dda601\u53f0", "channelNameEN": "i-CABLE 601"}], "liveEvent": {"ilcLiveDisplay": true, "hasLiveInfo": true, "isIncomplete": false, "matchIDbetradar": "27883658", "matchstate": "FirstHalf", "stateTS": "2022-04-30T21:31:56+08:00", "liveevent": [{"order": 1, "minutesElasped": "18", "actionType": "Regular", "playerNameCH": "\u838a\u62ff\u82ac\u8c9d\u5361\u7279", "playerNameEN": "Jonathan Burkardt", "homeaway": "Home"}]}, "accumulatedscore": [{"periodvalue": "FirstHalf", "periodstatus": "Interim", "home": "1", "away": "0"}], "livescore": {"home": "1", "away": "0"}, "cornerresult": "5", "hasWebTV": false, "hasOdds": false, "chlodds": {"LINELIST": [{"LINENUM": "1", "MAINLINE": "true", "LINESTATUS": "1", "LINEORDER": "1", "LINE": "12.5/12.5", "H": "100@1.71", "L": "100@2.01"}, {"LINENUM": "2", "MAINLINE": "false", "LINESTATUS": "1", "LINEORDER": "2", "LINE": "13.5/13.5", "L": "100@1.65", "H": "100@2.10"}], "ID": "fa878cc5-6a7d-40bc-b9c4-35eca0bd540b", "POOLSTATUS": "Selling", "ET": "0", "INPLAY": "true", "ALLUP": "true", "Cur": "1"}, "hasExtraTimePools": false, "results": {}, "definedPools": ["HAD", "FHA", "CRS", "FCS", "FTS", "OOE", "TTG", "HFT", "HHA", "HDC", "HIL", "FHL", "CHL", "NTS"], "inplayPools": ["HAD", "FHA", "HIL", "CHL", "CRS", "FCS", "NTS"], "hfm": {"LEG1": "SAT 38", "LEG1ID": "bc57739b-7e09-4591-9a89-10bc1ef843f5", "LEG2": "SAT 39", "LEG2ID": "b4008fff-12a8-4b79-aa03-776085d8fbb4", "LEG3": "SAT 40", "LEG3ID": "96a130db-0a0e-4850-bd30-086775d3072f", "LEG4": "SAT 41", "LEG4ID": "f2cf9141-6e57-4a56-b4ca-3dfc1a33b01c", "LEG5": "SAT 44", "LEG5ID": "6dc77d9e-bfb3-409f-942f-1d162375685c", "LEG6": "SAT 46", "LEG6ID": "4bca1844-044e-446d-8d0a-cd4f638de0e9", "ITEM": "1"}}]