[{"matchID": "1166f744-68e8-4157-96d2-d16bf8325eec", "matchIDinofficial": "20220423SAT113", "matchNum": "113", "matchDate": "2022-04-23+08:00", "matchDay": "SAT", "coupon": {"couponID": "1", "couponShortName": "SAT", "couponNameCH": "\u5468\u516d\u8cfd\u4e8b", "couponNameEN": "Saturday Matches"}, "league": {"leagueID": "79", "leagueShortName": "MLS", "leagueNameCH": "\u7f8e\u570b\u8077\u696d\u806f\u8cfd", "leagueNameEN": "US Football League"}, "homeTeam": {"teamID": "922", "teamNameCH": "\u80af\u85a9\u65af\u9ad4\u80b2\u6703", "teamNameEN": "Sporting Kansas City"}, "awayTeam": {"teamID": "918", "teamNameCH": "\u54e5\u502b\u5e03\u6a5f\u54e1", "teamNameEN": "Columbus Crew"}, "matchStatus": "ResultIn", "matchTime": "2022-04-24T08:30:00+08:00", "statuslastupdated": "2022-04-24T10:17:10+08:00", "inplaydelay": "true", "channel": [{"order": 1, "channelID": "638", "channelNameCH": "NOW 638\u53f0", "channelNameEN": "NOW 638"}], "remarkstype": "N", "liveEvent": {"ilcLiveDisplay": true, "hasLiveInfo": true, "isIncomplete": false, "matchIDbetradar": "31095429", "matchstate": "SecondHalf", "stateTS": "2022-04-24T09:46:51+08:00", "liveevent": [{"order": 1, "minutesElasped": "45", "actionType": "YellowCard", "playerNameCH": "\u67cf\u7956\u5c71\u5ea6\u58eb", "playerNameEN": "Pedro Santos", "homeaway": "Away"}, {"order": 2, "minutesElasped": "45", "actionType": "YellowCard", "playerNameCH": "\u5967\u5229\u5967\u723e\u8def\u6c99\u5229", "playerNameEN": "Uri Rosell", "homeaway": "Home"}]}, "accumulatedscore": [{"periodvalue": "FirstHalf", "periodstatus": "ResultFinal", "home": "0", "away": "0"}, {"periodvalue": "SecondHalf", "periodstatus": "Interim", "home": "", "away": ""}], "livescore": {"home": "0", "away": "0"}, "cornerresult": "-1", "hasWebTV": false, "hasOdds": false, "chlodds": {"LINELIST": [{"LINENUM": "2", "MAINLINE": "false", "LINESTATUS": "1", "LINEORDER": "2", "LINE": "4.5/4.5", "H": "100@3.45", "L": "100@1.25"}, {"LINENUM": "1", "MAINLINE": "true", "LINESTATUS": "1", "LINEORDER": "1", "LINE": "3.5/3.5", "H": "100@1.92", "L": "100@1.78"}], "ID": "bfae281a-62d7-4b97-b8e0-9f088d19f325", "POOLSTATUS": "NotSelling", "ET": "0", "INPLAY": "true", "ALLUP": "true", "Cur": "1"}, "hasExtraTimePools": false, "results": {}, "definedPools": ["HAD", "FHA", "CRS", "FCS", "FTS", "OOE", "TTG", "HFT", "HHA", "HDC", "HIL", "FHL", "CHL", "NTS"], "inplayPools": ["HAD", "FHA", "HIL", "CHL", "CRS", "FCS", "NTS"]}]