[{"matchID": "b77cbc24-537e-412f-9c5e-4e731183b410", "matchIDinofficial": "20220504WED33", "matchNum": "33", "matchDate": "2022-05-04+08:00", "matchDay": "WED", "coupon": {"couponID": "5", "couponShortName": "WED", "couponNameCH": "\u5468\u4e09\u8cfd\u4e8b", "couponNameEN": "Wednesday Matches"}, "league": {"leagueID": "100", "leagueShortName": "CNC", "leagueNameCH": "\u4e2d\u5317\u7f8e\u6d32\u51a0\u8ecd\u76c3", "leagueNameEN": "Central and North American Cup"}, "homeTeam": {"teamID": "1230", "teamNameCH": "\u897f\u96c5\u5716\u6d77\u7063\u8005", "teamNameEN": "Seattle Sounders"}, "awayTeam": {"teamID": "1780", "teamNameCH": "\u666e\u99ac\u65af", "teamNameEN": "Pumas UNAM"}, "matchStatus": "ResultIn", "matchTime": "2022-05-05T10:00:00+08:00", "statuslastupdated": "2022-05-05T11:56:16+08:00", "inplaydelay": "true", "channel": [{"order": 1, "channelID": "YT", "channelNameCH": "YouTube", "channelNameEN": "YouTube"}], "liveEvent": {"ilcLiveDisplay": true, "hasLiveInfo": true, "isIncomplete": false, "matchIDbetradar": "33184713", "matchstate": "SecondHalf", "stateTS": "2022-05-05T11:11:05+08:00", "liveevent": [{"order": 1, "minutesElasped": "7", "actionType": "YellowCard", "playerNameCH": "\u53e4\u9435\u96f7\u65af,\u4f55\u585e", "playerNameEN": "Jose Galindo", "homeaway": "Away"}, {"order": 2, "minutesElasped": "34", "actionType": "YellowCard", "playerNameCH": "\u6d1b\u4f69\u8332, \u5ca1\u85a9\u96f7\u65af, \u840a\u6602\u5167\u723e", "playerNameEN": "Leonel Lopez", "homeaway": "Away"}, {"order": 3, "minutesElasped": "45", "actionType": "Regular", "playerNameCH": "\u96f7\u8fea\u4e9e\u65af", "playerNameEN": "Raul Ruidiaz", "homeaway": "Home"}, {"order": 4, "minutesElasped": "57", "actionType": "YellowCard", "playerNameCH": "\u9b6f\u65af\u52d2", "playerNameEN": "Albert Rusnak", "homeaway": "Home"}, {"order": 5, "minutesElasped": "81", "actionType": "Regular", "playerNameCH": "\u96f7\u8fea\u4e9e\u65af", "playerNameEN": "Raul Ruidiaz", "homeaway": "Home"}, {"order": 6, "minutesElasped": "88", "actionType": "Regular", "playerNameCH": "\u76e7\u8fea\u8def", "playerNameEN": "Nicolas Lodeiro", "homeaway": "Home"}, {"order": 7, "minutesElasped": "90", "actionType": "YellowCard", "playerNameCH": "\u76e7\u8fea\u8def", "playerNameEN": "Nicolas Lodeiro", "homeaway": "Home"}]}, "accumulatedscore": [{"periodvalue": "FirstHalf", "periodstatus": "ResultFinal", "home": "1", "away": "0"}, {"periodvalue": "SecondHalf", "periodstatus": "Interim", "home": "3", "away": "0"}], "livescore": {"home": "3", "away": "0"}, "cornerresult": "-1", "hasWebTV": false, "hasOdds": false, "chlodds": {"LINELIST": [{"LINENUM": "1", "MAINLINE": "true", "LINESTATUS": "1", "LINEORDER": "1", "LINE": "8.5/8.5", "H": "100@3.25", "L": "100@1.28"}], "ID": "79bafd20-0f67-4b7c-8ec5-c542ba1db6db", "POOLSTATUS": "FinalStopSell", "ET": "0", "INPLAY": "true", "ALLUP": "true", "Cur": "1"}, "hasExtraTimePools": false, "results": {}, "definedPools": ["HAD", "FHA", "CRS", "FCS", "FTS", "OOE", "TTG", "HFT", "HHA", "HDC", "HIL", "FHL", "CHL", "NTS"], "inplayPools": ["HAD", "FHA", "HIL", "CHL", "CRS", "FCS", "NTS"]}]