[{"matchID": "251d42b7-99d0-4e76-a2d8-8afc3627e344", "matchIDinofficial": "20220417SUN10", "matchNum": "10", "matchDate": "2022-04-17+08:00", "matchDay": "SUN", "coupon": {"couponID": "2", "couponShortName": "SUN", "couponNameCH": "\u5468\u65e5\u8cfd\u4e8b", "couponNameEN": "Sunday Matches"}, "league": {"leagueID": "55", "leagueShortName": "JD1", "leagueNameCH": "\u65e5\u672c\u8077\u696d\u806f\u8cfd", "leagueNameEN": "Japanese Division 1"}, "homeTeam": {"teamID": "546", "teamNameCH": "\u9e7f\u5cf6\u9e7f\u89d2", "teamNameEN": "Kashima Antlers"}, "awayTeam": {"teamID": "1087", "teamNameCH": "\u540d\u53e4\u5c4b\u9be8\u9b5a", "teamNameEN": "Nagoya Grampus"}, "matchStatus": "ResultIn", "matchTime": "2022-04-17T14:00:00+08:00", "statuslastupdated": "2022-04-17T15:09:48+08:00", "inplaydelay": "true", "channel": [{"order": 1, "channelID": "C661", "channelNameCH": "\u6709\u7dda661\u53f0", "channelNameEN": "i-CABLE 661"}, {"order": 2, "channelID": "C601", "channelNameCH": "\u6709\u7dda601\u53f0", "channelNameEN": "i-CABLE 601"}], "liveEvent": {"ilcLiveDisplay": true, "hasLiveInfo": true, "isIncomplete": false, "matchIDbetradar": "31767655", "matchstate": "SecondHalf", "stateTS": "2022-04-17T15:05:19+08:00", "liveevent": [{"order": 1, "minutesElasped": "34", "actionType": "YellowCard", "playerNameCH": "\u4e9e\u745f\u5361\u57fa", "playerNameEN": "Arthur Caike", "homeaway": "Home"}]}, "accumulatedscore": [{"periodvalue": "FirstHalf", "periodstatus": "ResultFinal", "home": "0", "away": "0"}, {"periodvalue": "SecondHalf", "periodstatus": "Interim", "home": "", "away": ""}], "livescore": {"home": "0", "away": "0"}, "cornerresult": "4", "hasWebTV": false, "hasOdds": false, "chlodds": {"LINELIST": [{"LINENUM": "2", "MAINLINE": "false", "LINESTATUS": "1", "LINEORDER": "2", "LINE": "9.5/9.5", "L": "100@1.34", "H": "100@2.95"}, {"LINENUM": "1", "MAINLINE": "true", "LINESTATUS": "1", "LINEORDER": "1", "LINE": "8.5/8.5", "L": "100@1.76", "H": "100@1.94"}], "ID": "b1bb2794-bc31-4cbd-a19a-16fb8a081a37", "POOLSTATUS": "Selling", "ET": "0", "INPLAY": "true", "ALLUP": "true", "Cur": "1"}, "hasExtraTimePools": false, "results": {}, "definedPools": ["HAD", "FHA", "CRS", "FCS", "FTS", "OOE", "TTG", "HFT", "HHA", "HDC", "HIL", "FHL", "CHL", "NTS"], "inplayPools": ["HAD", "FHA", "HIL", "CHL", "CRS", "FCS", "NTS"], "dhc": {"LEG1": "SUN 10", "LEG1ID": "251d42b7-99d0-4e76-a2d8-8afc3627e344", "LEG2": "SUN 11", "LEG2ID": "17e40475-b12d-46b9-aebf-f7bbbfdda703", "ITEM": "1"}}]