[{"matchID": "e4d4688e-ece4-44f1-9ff4-9dc30f1b4ba4", "matchIDinofficial": "20220422FRI1", "matchNum": "1", "matchDate": "2022-04-22+08:00", "matchDay": "FRI", "coupon": {"couponID": "7", "couponShortName": "FRI", "couponNameCH": "\u5468\u4e94\u8cfd\u4e8b", "couponNameEN": "Friday Matches"}, "league": {"leagueID": "89", "leagueShortName": "AD1", "leagueNameCH": "\u6fb3\u6d32\u8077\u696d\u806f\u8cfd", "leagueNameEN": "Australian Division 1"}, "homeTeam": {"teamID": "3346", "teamNameCH": "FC\u9ea5\u514b\u963f\u745f", "teamNameEN": "Macarthur FC"}, "awayTeam": {"teamID": "1095", "teamNameCH": "\u58a8\u723e\u672c\u52dd\u5229", "teamNameEN": "Melbourne Victory"}, "matchStatus": "Closed", "matchTime": "2022-04-22T17:45:00+08:00", "statuslastupdated": "2022-04-22T17:49:55+08:00", "inplaydelay": "true", "channel": [{"order": 1, "channelID": "MTS", "channelNameCH": "\u7121\u7dda myTV SUPER", "channelNameEN": "TVB myTV SUPER"}], "liveEvent": {"ilcLiveDisplay": true, "hasLiveInfo": true, "isIncomplete": false, "matchIDbetradar": "30903625", "matchstate": "FirstHalf", "stateTS": "2022-04-22T17:49:55+08:00", "liveevent": []}, "accumulatedscore": [{"periodvalue": "FirstHalf", "periodstatus": "Started", "home": "", "away": ""}], "livescore": {"home": "0", "away": "0"}, "cornerresult": "3", "hasWebTV": false, "hasOdds": false, "chlodds": {"LINELIST": [{"LINENUM": "2", "MAINLINE": "false", "LINESTATUS": "1", "LINEORDER": "2", "LINE": "12.5/12.5", "L": "100@1.44", "H": "100@2.58"}, {"LINENUM": "1", "MAINLINE": "true", "LINESTATUS": "1", "LINEORDER": "1", "LINE": "11.5/11.5", "H": "100@1.97", "L": "100@1.74"}], "ID": "34ecd682-d3fa-4f99-878d-942e65f9f4cc", "POOLSTATUS": "Selling", "ET": "0", "INPLAY": "true", "ALLUP": "true", "Cur": "1"}, "hasExtraTimePools": false, "results": {}, "definedPools": ["HAD", "FHA", "CRS", "FCS", "FTS", "OOE", "TTG", "HFT", "HHA", "HDC", "HIL", "FHL", "CHL", "NTS"], "inplayPools": ["HAD", "FHA", "HIL", "CHL", "CRS", "FCS", "NTS"]}]