[{"matchID": "eb1a602d-d5e8-4b82-94b7-187bc283708c", "matchIDinofficial": "20220417SUN39", "matchNum": "39", "matchDate": "2022-04-17+08:00", "matchDay": "SUN", "coupon": {"couponID": "2", "couponShortName": "SUN", "couponNameCH": "\u5468\u65e5\u8cfd\u4e8b", "couponNameEN": "Sunday Matches"}, "league": {"leagueID": "4", "leagueShortName": "SFL", "leagueNameCH": "\u897f\u73ed\u7259\u7532\u7d44\u806f\u8cfd", "leagueNameEN": "Spanish Division 1"}, "homeTeam": {"teamID": "58", "teamNameCH": "\u99ac\u5fb7\u91cc\u9ad4\u80b2\u6703", "teamNameEN": "Atletico Madrid"}, "awayTeam": {"teamID": "64", "teamNameCH": "\u611b\u65af\u8cd3\u5974", "teamNameEN": "Espanyol"}, "matchStatus": "ResultIn", "matchTime": "2022-04-17T22:15:00+08:00", "statuslastupdated": "2022-04-17T23:23:15+08:00", "inplaydelay": "true", "channel": [{"order": 1, "channelID": "632", "channelNameCH": "NOW 632\u53f0", "channelNameEN": "NOW 632"}], "liveEvent": {"ilcLiveDisplay": true, "hasLiveInfo": true, "isIncomplete": false, "matchIDbetradar": "27965790", "matchstate": "SecondHalf", "stateTS": "2022-04-17T23:23:15+08:00", "liveevent": [{"order": 1, "minutesElasped": "30", "actionType": "YellowCard", "playerNameCH": "\u96f7\u52a0\u8afe, \u5967\u65af\u5361", "playerNameEN": "Oscar Regano", "homeaway": "Away"}, {"order": 2, "minutesElasped": "33", "actionType": "YellowCard", "playerNameCH": "\u8fea\u4e9e\u9ad8\u6d1b\u8fea\u53e4\u65af", "playerNameEN": "Diego Lopez", "homeaway": "Away"}, {"order": 3, "minutesElasped": "37", "actionType": "YellowCard", "playerNameCH": "\u5e72\u5ea6\u6bd4\u4e9e", "playerNameEN": "Geoffrey Kondogbia", "homeaway": "Home"}, {"order": 4, "minutesElasped": "45", "actionType": "YellowCard", "playerNameCH": "\u83f2\u81d8\u6bd4\u8499\u9054\u91cc\u5967", "playerNameEN": "Felipe", "homeaway": "Home"}]}, "accumulatedscore": [{"periodvalue": "FirstHalf", "periodstatus": "ResultFinal", "home": "0", "away": "0"}, {"periodvalue": "SecondHalf", "periodstatus": "Started", "home": "", "away": ""}], "livescore": {"home": "0", "away": "0"}, "cornerresult": "5", "hasWebTV": false, "hasOdds": false, "chlodds": {"LINELIST": [{"LINENUM": "2", "MAINLINE": "false", "LINESTATUS": "1", "LINEORDER": "2", "LINE": "10.5/10.5", "H": "100@2.22", "L": "100@1.58"}, {"LINENUM": "1", "MAINLINE": "true", "LINESTATUS": "1", "LINEORDER": "1", "LINE": "9.5/9.5", "H": "100@1.71", "L": "100@2.01"}], "ID": "7cce867e-9618-4e45-a835-94bbc54762fd", "POOLSTATUS": "Selling", "ET": "0", "INPLAY": "true", "ALLUP": "true", "Cur": "1"}, "hasExtraTimePools": false, "results": {}, "definedPools": ["HAD", "FHA", "CRS", "FCS", "FTS", "OOE", "TTG", "HFT", "HHA", "HDC", "HIL", "FHL", "CHL", "NTS"], "inplayPools": ["HAD", "FHA", "HIL", "CHL", "CRS", "FCS", "NTS"], "hfm": {"LEG1": "SUN 32", "LEG1ID": "0863ae21-d36b-4e6e-b4b2-cff6825dcc01", "LEG2": "SUN 33", "LEG2ID": "978102fa-309d-451f-a3f3-4b158f766741", "LEG3": "SUN 34", "LEG3ID": "42b2a05c-fac2-4343-8c95-a3d4bfbc78a8", "LEG4": "SUN 39", "LEG4ID": "eb1a602d-d5e8-4b82-94b7-187bc283708c", "LEG5": "SUN 40", "LEG5ID": "49619cf5-e870-45b5-b1e6-41228ca2cd42", "LEG6": "SUN 41", "LEG6ID": "2f866805-96f4-457f-8015-85c51496b973", "ITEM": "1"}}, {"matchID": "49619cf5-e870-45b5-b1e6-41228ca2cd42", "matchIDinofficial": "20220417SUN40", "matchNum": "40", "matchDate": "2022-04-17+08:00", "matchDay": "SUN", "coupon": {"couponID": "2", "couponShortName": "SUN", "couponNameCH": "\u5468\u65e5\u8cfd\u4e8b", "couponNameEN": "Sunday Matches"}, "league": {"leagueID": "14", "leagueShortName": "FFL", "leagueNameCH": "\u6cd5\u570b\u7532\u7d44\u806f\u8cfd", "leagueNameEN": "French Division 1"}, "homeTeam": {"teamID": "88", "teamNameCH": "\u91cc\u6602", "teamNameEN": "Lyon"}, "awayTeam": {"teamID": "210", "teamNameCH": "\u6ce2\u723e\u591a", "teamNameEN": "Bordeaux"}, "matchStatus": "Closed", "matchTime": "2022-04-17T23:05:00+08:00", "statuslastupdated": "2022-04-17T23:05:29+08:00", "inplaydelay": "true", "channel": [{"order": 1, "channelID": "639", "channelNameCH": "NOW 639 \u53f0", "channelNameEN": "NOW 639"}], "liveEvent": {"ilcLiveDisplay": true, "hasLiveInfo": true, "isIncomplete": false, "matchIDbetradar": "27885308", "matchstate": "FirstHalf", "stateTS": "2022-04-17T23:05:29+08:00", "liveevent": []}, "accumulatedscore": [{"periodvalue": "FirstHalf", "periodstatus": "Started", "home": "", "away": ""}], "livescore": {"home": "0", "away": "0"}, "cornerresult": "1", "hasWebTV": false, "hasOdds": false, "chlodds": {"LINELIST": [{"LINENUM": "2", "MAINLINE": "false", "LINESTATUS": "1", "LINEORDER": "2", "LINE": "9.5/9.5", "H": "100@2.25", "L": "100@1.57"}, {"LINENUM": "1", "MAINLINE": "true", "LINESTATUS": "1", "LINEORDER": "1", "LINE": "8.5/8.5", "H": "100@1.73", "L": "100@1.98"}], "ID": "a14f5af6-93c9-487b-8479-9c4bb42678f0", "POOLSTATUS": "Selling", "ET": "0", "INPLAY": "true", "ALLUP": "true", "Cur": "1"}, "hasExtraTimePools": false, "results": {}, "definedPools": ["HAD", "FHA", "CRS", "FCS", "FTS", "OOE", "TTG", "HFT", "HHA", "HDC", "HIL", "FHL", "CHL", "NTS"], "inplayPools": ["HAD", "FHA", "HIL", "CHL", "CRS", "FCS", "NTS"], "hfm": {"LEG1": "SUN 32", "LEG1ID": "0863ae21-d36b-4e6e-b4b2-cff6825dcc01", "LEG2": "SUN 33", "LEG2ID": "978102fa-309d-451f-a3f3-4b158f766741", "LEG3": "SUN 34", "LEG3ID": "42b2a05c-fac2-4343-8c95-a3d4bfbc78a8", "LEG4": "SUN 39", "LEG4ID": "eb1a602d-d5e8-4b82-94b7-187bc283708c", "LEG5": "SUN 40", "LEG5ID": "49619cf5-e870-45b5-b1e6-41228ca2cd42", "LEG6": "SUN 41", "LEG6ID": "2f866805-96f4-457f-8015-85c51496b973", "ITEM": "1"}}]