[{"matchID": "7ca1a666-0604-442a-80f7-ac61e235d77f", "matchIDinofficial": "20220418MON34", "matchNum": "34", "matchDate": "2022-04-18+08:00", "matchDay": "MON", "coupon": {"couponID": "3", "couponShortName": "MON", "couponNameCH": "\u5468\u4e00\u8cfd\u4e8b", "couponNameEN": "Monday Matches"}, "league": {"leagueID": "2", "leagueShortName": "ISA", "leagueNameCH": "\u610f\u5927\u5229\u7532\u7d44\u806f\u8cfd", "leagueNameEN": "Italian Division 1"}, "homeTeam": {"teamID": "764", "teamNameCH": "\u62ff\u73bb\u91cc", "teamNameEN": "Napoli"}, "awayTeam": {"teamID": "53", "teamNameCH": "\u7f85\u99ac", "teamNameEN": "Roma"}, "matchStatus": "ResultIn", "matchTime": "2022-04-19T01:00:00+08:00", "statuslastupdated": "2022-04-19T02:53:09+08:00", "inplaydelay": "true", "channel": [{"order": 1, "channelID": "638", "channelNameCH": "NOW 638\u53f0", "channelNameEN": "NOW 638"}], "liveEvent": {"ilcLiveDisplay": true, "hasLiveInfo": true, "isIncomplete": false, "matchIDbetradar": "28160482", "matchstate": "SecondHalf", "stateTS": "2022-04-19T02:06:43+08:00", "liveevent": [{"order": 1, "minutesElasped": "11", "actionType": "Penalty", "playerNameCH": "\u6069\u65af\u6cbb\u5c3c", "playerNameEN": "Lorenzo Insigne", "homeaway": "Home"}, {"order": 2, "minutesElasped": "17", "actionType": "YellowCard", "playerNameCH": "\u767d\u8cf4\u4ec1\u57fa\u65af\u5766\u8fea", "playerNameEN": "Bryan Cristante", "homeaway": "Away"}, {"order": 3, "minutesElasped": "37", "actionType": "YellowCard", "playerNameCH": "\u9ad8\u5217\u5df4\u5c3c", "playerNameEN": "Kalidou Koulibaly", "homeaway": "Home"}, {"order": 4, "minutesElasped": "52", "actionType": "YellowCard", "playerNameCH": "\u624e\u8afe\u5229", "playerNameEN": "Alessandro Zanoli", "homeaway": "Home"}, {"order": 5, "minutesElasped": "62", "actionType": "YellowCard", "playerNameCH": "\u590f\u69ae\u7f85\u8f9b\u5974", "playerNameEN": "Hirving Lozano", "homeaway": "Home"}, {"order": 6, "minutesElasped": "64", "actionType": "YellowCard", "playerNameCH": "\u6069\u65af\u6cbb\u5c3c", "playerNameEN": "Lorenzo Insigne", "homeaway": "Home"}, {"order": 7, "minutesElasped": "71", "actionType": "YellowCard", "playerNameCH": "\u5c3c\u9ad8\u8def\u8f9b\u5c3c\u5967\u8def", "playerNameEN": "Nicolo Zaniolo", "homeaway": "Away"}, {"order": 8, "minutesElasped": "90", "actionType": "Regular", "playerNameCH": "\u827e\u6c99\u62c9\u7dad", "playerNameEN": "Stephan El Shaarawy", "homeaway": "Away"}, {"order": 9, "minutesElasped": "", "actionType": "RedCard", "playerNameCH": "\u4e39\u5c3c\u723e\u5bcc\u6c99\u5716", "playerNameEN": "Daniel Fuzato", "homeaway": "Away"}]}, "accumulatedscore": [{"periodvalue": "FirstHalf", "periodstatus": "ResultFinal", "home": "1", "away": "0"}, {"periodvalue": "SecondHalf", "periodstatus": "Interim", "home": "1", "away": "1"}], "livescore": {"home": "1", "away": "1"}, "cornerresult": "-1", "hasWebTV": false, "hasOdds": false, "chlodds": {"LINELIST": [{"LINENUM": "1", "MAINLINE": "true", "LINESTATUS": "1", "LINEORDER": "1", "LINE": "11.5/11.5", "L": "100@1.09", "H": "100@5.80"}], "ID": "d4ebc5af-4738-4589-89c6-42b5d10c6f88", "POOLSTATUS": "FinalStopSell", "ET": "0", "INPLAY": "true", "ALLUP": "true", "Cur": "1"}, "hasExtraTimePools": false, "results": {}, "definedPools": ["HAD", "FHA", "CRS", "FCS", "FTS", "OOE", "TTG", "HFT", "HHA", "HDC", "HIL", "FHL", "CHL", "NTS"], "inplayPools": ["HAD", "FHA", "HIL", "CHL", "CRS", "FCS", "NTS"]}]