[{"matchID": "cdc65775-6ced-4efe-8a43-08f2ffc8c4c9", "matchIDinofficial": "20220416SAT93", "matchNum": "93", "matchDate": "2022-04-16+08:00", "matchDay": "SAT", "coupon": {"couponID": "1", "couponShortName": "SAT", "couponNameCH": "\u5468\u516d\u8cfd\u4e8b", "couponNameEN": "Saturday Matches"}, "league": {"leagueID": "79", "leagueShortName": "MLS", "leagueNameCH": "\u7f8e\u570b\u8077\u696d\u806f\u8cfd", "leagueNameEN": "US Football League"}, "homeTeam": {"teamID": "1230", "teamNameCH": "\u897f\u96c5\u5716\u6d77\u7063\u8005", "teamNameEN": "Seattle Sounders"}, "awayTeam": {"teamID": "3286", "teamNameCH": "\u570b\u969b\u9081\u4e9e\u5bc6", "teamNameEN": "Inter Miami CF"}, "matchStatus": "ResultIn", "matchTime": "2022-04-17T10:00:00+08:00", "statuslastupdated": "2022-04-17T12:13:32+08:00", "inplaydelay": "true", "channel": [{"order": 1, "channelID": "638", "channelNameCH": "NOW 638\u53f0", "channelNameEN": "NOW 638"}], "liveEvent": {"ilcLiveDisplay": true, "hasLiveInfo": true, "isIncomplete": false, "matchIDbetradar": "31046041", "matchstate": "SecondHalf", "stateTS": "2022-04-17T11:28:11+08:00", "liveevent": [{"order": 1, "minutesElasped": "32", "actionType": "YellowCard", "playerNameCH": "\u771f\u6069\u83ab\u9054", "playerNameEN": "Jean Mota", "homeaway": "Away"}, {"order": 2, "minutesElasped": "40", "actionType": "YellowCard", "playerNameCH": "\u57fa\u65af\u675c\u5316\u9ea5\u7dad", "playerNameEN": "Christopher McVey", "homeaway": "Away"}, {"order": 3, "minutesElasped": "41", "actionType": "Regular", "playerNameCH": "\u7f85\u6bd4\u7f85\u8cd3\u905c", "playerNameEN": "Robbie Robinson", "homeaway": "Away"}, {"order": 4, "minutesElasped": "90", "actionType": "YellowCard", "playerNameCH": "\u57fa\u54e5\u5c3c", "playerNameEN": "Gregore", "homeaway": "Away"}, {"order": 5, "minutesElasped": "90", "actionType": "YellowCard", "playerNameCH": "\u7a46\u7f55\u9ed8\u5fb7\u963f\u7576\u65af", "playerNameEN": "Mo Adams", "homeaway": "Away"}]}, "accumulatedscore": [{"periodvalue": "FirstHalf", "periodstatus": "ResultFinal", "home": "0", "away": "1"}, {"periodvalue": "SecondHalf", "periodstatus": "Interim", "home": "", "away": ""}], "livescore": {"home": "0", "away": "1"}, "cornerresult": "-1", "hasWebTV": false, "hasOdds": false, "chlodds": {"LINELIST": [{"LINENUM": "1", "MAINLINE": "true", "LINESTATUS": "1", "LINEORDER": "1", "LINE": "14.5/14.5", "L": "100@1.21", "H": "100@3.80"}], "ID": "8d96e91f-e496-4187-804a-d17a428b45da", "POOLSTATUS": "FinalStopSell", "ET": "0", "INPLAY": "true", "ALLUP": "true", "Cur": "1"}, "hasExtraTimePools": false, "results": {}, "definedPools": ["HAD", "FHA", "CRS", "FCS", "FTS", "OOE", "TTG", "HFT", "HHA", "HDC", "HIL", "FHL", "CHL", "NTS"], "inplayPools": ["HAD", "FHA", "HIL", "CHL", "CRS", "FCS", "NTS"]}, {"matchID": "7a162b2e-9d3e-43fb-82be-8cf95e94bbdb", "matchIDinofficial": "20220417SUN2", "matchNum": "2", "matchDate": "2022-04-17+08:00", "matchDay": "SUN", "coupon": {"couponID": "2", "couponShortName": "SUN", "couponNameCH": "\u5468\u65e5\u8cfd\u4e8b", "couponNameEN": "Sunday Matches"}, "league": {"leagueID": "87", "leagueShortName": "JD2", "leagueNameCH": "\u65e5\u672c\u4e59\u7d44\u806f\u8cfd", "leagueNameEN": "Japanese Division 2"}, "homeTeam": {"teamID": "2204", "teamNameCH": "\u79cb\u7530\u85cd\u9583\u96fb", "teamNameEN": "Blaublitz Akita"}, "awayTeam": {"teamID": "1742", "teamNameCH": "\u9577\u5d0e\u6210\u529f\u4e38", "teamNameEN": "V-Varen Nagasaki"}, "matchStatus": "ResultIn", "matchTime": "2022-04-17T12:00:00+08:00", "statuslastupdated": "2022-04-17T12:18:51+08:00", "inplaydelay": "true", "channel": [{"order": 1, "channelID": "C661", "channelNameCH": "\u6709\u7dda661\u53f0", "channelNameEN": "i-CABLE 661"}, {"order": 2, "channelID": "C601", "channelNameCH": "\u6709\u7dda601\u53f0", "channelNameEN": "i-CABLE 601"}], "liveEvent": {"ilcLiveDisplay": true, "hasLiveInfo": true, "isIncomplete": true, "matchIDbetradar": "", "matchstate": "FirstHalf", "stateTS": "2022-04-17T12:03:13+08:00", "liveevent": []}, "accumulatedscore": [{"periodvalue": "FirstHalf", "periodstatus": "Interim", "home": "0", "away": "1"}], "livescore": {"home": "0", "away": "1"}, "cornerresult": "6", "hasWebTV": false, "hasOdds": false, "chlodds": {"LINELIST": [{"LINENUM": "1", "MAINLINE": "true", "LINESTATUS": "1", "LINEORDER": "1", "LINE": "14.5/14.5", "L": "100@1.83", "H": "100@1.87"}, {"LINENUM": "2", "MAINLINE": "false", "LINESTATUS": "1", "LINEORDER": "2", "LINE": "15.5/15.5", "H": "100@2.33", "L": "100@1.53"}], "ID": "ed8dfd8a-04f2-4a8c-b9f8-b44f826029d7", "POOLSTATUS": "Selling", "ET": "0", "INPLAY": "true", "ALLUP": "true", "Cur": "1"}, "hasExtraTimePools": false, "results": {}, "definedPools": ["HAD", "FHA", "CRS", "FCS", "FTS", "OOE", "TTG", "HFT", "HHA", "HDC", "HIL", "FHL", "CHL", "NTS"], "inplayPools": ["HAD", "FHA", "HIL", "CHL", "CRS", "FCS", "NTS"]}]