[{"matchID": "94196eff-29e4-43d9-ba09-47b97e0daef1", "matchIDinofficial": "20220420WED12", "matchNum": "12", "matchDate": "2022-04-20+08:00", "matchDay": "WED", "coupon": {"couponID": "5", "couponShortName": "WED", "couponNameCH": "\u5468\u4e09\u8cfd\u4e8b", "couponNameEN": "Wednesday Matches"}, "league": {"leagueID": "4", "leagueShortName": "SFL", "leagueNameCH": "\u897f\u73ed\u7259\u7532\u7d44\u806f\u8cfd", "leagueNameEN": "Spanish Division 1"}, "homeTeam": {"teamID": "58", "teamNameCH": "\u99ac\u5fb7\u91cc\u9ad4\u80b2\u6703", "teamNameEN": "Atletico Madrid"}, "awayTeam": {"teamID": "1707", "teamNameCH": "CF\u683c\u862d\u7d0d\u9054", "teamNameEN": "CF Granada"}, "matchStatus": "ResultIn", "matchTime": "2022-04-21T01:00:00+08:00", "statuslastupdated": "2022-04-21T02:13:52+08:00", "inplaydelay": "true", "channel": [{"order": 1, "channelID": "632", "channelNameCH": "NOW 632\u53f0", "channelNameEN": "NOW 632"}], "liveEvent": {"ilcLiveDisplay": true, "hasLiveInfo": true, "isIncomplete": false, "matchIDbetradar": "27965806", "matchstate": "SecondHalf", "stateTS": "2022-04-21T02:08:35+08:00", "liveevent": [{"order": 1, "minutesElasped": "3", "actionType": "YellowCard", "playerNameCH": "\u57fa\u5c3c", "playerNameEN": "Quini", "homeaway": "Away"}, {"order": 2, "minutesElasped": "29", "actionType": "YellowCard", "playerNameCH": "\u96f7\u5c3c\u5ea6", "playerNameEN": "Reinildo Mandava", "homeaway": "Home"}, {"order": 3, "minutesElasped": "45", "actionType": "YellowCard", "playerNameCH": "\u53f2\u63d0\u82ac\u6c99\u57df", "playerNameEN": "Stefan Savic", "homeaway": "Home"}]}, "accumulatedscore": [{"periodvalue": "FirstHalf", "periodstatus": "ResultFinal", "home": "0", "away": "0"}, {"periodvalue": "SecondHalf", "periodstatus": "Interim", "home": "", "away": ""}], "livescore": {"home": "0", "away": "0"}, "cornerresult": "5", "hasWebTV": false, "hasOdds": false, "chlodds": {"LINELIST": [{"LINENUM": "2", "MAINLINE": "false", "LINESTATUS": "1", "LINEORDER": "2", "LINE": "9.5/9.5", "L": "100@1.41", "H": "100@2.68"}, {"LINENUM": "1", "MAINLINE": "true", "LINESTATUS": "1", "LINEORDER": "1", "LINE": "8.5/8.5", "L": "100@1.85", "H": "100@1.85"}], "ID": "b05c9b77-eb12-4a58-8753-93836c790fa7", "POOLSTATUS": "Selling", "ET": "0", "INPLAY": "true", "ALLUP": "true", "Cur": "1"}, "hasExtraTimePools": false, "results": {}, "definedPools": ["HAD", "FHA", "CRS", "FCS", "FTS", "OOE", "TTG", "HFT", "HHA", "HDC", "HIL", "FHL", "CHL", "NTS"], "inplayPools": ["HAD", "FHA", "HIL", "CHL", "CRS", "FCS", "NTS"]}, {"matchID": "6c6418b1-1c3c-4011-a91d-509c41a16422", "matchIDinofficial": "20220420WED13", "matchNum": "13", "matchDate": "2022-04-20+08:00", "matchDay": "WED", "coupon": {"couponID": "5", "couponShortName": "WED", "couponNameCH": "\u5468\u4e09\u8cfd\u4e8b", "couponNameEN": "Wednesday Matches"}, "league": {"leagueID": "14", "leagueShortName": "FFL", "leagueNameCH": "\u6cd5\u570b\u7532\u7d44\u806f\u8cfd", "leagueNameEN": "French Division 1"}, "homeTeam": {"teamID": "153", "teamNameCH": "\u6469\u7d0d\u54e5", "teamNameEN": "Monaco"}, "awayTeam": {"teamID": "217", "teamNameCH": "\u5c3c\u65af", "teamNameEN": "Nice"}, "matchStatus": "ResultIn", "matchTime": "2022-04-21T01:00:00+08:00", "statuslastupdated": "2022-04-21T02:19:11+08:00", "inplaydelay": "true", "channel": [{"order": 1, "channelID": "639", "channelNameCH": "NOW 639 \u53f0", "channelNameEN": "NOW 639"}], "liveEvent": {"ilcLiveDisplay": true, "hasLiveInfo": true, "isIncomplete": false, "matchIDbetradar": "27885338", "matchstate": "SecondHalf", "stateTS": "2022-04-21T02:05:53+08:00", "liveevent": [{"order": 1, "minutesElasped": "42", "actionType": "YellowCard", "playerNameCH": "\u4e39\u5c3c\u5229\u5967\u65af", "playerNameEN": "Flavius Daniliuc", "homeaway": "Away"}, {"order": 2, "minutesElasped": "45", "actionType": "YellowCard", "playerNameCH": "\u66f9\u4e9e\u6587\u5c3c", "playerNameEN": "Aurelien Tchouameni", "homeaway": "Home"}, {"order": 3, "minutesElasped": "45", "actionType": "Regular", "playerNameCH": "\u9ad8\u8def\u96f2", "playerNameEN": "Aleksandr Golovin", "homeaway": "Home"}, {"order": 4, "minutesElasped": "52", "actionType": "YellowCard", "playerNameCH": "\u963f\u7d20\u8fea\u6c99\u65af", "playerNameEN": "Axel Disasi", "homeaway": "Home"}]}, "accumulatedscore": [{"periodvalue": "FirstHalf", "periodstatus": "ResultFinal", "home": "1", "away": "0"}, {"periodvalue": "SecondHalf", "periodstatus": "Interim", "home": "", "away": ""}], "livescore": {"home": "1", "away": "0"}, "cornerresult": "-1", "hasWebTV": false, "hasOdds": false, "chlodds": {"LINELIST": [{"LINENUM": "2", "MAINLINE": "false", "LINESTATUS": "1", "LINEORDER": "2", "LINE": "13.5/13.5", "H": "100@2.95", "L": "100@1.34"}, {"LINENUM": "1", "MAINLINE": "true", "LINESTATUS": "1", "LINEORDER": "1", "LINE": "12.5/12.5", "H": "100@1.94", "L": "100@1.76"}], "ID": "4ee85fd4-c291-4de4-8982-e34406c442b1", "POOLSTATUS": "NotSelling", "ET": "0", "INPLAY": "true", "ALLUP": "true", "Cur": "1"}, "hasExtraTimePools": false, "results": {}, "definedPools": ["HAD", "FHA", "CRS", "FCS", "FTS", "OOE", "TTG", "HFT", "HHA", "HDC", "HIL", "FHL", "CHL", "NTS"], "inplayPools": ["HAD", "FHA", "HIL", "CHL", "CRS", "FCS", "NTS"]}]