[{"matchID": "a068ab66-4ead-40f3-8204-e13261ef2516", "matchIDinofficial": "20220508SUN1", "matchNum": "1", "matchDate": "2022-05-08+08:00", "matchDay": "SUN", "coupon": {"couponID": "2", "couponShortName": "SUN", "couponNameCH": "\u5468\u65e5\u8cfd\u4e8b", "couponNameEN": "Sunday Matches"}, "league": {"leagueID": "87", "leagueShortName": "JD2", "leagueNameCH": "\u65e5\u672c\u4e59\u7d44\u806f\u8cfd", "leagueNameEN": "Japanese Division 2"}, "homeTeam": {"teamID": "2204", "teamNameCH": "\u79cb\u7530\u85cd\u9583\u96fb", "teamNameEN": "Blaublitz Akita"}, "awayTeam": {"teamID": "898", "teamNameCH": "FC\u6a6b\u6ff1", "teamNameEN": "FC Yokohama"}, "matchStatus": "Closed", "matchTime": "2022-05-08T12:00:00+08:00", "statuslastupdated": "2022-05-08T12:03:13+08:00", "inplaydelay": "true", "channel": [{"order": 1, "channelID": "C662", "channelNameCH": "\u6709\u7dda662\u53f0", "channelNameEN": "i-CABLE 662"}, {"order": 2, "channelID": "C602", "channelNameCH": "\u6709\u7dda602\u53f0", "channelNameEN": "i-CABLE 602"}], "liveEvent": {"ilcLiveDisplay": true, "hasLiveInfo": true, "isIncomplete": false, "matchIDbetradar": "", "matchstate": "FirstHalf", "stateTS": "2022-05-08T12:03:13+08:00", "liveevent": []}, "accumulatedscore": [{"periodvalue": "FirstHalf", "periodstatus": "Started", "home": "", "away": ""}], "livescore": {"home": "0", "away": "0"}, "cornerresult": "2", "hasWebTV": false, "hasOdds": false, "chlodds": {"LINELIST": [{"LINENUM": "2", "MAINLINE": "false", "LINESTATUS": "1", "LINEORDER": "2", "LINE": "11.5/11.5", "H": "100@2.22", "L": "100@1.58"}, {"LINENUM": "1", "MAINLINE": "true", "LINESTATUS": "1", "LINEORDER": "1", "LINE": "10.5/10.5", "H": "100@1.75", "L": "100@1.95"}], "ID": "4a6055f3-5e5c-4052-9c4f-202a9c0a3e0e", "POOLSTATUS": "Selling", "ET": "0", "INPLAY": "true", "ALLUP": "true", "Cur": "1"}, "hasExtraTimePools": false, "results": {}, "definedPools": ["HAD", "FHA", "CRS", "FCS", "FTS", "OOE", "TTG", "HFT", "HHA", "HDC", "HIL", "FHL", "CHL", "NTS"], "inplayPools": ["HAD", "FHA", "HIL", "CHL", "CRS", "FCS", "NTS"]}]