[{"matchID": "93c36d1e-a87b-4208-b187-ffad4b6afe84", "matchIDinofficial": "20220428THU16", "matchNum": "16", "matchDate": "2022-04-28+08:00", "matchDay": "THU", "coupon": {"couponID": "6", "couponShortName": "THU", "couponNameCH": "\u5468\u56db\u8cfd\u4e8b", "couponNameEN": "Thursday Matches"}, "league": {"leagueID": "71", "leagueShortName": "LBC", "leagueNameCH": "\u5357\u7f8e\u81ea\u7531\u76c3", "leagueNameEN": "Copa Libertadores"}, "homeTeam": {"teamID": "1741", "teamNameCH": "\u5967\u6797\u6bd4\u4e9e\u6703", "teamNameEN": "Club Olimpia"}, "awayTeam": {"teamID": "1346", "teamNameCH": "\u9ad8\u9686", "teamNameEN": "Colon"}, "matchStatus": "ResultIn", "matchTime": "2022-04-29T08:00:00+08:00", "statuslastupdated": "2022-04-29T09:44:14+08:00", "inplaydelay": "true", "neutralgroundvenue": {"neutralgroundvenueNameCH": "\u4e9e\u677e\u68ee\u67e5\u79d1\u4fdd\u885b\u8005\u9ad4\u80b2\u5834", "neutralgroundvenueNameEN": "Estadio Defensores del Chaco, Asuncion"}, "channel": [{"order": 1, "channelID": "GX", "channelNameCH": "GoalX app", "channelNameEN": "GoalX app"}, {"order": 2, "channelID": "HKJC", "channelNameCH": "HKJC TV app", "channelNameEN": "HKJC TV app"}], "liveEvent": {"ilcLiveDisplay": true, "hasLiveInfo": true, "isIncomplete": false, "matchIDbetradar": "32898693", "matchstate": "SecondHalf", "stateTS": "2022-04-29T09:02:00+08:00", "liveevent": [{"order": 1, "minutesElasped": "16", "actionType": "YellowCard", "playerNameCH": "\u674e\u5bdf\u5967\u8fea\u65af", "playerNameEN": "Richard Ortiz", "homeaway": "Home"}, {"order": 2, "minutesElasped": "51", "actionType": "YellowCard", "playerNameCH": "", "playerNameEN": "Mateo Gamarra", "homeaway": "Home"}]}, "accumulatedscore": [{"periodvalue": "FirstHalf", "periodstatus": "ResultFinal", "home": "0", "away": "0"}, {"periodvalue": "SecondHalf", "periodstatus": "Interim", "home": "0", "away": "0"}], "livescore": {"home": "0", "away": "0"}, "cornerresult": "11", "hasWebTV": false, "hasOdds": false, "chlodds": {"LINELIST": [{"LINENUM": "1", "MAINLINE": "true", "LINESTATUS": "1", "LINEORDER": "1", "LINE": "12.5/12.5", "L": "100@1.21", "H": "100@3.80"}], "ID": "f2e45e82-2499-474e-93f1-d97bfd3be3c0", "POOLSTATUS": "Selling", "ET": "0", "INPLAY": "true", "ALLUP": "true", "Cur": "1"}, "hasExtraTimePools": false, "results": {}, "definedPools": ["HAD", "FHA", "CRS", "FCS", "FTS", "OOE", "TTG", "HFT", "HHA", "HDC", "HIL", "FHL", "CHL", "NTS"], "inplayPools": ["HAD", "FHA", "HIL", "CHL", "CRS", "FCS", "NTS"]}]