[{"matchID": "9fbdc2b2-9be6-449b-bbfd-73401955e5b9", "matchIDinofficial": "20220419TUE6", "matchNum": "6", "matchDate": "2022-04-19+08:00", "matchDay": "TUE", "coupon": {"couponID": "4", "couponShortName": "TUE", "couponNameCH": "\u5468\u4e8c\u8cfd\u4e8b", "couponNameEN": "Tuesday Matches"}, "league": {"leagueID": "4", "leagueShortName": "SFL", "leagueNameCH": "\u897f\u73ed\u7259\u7532\u7d44\u806f\u8cfd", "leagueNameEN": "Spanish Division 1"}, "homeTeam": {"teamID": "66", "teamNameCH": "\u99ac\u7565\u5361", "teamNameEN": "Mallorca"}, "awayTeam": {"teamID": "262", "teamNameCH": "\u827e\u62c9\u7dad\u65af", "teamNameEN": "Alaves"}, "matchStatus": "ResultIn", "matchTime": "2022-04-20T01:00:00+08:00", "statuslastupdated": "2022-04-20T02:52:08+08:00", "inplaydelay": "true", "channel": [{"order": 1, "channelID": "632", "channelNameCH": "NOW 632\u53f0", "channelNameEN": "NOW 632"}], "liveEvent": {"ilcLiveDisplay": true, "hasLiveInfo": true, "isIncomplete": true, "matchIDbetradar": "27965812", "matchstate": "SecondHalf", "stateTS": "2022-04-20T02:04:57+08:00", "liveevent": [{"order": 1, "minutesElasped": "5", "actionType": "Regular", "playerNameCH": "\u79d1\u5229\u5b89\u5229\u7956\u5c3c", "playerNameEN": "Florian Lejeune", "homeaway": "Away"}, {"order": 2, "minutesElasped": "11", "actionType": "Regular", "playerNameCH": "\u5df4\u65af\u8fea\u9054\u65af", "playerNameEN": "Abdon", "homeaway": "Home"}, {"order": 3, "minutesElasped": "24", "actionType": "YellowCard", "playerNameCH": "\u4f0a\u8fea\u7d20\u5df4\u5df4", "playerNameEN": "Iddrisu Baba", "homeaway": "Home"}, {"order": 4, "minutesElasped": "35", "actionType": "YellowCard", "playerNameCH": "\u99ac\u52aa, \u52a0\u897f\u4e9e", "playerNameEN": "Manu Garcia", "homeaway": "Away"}, {"order": 5, "minutesElasped": "45", "actionType": "YellowCard", "playerNameCH": "\u827e\u65af\u5361\u862d\u7279", "playerNameEN": "Gonzalo Escalante", "homeaway": "Away"}, {"order": 6, "minutesElasped": "45", "actionType": "Regular", "playerNameCH": "\u6885\u5229\u57fa, \u7dad\u9054", "playerNameEN": "Vedat Muriqi", "homeaway": "Home"}, {"order": 7, "minutesElasped": "57", "actionType": "YellowCard", "playerNameCH": "\u827e\u52a0\u6587\u8fea\u65af", "playerNameEN": "Edgar Mendez", "homeaway": "Away"}, {"order": 8, "minutesElasped": "73", "actionType": "OwnGoal", "playerNameCH": "\u5b89\u6771\u5c3c\u5967\u96f7\u8def", "playerNameEN": "Antonio Raillo", "homeaway": "Away"}, {"order": 9, "minutesElasped": "73", "actionType": "YellowCard", "playerNameCH": "\u99ac\u99ac\u675c\u76e7\u59c6", "playerNameEN": "Mamadou Loum", "homeaway": "Away"}, {"order": 10, "minutesElasped": "83", "actionType": "YellowCard", "playerNameCH": "\u6885\u5229\u57fa, \u7dad\u9054", "playerNameEN": "Vedat Muriqi", "homeaway": "Home"}, {"order": 11, "minutesElasped": "90", "actionType": "YellowCard", "playerNameCH": "\u963f\u53e4\u5229\u52a0\u6bd4\u5229\u4e9e", "playerNameEN": "Martin Aguirregabiria", "homeaway": "Away"}, {"order": 12, "minutesElasped": "90", "actionType": "YellowCard", "playerNameCH": "\u62ff\u53e4\u4e9e\u8fea\u4e9e", "playerNameEN": "Victor Laguardia", "homeaway": "Away"}]}, "accumulatedscore": [{"periodvalue": "FirstHalf", "periodstatus": "ResultFinal", "home": "2", "away": "0"}, {"periodvalue": "SecondHalf", "periodstatus": "Interim", "home": "2", "away": "1"}], "livescore": {"home": "2", "away": "1"}, "cornerresult": "-1", "hasWebTV": false, "hasOdds": false, "chlodds": {"LINELIST": [{"LINENUM": "1", "MAINLINE": "true", "LINESTATUS": "1", "LINEORDER": "1", "LINE": "7.5/7.5", "L": "100@1.04", "H": "100@8.25"}], "ID": "44ee61db-92dc-4d79-a22b-f3b22d853fcc", "POOLSTATUS": "FinalStopSell", "ET": "0", "INPLAY": "true", "ALLUP": "true", "Cur": "1"}, "hasExtraTimePools": false, "results": {}, "definedPools": ["HAD", "FHA", "CRS", "FCS", "FTS", "OOE", "TTG", "HFT", "HHA", "HDC", "HIL", "FHL", "CHL", "NTS"], "inplayPools": ["HAD", "FHA", "HIL", "CHL", "CRS", "FCS", "NTS"]}]