[{"matchID": "2b94608e-9598-4ad4-bea1-a5db9f0551ba", "matchIDinofficial": "20220418MON7", "matchNum": "7", "matchDate": "2022-04-18+08:00", "matchDay": "MON", "coupon": {"couponID": "3", "couponShortName": "MON", "couponNameCH": "\u5468\u4e00\u8cfd\u4e8b", "couponNameEN": "Monday Matches"}, "league": {"leagueID": "29", "leagueShortName": "ED1", "leagueNameCH": "\u82f1\u683c\u862d\u51a0\u8ecd\u806f\u8cfd", "leagueNameEN": "Eng Championship"}, "homeTeam": {"teamID": "224", "teamNameCH": "\u6606\u58eb\u67cf\u6d41\u6d6a", "teamNameEN": "QPR"}, "awayTeam": {"teamID": "195", "teamNameCH": "\u6253\u6bd4\u90e1", "teamNameEN": "Derby"}, "matchStatus": "ResultIn", "matchTime": "2022-04-18T22:00:00+08:00", "statuslastupdated": "2022-04-18T23:08:38+08:00", "inplaydelay": "true", "channel": [{"order": 1, "channelID": "C662", "channelNameCH": "\u6709\u7dda662\u53f0", "channelNameEN": "i-CABLE 662"}, {"order": 2, "channelID": "C602", "channelNameCH": "\u6709\u7dda602\u53f0", "channelNameEN": "i-CABLE 602"}], "liveEvent": {"ilcLiveDisplay": true, "hasLiveInfo": true, "isIncomplete": false, "matchIDbetradar": "27867974", "matchstate": "SecondHalf", "stateTS": "2022-04-18T23:01:59+08:00", "liveevent": [{"order": 1, "minutesElasped": "56", "actionType": "YellowCard", "playerNameCH": "\u6e6f\u99ac\u58eb\u7f85\u502b\u65af", "playerNameEN": "Tom Lawrence", "homeaway": "Away"}]}, "accumulatedscore": [{"periodvalue": "FirstHalf", "periodstatus": "ResultFinal", "home": "0", "away": "0"}, {"periodvalue": "SecondHalf", "periodstatus": "Interim", "home": "", "away": ""}], "livescore": {"home": "0", "away": "0"}, "cornerresult": "7", "hasWebTV": false, "hasOdds": false, "chlodds": {"LINELIST": [{"LINENUM": "2", "MAINLINE": "false", "LINESTATUS": "1", "LINEORDER": "2", "LINE": "11.5/11.5", "L": "100@1.56", "H": "100@2.27"}, {"LINENUM": "1", "MAINLINE": "true", "LINESTATUS": "1", "LINEORDER": "1", "LINE": "10.5/10.5", "H": "100@1.62", "L": "100@2.15"}], "ID": "2e7d4d2e-d467-4208-b3a8-dd5ce23521f5", "POOLSTATUS": "Selling", "ET": "0", "INPLAY": "true", "ALLUP": "true", "Cur": "1"}, "hasExtraTimePools": false, "results": {}, "definedPools": ["HAD", "FHA", "CRS", "FCS", "FTS", "OOE", "TTG", "HFT", "HHA", "HDC", "HIL", "FHL", "CHL", "NTS"], "inplayPools": ["HAD", "FHA", "HIL", "CHL", "CRS", "FCS", "NTS"]}]