[{"matchID": "b77cbc24-537e-412f-9c5e-4e731183b410", "matchIDinofficial": "20220504WED33", "matchNum": "33", "matchDate": "2022-05-04+08:00", "matchDay": "WED", "coupon": {"couponID": "5", "couponShortName": "WED", "couponNameCH": "\u5468\u4e09\u8cfd\u4e8b", "couponNameEN": "Wednesday Matches"}, "league": {"leagueID": "100", "leagueShortName": "CNC", "leagueNameCH": "\u4e2d\u5317\u7f8e\u6d32\u51a0\u8ecd\u76c3", "leagueNameEN": "Central and North American Cup"}, "homeTeam": {"teamID": "1230", "teamNameCH": "\u897f\u96c5\u5716\u6d77\u7063\u8005", "teamNameEN": "Seattle Sounders"}, "awayTeam": {"teamID": "1780", "teamNameCH": "\u666e\u99ac\u65af", "teamNameEN": "Pumas UNAM"}, "matchStatus": "Closed", "matchTime": "2022-05-05T10:00:00+08:00", "statuslastupdated": "2022-05-05T10:06:36+08:00", "inplaydelay": "true", "channel": [{"order": 1, "channelID": "YT", "channelNameCH": "YouTube", "channelNameEN": "YouTube"}], "liveEvent": {"ilcLiveDisplay": true, "hasLiveInfo": true, "isIncomplete": false, "matchIDbetradar": "33184713", "matchstate": "FirstHalf", "stateTS": "2022-05-05T10:06:36+08:00", "liveevent": []}, "accumulatedscore": [{"periodvalue": "FirstHalf", "periodstatus": "Started", "home": "", "away": ""}], "livescore": {"home": "0", "away": "0"}, "cornerresult": "0", "hasWebTV": false, "hasOdds": false, "chlodds": {"LINELIST": [{"LINENUM": "1", "MAINLINE": "true", "LINESTATUS": "1", "LINEORDER": "1", "LINE": "9.5/9.5", "H": "100@1.97", "L": "100@1.74"}, {"LINENUM": "2", "MAINLINE": "false", "LINESTATUS": "1", "LINEORDER": "2", "LINE": "10.5/10.5", "L": "100@1.45", "H": "100@2.55"}], "ID": "79bafd20-0f67-4b7c-8ec5-c542ba1db6db", "POOLSTATUS": "Selling", "ET": "0", "INPLAY": "true", "ALLUP": "true", "Cur": "1"}, "hasExtraTimePools": false, "results": {}, "definedPools": ["HAD", "FHA", "CRS", "FCS", "FTS", "OOE", "TTG", "HFT", "HHA", "HDC", "HIL", "FHL", "CHL", "NTS"], "inplayPools": ["HAD", "FHA", "HIL", "CHL", "CRS", "FCS", "NTS"]}]