[{"matchID": "b4806830-17b6-40cb-9944-679a0780b592", "matchIDinofficial": "20220501SUN10", "matchNum": "10", "matchDate": "2022-05-01+08:00", "matchDay": "SUN", "coupon": {"couponID": "2", "couponShortName": "SUN", "couponNameCH": "\u5468\u65e5\u8cfd\u4e8b", "couponNameEN": "Sunday Matches"}, "league": {"leagueID": "2", "leagueShortName": "ISA", "leagueNameCH": "\u610f\u5927\u5229\u7532\u7d44\u806f\u8cfd", "leagueNameEN": "Italian Division 1"}, "homeTeam": {"teamID": "46", "teamNameCH": "\u7956\u96f2\u9054\u65af", "teamNameEN": "Juventus"}, "awayTeam": {"teamID": "3416", "teamNameCH": "\u5a01\u5c3c\u65af", "teamNameEN": "Venezia"}, "matchStatus": "ResultIn", "matchTime": "2022-05-01T18:30:00+08:00", "statuslastupdated": "2022-05-01T19:58:16+08:00", "inplaydelay": "true", "channel": [{"order": 1, "channelID": "638", "channelNameCH": "NOW 638\u53f0", "channelNameEN": "NOW 638"}], "liveEvent": {"ilcLiveDisplay": true, "hasLiveInfo": true, "isIncomplete": false, "matchIDbetradar": "28160516", "matchstate": "SecondHalf", "stateTS": "2022-05-01T19:35:07+08:00", "liveevent": [{"order": 1, "minutesElasped": "7", "actionType": "Regular", "playerNameCH": "\u90a6\u8def\u65af", "playerNameEN": "Leonardo Bonucci", "homeaway": "Home"}, {"order": 2, "minutesElasped": "25", "actionType": "YellowCard", "playerNameCH": "\u85a9\u5361\u5229\u4e9e", "playerNameEN": "Denis Zakaria", "homeaway": "Home"}, {"order": 3, "minutesElasped": "45", "actionType": "YellowCard", "playerNameCH": "\u4f69\u808b\u683c\u91cc\u5c3c, \u8def\u5361", "playerNameEN": "Luca Pellegrini", "homeaway": "Home"}, {"order": 4, "minutesElasped": "56", "actionType": "YellowCard", "playerNameCH": "\u79d1\u8036\u8a25, \u7d22\u83f2\u5b89", "playerNameEN": "Sofian Kiyine", "homeaway": "Away"}, {"order": 5, "minutesElasped": "61", "actionType": "YellowCard", "playerNameCH": "\u99ac\u8fea\u4e9e\u827e\u62ff\u6b66", "playerNameEN": "Mattia Aramu", "homeaway": "Away"}, {"order": 6, "minutesElasped": "63", "actionType": "YellowCard", "playerNameCH": "\u963f\u6b77\u58eb\u8f9b\u5ea6", "playerNameEN": "Alex Sandro", "homeaway": "Home"}]}, "accumulatedscore": [{"periodvalue": "FirstHalf", "periodstatus": "ResultFinal", "home": "1", "away": "0"}, {"periodvalue": "SecondHalf", "periodstatus": "Interim", "home": "", "away": ""}], "livescore": {"home": "1", "away": "0"}, "cornerresult": "-1", "hasWebTV": false, "hasOdds": false, "chlodds": {"LINELIST": [{"LINENUM": "1", "MAINLINE": "true", "LINESTATUS": "1", "LINEORDER": "1", "LINE": "10.5/10.5", "L": "100@1.71", "H": "100@2.01"}, {"LINENUM": "2", "MAINLINE": "false", "LINESTATUS": "1", "LINEORDER": "2", "LINE": "11.5/11.5", "H": "100@3.55", "L": "100@1.24"}], "ID": "21ac570e-c992-497b-a618-55bb917c5569", "POOLSTATUS": "NotSelling", "ET": "0", "INPLAY": "true", "ALLUP": "true", "Cur": "1"}, "hasExtraTimePools": false, "results": {}, "definedPools": ["HAD", "FHA", "CRS", "FCS", "FTS", "OOE", "TTG", "HFT", "HHA", "HDC", "HIL", "FHL", "CHL", "NTS"], "inplayPools": ["HAD", "FHA", "HIL", "CHL", "CRS", "FCS", "NTS"]}, {"matchID": "9292449d-0662-4c26-976b-c6b2432850ee", "matchIDinofficial": "20220501SUN13", "matchNum": "13", "matchDate": "2022-05-01+08:00", "matchDay": "SUN", "coupon": {"couponID": "2", "couponShortName": "SUN", "couponNameCH": "\u5468\u65e5\u8cfd\u4e8b", "couponNameEN": "Sunday Matches"}, "league": {"leagueID": "90", "leagueShortName": "ACL", "leagueNameCH": "\u4e9e\u6d32\u806f\u8cfd\u51a0\u8ecd\u76c3", "leagueNameEN": "Asian Champions League"}, "homeTeam": {"teamID": "3485", "teamNameCH": "HA\u5609\u840a", "teamNameEN": "HA Gia Lai"}, "awayTeam": {"teamID": "1085", "teamNameCH": "FC\u6089\u5c3c", "teamNameEN": "Sydney FC"}, "matchStatus": "ResultIn", "matchTime": "2022-05-01T19:00:00+08:00", "statuslastupdated": "2022-05-01T20:01:45+08:00", "inplaydelay": "true", "neutralgroundvenue": {"neutralgroundvenueNameCH": "\u8d8a\u5357\u80e1\u5fd7\u660e\u5e02\u7d71\u4e00\u9ad4\u80b2\u5834", "neutralgroundvenueNameEN": "Thong Nhat Stadium, Ho Chi Minh City, Vietnam"}, "channel": [{"order": 1, "channelID": "ES", "channelNameCH": "ElevenSports", "channelNameEN": "ElevenSports"}], "liveEvent": {"ilcLiveDisplay": true, "hasLiveInfo": true, "isIncomplete": false, "matchIDbetradar": "32307389", "matchstate": "SecondHalf", "stateTS": "2022-05-01T20:01:45+08:00", "liveevent": [{"order": 1, "minutesElasped": "39", "actionType": "Regular", "playerNameCH": "\u5e03\u862d\u9053", "playerNameEN": "Brandao", "homeaway": "Home"}]}, "accumulatedscore": [{"periodvalue": "FirstHalf", "periodstatus": "ResultFinal", "home": "1", "away": "0"}, {"periodvalue": "SecondHalf", "periodstatus": "Started", "home": "", "away": ""}], "livescore": {"home": "1", "away": "0"}, "cornerresult": "7", "hasWebTV": false, "hasOdds": false, "chlodds": {"LINELIST": [{"LINENUM": "1", "MAINLINE": "true", "LINESTATUS": "1", "LINEORDER": "1", "LINE": "12.5/12.5", "H": "100@1.97", "L": "100@1.74"}, {"LINENUM": "2", "MAINLINE": "false", "LINESTATUS": "1", "LINEORDER": "2", "LINE": "13.5/13.5", "L": "100@1.36", "H": "100@2.88"}], "ID": "4fbb966f-0ff4-48ed-b0c8-133eb38ff2b5", "POOLSTATUS": "Selling", "ET": "0", "INPLAY": "true", "ALLUP": "true", "Cur": "1"}, "hasExtraTimePools": false, "results": {}, "definedPools": ["HAD", "FHA", "CRS", "FCS", "FTS", "OOE", "TTG", "HFT", "HHA", "HDC", "HIL", "FHL", "CHL", "NTS"], "inplayPools": ["HAD", "FHA", "HIL", "CHL", "CRS", "FCS", "NTS"]}, {"matchID": "9cffcee0-51fb-4107-bdff-97fbe92702e5", "matchIDinofficial": "20220501SUN16", "matchNum": "16", "matchDate": "2022-05-01+08:00", "matchDay": "SUN", "coupon": {"couponID": "2", "couponShortName": "SUN", "couponNameCH": "\u5468\u65e5\u8cfd\u4e8b", "couponNameEN": "Sunday Matches"}, "league": {"leagueID": "4", "leagueShortName": "SFL", "leagueNameCH": "\u897f\u73ed\u7259\u7532\u7d44\u806f\u8cfd", "leagueNameEN": "Spanish Division 1"}, "homeTeam": {"teamID": "461", "teamNameCH": "\u827e\u723e\u5207", "teamNameEN": "CF Elche"}, "awayTeam": {"teamID": "68", "teamNameCH": "\u5967\u6c99\u8f9b\u62ff", "teamNameEN": "Osasuna"}, "matchStatus": "Closed", "matchTime": "2022-05-01T20:00:00+08:00", "statuslastupdated": "2022-05-01T20:02:00+08:00", "inplaydelay": "true", "channel": [{"order": 1, "channelID": "632", "channelNameCH": "NOW 632\u53f0", "channelNameEN": "NOW 632"}], "liveEvent": {"ilcLiveDisplay": true, "hasLiveInfo": true, "isIncomplete": false, "matchIDbetradar": "27965844", "matchstate": "FirstHalf", "stateTS": "2022-05-01T20:02:00+08:00", "liveevent": []}, "accumulatedscore": [{"periodvalue": "FirstHalf", "periodstatus": "Started", "home": "", "away": ""}], "livescore": {"home": "0", "away": "0"}, "cornerresult": "0", "hasWebTV": false, "hasOdds": false, "chlodds": {"LINELIST": [{"LINENUM": "1", "MAINLINE": "true", "LINESTATUS": "1", "LINEORDER": "1", "LINE": "9.5/9.5", "H": "100@2.25", "L": "100@1.57"}], "ID": "7b1c460c-a2b2-49fc-a689-0e61777878f7", "POOLSTATUS": "Selling", "ET": "0", "INPLAY": "true", "ALLUP": "true", "Cur": "1"}, "hasExtraTimePools": false, "results": {}, "definedPools": ["HAD", "FHA", "CRS", "FCS", "FTS", "OOE", "TTG", "HFT", "HHA", "HDC", "HIL", "FHL", "CHL", "NTS"], "inplayPools": ["HAD", "FHA", "HIL", "CHL", "CRS", "FCS", "NTS"]}]