[{"matchID": "6c221578-9f14-4eec-93e1-8ffd070dcd4f", "matchIDinofficial": "20220421THU1", "matchNum": "1", "matchDate": "2022-04-21+08:00", "matchDay": "THU", "coupon": {"couponID": "6", "couponShortName": "THU", "couponNameCH": "\u5468\u56db\u8cfd\u4e8b", "couponNameEN": "Thursday Matches"}, "league": {"leagueID": "90", "leagueShortName": "ACL", "leagueNameCH": "\u4e9e\u6d32\u806f\u8cfd\u51a0\u8ecd\u76c3", "leagueNameEN": "Asian Champions League"}, "homeTeam": {"teamID": "1108", "teamNameCH": "\u851a\u5c71\u73fe\u4ee3", "teamNameEN": "Ulsan Hyundai"}, "awayTeam": {"teamID": "971", "teamNameCH": "FC\u5ee3\u5dde", "teamNameEN": "FC Guangzhou"}, "matchStatus": "Closed", "matchTime": "2022-04-21T17:00:00+08:00", "statuslastupdated": "2022-04-21T17:00:26+08:00", "inplaydelay": "true", "neutralgroundvenue": {"neutralgroundvenueNameCH": "\u99ac\u4f86\u897f\u4e9e\u4e39\u65af\u91cc\u62ff\u7763\u54c8\u5409\u54c8\u6851\u5c24\u8afe\u65af\u7403\u5834", "neutralgroundvenueNameEN": "Tan Sri Dato HajHassan Yunos Stadium, Johor Bahru, Malaysia"}, "channel": [{"order": 1, "channelID": "ES", "channelNameCH": "ElevenSports", "channelNameEN": "ElevenSports"}], "liveEvent": {"ilcLiveDisplay": true, "hasLiveInfo": true, "isIncomplete": false, "matchIDbetradar": "32307537", "matchstate": "FirstHalf", "stateTS": "2022-04-21T17:00:26+08:00", "liveevent": []}, "accumulatedscore": [{"periodvalue": "FirstHalf", "periodstatus": "Started", "home": "", "away": ""}], "livescore": {"home": "0", "away": "0"}, "cornerresult": "2", "hasWebTV": false, "hasOdds": false, "chlodds": {"LINELIST": [{"LINENUM": "1", "MAINLINE": "true", "LINESTATUS": "1", "LINEORDER": "1", "LINE": "9.5/9.5", "L": "100@2.07", "H": "100@1.67"}, {"LINENUM": "2", "MAINLINE": "false", "LINESTATUS": "1", "LINEORDER": "2", "LINE": "10.5/10.5", "L": "100@1.63", "H": "100@2.13"}], "ID": "09d6850c-a1e2-4a09-b4fe-7ef6db3c8bec", "POOLSTATUS": "Selling", "ET": "0", "INPLAY": "true", "ALLUP": "true", "Cur": "1"}, "hasExtraTimePools": false, "results": {}, "definedPools": ["HAD", "FHA", "CRS", "FCS", "FTS", "OOE", "TTG", "HFT", "HHA", "HIL", "FHL", "CHL", "NTS"], "inplayPools": ["HAD", "FHA", "HIL", "CHL", "CRS", "FCS", "NTS"]}]