[{"matchID": "9f09aa07-0b95-42f8-806f-eaa58e9a18cf", "matchIDinofficial": "20220503TUE7", "matchNum": "7", "matchDate": "2022-05-03+08:00", "matchDay": "TUE", "coupon": {"couponID": "4", "couponShortName": "TUE", "couponNameCH": "\u5468\u4e8c\u8cfd\u4e8b", "couponNameEN": "Tuesday Matches"}, "league": {"leagueID": "89", "leagueShortName": "AD1", "leagueNameCH": "\u6fb3\u6d32\u8077\u696d\u806f\u8cfd", "leagueNameEN": "Australian Division 1"}, "homeTeam": {"teamID": "1156", "teamNameCH": "\u5e03\u91cc\u65af\u73ed\u7345\u543c", "teamNameEN": "Brisbane Roar"}, "awayTeam": {"teamID": "1153", "teamNameCH": "\u4e2d\u5cb8\u6c34\u624b", "teamNameEN": "Central Coast Mariners"}, "matchStatus": "ResultIn", "matchTime": "2022-05-03T17:05:00+08:00", "statuslastupdated": "2022-05-03T18:50:14+08:00", "inplaydelay": "true", "channel": [{"order": 1, "channelID": "MTS", "channelNameCH": "\u7121\u7dda myTV SUPER", "channelNameEN": "TVB myTV SUPER"}], "liveEvent": {"ilcLiveDisplay": true, "hasLiveInfo": true, "isIncomplete": false, "matchIDbetradar": "33300345", "matchstate": "SecondHalf", "stateTS": "2022-05-03T18:08:06+08:00", "liveevent": [{"order": 1, "minutesElasped": "40", "actionType": "Regular", "playerNameCH": "\u8def\u6613\u65af\u7c73\u62ff", "playerNameEN": "Lewis Miller", "homeaway": "Away"}, {"order": 2, "minutesElasped": "41", "actionType": "YellowCard", "playerNameCH": "\u7a4d\u53ca\u6cd5\u62ff\u723e", "playerNameEN": "Jacob Farrell", "homeaway": "Away"}, {"order": 3, "minutesElasped": "44", "actionType": "YellowCard", "playerNameCH": "\u9ad8\u9054\u7279", "playerNameEN": "Cy Goddard", "homeaway": "Away"}, {"order": 4, "minutesElasped": "63", "actionType": "Regular", "playerNameCH": "", "playerNameEN": "Garang Kuol", "homeaway": "Away"}, {"order": 5, "minutesElasped": "85", "actionType": "YellowCard", "playerNameCH": "\u53f2\u845b\u5c3c\u7dad\u5229", "playerNameEN": "Scott Neville", "homeaway": "Home"}, {"order": 6, "minutesElasped": "87", "actionType": "RedCard", "playerNameCH": "\u53f2\u845b\u5c3c\u7dad\u5229", "playerNameEN": "Scott Neville", "homeaway": "Home"}]}, "accumulatedscore": [{"periodvalue": "FirstHalf", "periodstatus": "ResultFinal", "home": "0", "away": "1"}, {"periodvalue": "SecondHalf", "periodstatus": "Interim", "home": "0", "away": "2"}], "livescore": {"home": "0", "away": "2"}, "cornerresult": "9", "hasWebTV": false, "hasOdds": false, "chlodds": {"LINELIST": [{"LINENUM": "1", "MAINLINE": "true", "LINESTATUS": "1", "LINEORDER": "1", "LINE": "10.5/10.5", "H": "100@2.50", "L": "100@1.46"}, {"LINENUM": "2", "MAINLINE": "false", "LINESTATUS": "1", "LINEORDER": "2", "LINE": "11.5/11.5", "L": "100@1.12", "H": "100@5.10"}], "ID": "df846b49-2df3-4d8f-83c9-a780bea97187", "POOLSTATUS": "Selling", "ET": "0", "INPLAY": "true", "ALLUP": "true", "Cur": "1"}, "hasExtraTimePools": false, "results": {}, "definedPools": ["HAD", "FHA", "CRS", "FCS", "FTS", "OOE", "TTG", "HFT", "HHA", "HDC", "HIL", "FHL", "CHL", "NTS"], "inplayPools": ["HAD", "FHA", "HIL", "CHL", "CRS", "FCS", "NTS"]}]