[{"matchID": "4c427bc1-8521-44f1-9f0a-95ea9dd7316f", "matchIDinofficial": "20220424SUN72", "matchNum": "72", "matchDate": "2022-04-24+08:00", "matchDay": "SUN", "coupon": {"couponID": "2", "couponShortName": "SUN", "couponNameCH": "\u5468\u65e5\u8cfd\u4e8b", "couponNameEN": "Sunday Matches"}, "league": {"leagueID": "79", "leagueShortName": "MLS", "leagueNameCH": "\u7f8e\u570b\u8077\u696d\u806f\u8cfd", "leagueNameEN": "US Football League"}, "homeTeam": {"teamID": "2509", "teamNameCH": "\u7d10\u7d04\u57ce", "teamNameEN": "New York City"}, "awayTeam": {"teamID": "927", "teamNameCH": "FC\u591a\u502b\u591a", "teamNameEN": "Toronto FC"}, "matchStatus": "ResultIn", "matchTime": "2022-04-25T05:00:00+08:00", "statuslastupdated": "2022-04-25T06:13:34+08:00", "inplaydelay": "true", "neutralgroundvenue": {"neutralgroundvenueNameCH": "\u7d10\u7d04\u57ce\u82b1\u65d7\u7403\u5834", "neutralgroundvenueNameEN": "Citi Field, New York City"}, "channel": [{"order": 1, "channelID": "639", "channelNameCH": "NOW 639 \u53f0", "channelNameEN": "NOW 639"}], "liveEvent": {"ilcLiveDisplay": true, "hasLiveInfo": true, "isIncomplete": true, "matchIDbetradar": "31095505", "matchstate": "SecondHalf", "stateTS": "2022-04-25T06:11:37+08:00", "liveevent": [{"order": 1, "minutesElasped": "13", "actionType": "Regular", "playerNameCH": "\u5e0c\u9580\u5c3c\u65af, \u8036\u7a4c", "playerNameEN": "Jesus Jimenez", "homeaway": "Away"}, {"order": 2, "minutesElasped": "16", "actionType": "Regular", "playerNameCH": "\u5361\u65af\u8fea\u862d\u5974\u65af", "playerNameEN": "Valentin Castellanos", "homeaway": "Home"}, {"order": 3, "minutesElasped": "27", "actionType": "Regular", "playerNameCH": "\u5e0c\u9580\u5c3c\u65af, \u8036\u7a4c", "playerNameEN": "Jesus Jimenez", "homeaway": "Away"}, {"order": 4, "minutesElasped": "38", "actionType": "Regular", "playerNameCH": "\u5361\u65af\u8fea\u862d\u5974\u65af", "playerNameEN": "Valentin Castellanos", "homeaway": "Home"}, {"order": 5, "minutesElasped": "40", "actionType": "YellowCard", "playerNameCH": "\u5c3c\u9ad8\u62c9\u65af\u827e\u65af\u7dad\u5ea6", "playerNameEN": "Nicolas Acevedo", "homeaway": "Home"}, {"order": 6, "minutesElasped": "44", "actionType": "YellowCard", "playerNameCH": "\u5e0c\u9580\u5c3c\u65af, \u8036\u7a4c", "playerNameEN": "Jesus Jimenez", "homeaway": "Away"}]}, "accumulatedscore": [{"periodvalue": "FirstHalf", "periodstatus": "ResultFinal", "home": "1", "away": "2"}, {"periodvalue": "SecondHalf", "periodstatus": "Interim", "home": "", "away": ""}], "livescore": {"home": "1", "away": "2"}, "cornerresult": "4", "hasWebTV": false, "hasOdds": false, "chlodds": {"LINELIST": [{"LINENUM": "1", "MAINLINE": "true", "LINESTATUS": "1", "LINEORDER": "1", "LINE": "9.5/9.5", "L": "100@1.92", "H": "100@1.78"}, {"LINENUM": "2", "MAINLINE": "false", "LINESTATUS": "1", "LINEORDER": "2", "LINE": "10.5/10.5", "H": "100@2.45", "L": "100@1.48"}], "ID": "48bf1fdf-2850-4889-bd38-73954225bee5", "POOLSTATUS": "Selling", "ET": "0", "INPLAY": "true", "ALLUP": "true", "Cur": "1"}, "hasExtraTimePools": false, "results": {}, "definedPools": ["HAD", "FHA", "CRS", "FCS", "FTS", "OOE", "TTG", "HFT", "HHA", "HDC", "HIL", "FHL", "CHL", "NTS"], "inplayPools": ["HAD", "FHA", "HIL", "CHL", "CRS", "FCS", "NTS"]}]