[{"matchID": "bf77d6ae-8886-48cf-b0fc-60756c245a38", "matchIDinofficial": "20220507SAT87", "matchNum": "87", "matchDate": "2022-05-07+08:00", "matchDay": "SAT", "coupon": {"couponID": "1", "couponShortName": "SAT", "couponNameCH": "\u5468\u516d\u8cfd\u4e8b", "couponNameEN": "Saturday Matches"}, "league": {"leagueID": "1", "leagueShortName": "EPL", "leagueNameCH": "\u82f1\u683c\u862d\u8d85\u7d1a\u806f\u8cfd", "leagueNameEN": "Eng Premier"}, "homeTeam": {"teamID": "12", "teamNameCH": "\u5229\u7269\u6d66", "teamNameEN": "Liverpool"}, "awayTeam": {"teamID": "19", "teamNameCH": "\u71b1\u523a", "teamNameEN": "Tottenham"}, "matchStatus": "ResultIn", "matchTime": "2022-05-08T02:45:00+08:00", "statuslastupdated": "2022-05-08T04:28:27+08:00", "inplaydelay": "true", "channel": [{"order": 1, "channelID": "621", "channelNameCH": "NOW 621\u53f0", "channelNameEN": "NOW 621"}, {"order": 2, "channelID": "611", "channelNameCH": "NOW 611\u53f0", "channelNameEN": "NOW 611"}], "liveEvent": {"ilcLiveDisplay": true, "hasLiveInfo": true, "isIncomplete": false, "matchIDbetradar": "27751766", "matchstate": "SecondHalf", "stateTS": "2022-05-08T03:47:18+08:00", "liveevent": [{"order": 1, "minutesElasped": "53", "actionType": "YellowCard", "playerNameCH": "\u8cd3\u6234\u7dad\u65af", "playerNameEN": "Ben Davies", "homeaway": "Away"}, {"order": 2, "minutesElasped": "56", "actionType": "Regular", "playerNameCH": "\u5b6b\u8208\u6c11", "playerNameEN": "Son Heung-min", "homeaway": "Away"}, {"order": 3, "minutesElasped": "69", "actionType": "YellowCard", "playerNameCH": "\u68ee\u7f8e\u5361\u65af", "playerNameEN": "Kostas Tsimikas", "homeaway": "Home"}, {"order": 4, "minutesElasped": "70", "actionType": "YellowCard", "playerNameCH": "\u8cf4\u6069\u65bd\u65af\u9686", "playerNameEN": "Ryan Sessegnon", "homeaway": "Away"}, {"order": 5, "minutesElasped": "74", "actionType": "Regular", "playerNameCH": "\u8def\u6613\u65af\u8fea\u4e9e\u65af", "playerNameEN": "Luis Diaz", "homeaway": "Home"}, {"order": 6, "minutesElasped": "80", "actionType": "YellowCard", "playerNameCH": "\u6cd5\u8cd3\u5974\u6cf0\u83ef\u5229\u65af", "playerNameEN": "Fabinho", "homeaway": "Home"}]}, "accumulatedscore": [{"periodvalue": "FirstHalf", "periodstatus": "ResultFinal", "home": "0", "away": "0"}, {"periodvalue": "SecondHalf", "periodstatus": "Interim", "home": "1", "away": "1"}], "livescore": {"home": "1", "away": "1"}, "cornerresult": "-1", "hasWebTV": false, "hasOdds": false, "chlodds": {"LINELIST": [{"LINENUM": "1", "MAINLINE": "true", "LINESTATUS": "1", "LINEORDER": "1", "LINE": "15.5/15.5", "H": "100@3.10", "L": "100@1.31"}], "ID": "aaa38980-23d1-45cd-af3c-acae089759d7", "POOLSTATUS": "FinalStopSell", "ET": "0", "INPLAY": "true", "ALLUP": "true", "Cur": "1"}, "hasExtraTimePools": false, "results": {}, "definedPools": ["HAD", "FHA", "CRS", "FCS", "FTS", "OOE", "TTG", "HFT", "HHA", "HDC", "HIL", "FHL", "CHL", "NTS"], "inplayPools": ["HAD", "FHA", "HIL", "CHL", "CRS", "FCS", "NTS"]}, {"matchID": "04029301-d116-4a60-80ed-53b7ab42b028", "matchIDinofficial": "20220507SAT91", "matchNum": "91", "matchDate": "2022-05-07+08:00", "matchDay": "SAT", "coupon": {"couponID": "1", "couponShortName": "SAT", "couponNameCH": "\u5468\u516d\u8cfd\u4e8b", "couponNameEN": "Saturday Matches"}, "league": {"leagueID": "4", "leagueShortName": "SFL", "leagueNameCH": "\u897f\u73ed\u7259\u7532\u7d44\u806f\u8cfd", "leagueNameEN": "Spanish Division 1"}, "homeTeam": {"teamID": "60", "teamNameCH": "\u8c9d\u8fea\u65af", "teamNameEN": "Betis"}, "awayTeam": {"teamID": "59", "teamNameCH": "\u5df4\u585e\u9686\u62ff", "teamNameEN": "Barcelona"}, "matchStatus": "ResultIn", "matchTime": "2022-05-08T03:00:00+08:00", "statuslastupdated": "2022-05-08T04:17:09+08:00", "inplaydelay": "true", "channel": [{"order": 1, "channelID": "632", "channelNameCH": "NOW 632\u53f0", "channelNameEN": "NOW 632"}], "liveEvent": {"ilcLiveDisplay": true, "hasLiveInfo": true, "isIncomplete": false, "matchIDbetradar": "27965850", "matchstate": "SecondHalf", "stateTS": "2022-05-08T04:07:02+08:00", "liveevent": [{"order": 1, "minutesElasped": "65", "actionType": "YellowCard", "playerNameCH": "\u5e03\u65af\u57fa\u65af", "playerNameEN": "Sergio Busquets", "homeaway": "Away"}]}, "accumulatedscore": [{"periodvalue": "FirstHalf", "periodstatus": "ResultFinal", "home": "0", "away": "0"}, {"periodvalue": "SecondHalf", "periodstatus": "Interim", "home": "", "away": ""}], "livescore": {"home": "0", "away": "0"}, "cornerresult": "9", "hasWebTV": false, "hasOdds": false, "chlodds": {"LINELIST": [{"LINENUM": "2", "MAINLINE": "false", "LINESTATUS": "1", "LINEORDER": "2", "LINE": "12.5/12.5", "L": "100@1.26", "H": "100@3.40"}, {"LINENUM": "1", "MAINLINE": "true", "LINESTATUS": "1", "LINEORDER": "1", "LINE": "11.5/11.5", "L": "100@1.70", "H": "100@2.02"}], "ID": "8bbb7927-9ca5-4e62-b2be-c15e34fe989a", "POOLSTATUS": "Selling", "ET": "0", "INPLAY": "true", "ALLUP": "true", "Cur": "1"}, "hasExtraTimePools": false, "results": {}, "definedPools": ["HAD", "FHA", "CRS", "FCS", "FTS", "OOE", "TTG", "HFT", "HHA", "HDC", "HIL", "FHL", "CHL", "NTS"], "inplayPools": ["HAD", "FHA", "HIL", "CHL", "CRS", "FCS", "NTS"]}]