[{"matchID": "a6cc00b6-e4cc-4b5d-bb75-1ad2c4d2b42b", "matchIDinofficial": "20220425MON12", "matchNum": "12", "matchDate": "2022-04-25+08:00", "matchDay": "MON", "coupon": {"couponID": "3", "couponShortName": "MON", "couponNameCH": "\u5468\u4e00\u8cfd\u4e8b", "couponNameEN": "Monday Matches"}, "league": {"leagueID": "58", "leagueShortName": "SAL", "leagueNameCH": "\u745e\u5178\u8d85\u7d1a\u806f\u8cfd", "leagueNameEN": "Swedish Division 1"}, "homeTeam": {"teamID": "601", "teamNameCH": "\u99ac\u6a21", "teamNameEN": "Malmo"}, "awayTeam": {"teamID": "595", "teamNameCH": "\u54e5\u767b\u5821", "teamNameEN": "Goteborg"}, "matchStatus": "ResultIn", "matchTime": "2022-04-26T01:10:00+08:00", "statuslastupdated": "2022-04-26T02:58:41+08:00", "inplaydelay": "true", "channel": [{"order": 1, "channelID": "GX", "channelNameCH": "GoalX app", "channelNameEN": "GoalX app"}, {"order": 2, "channelID": "HKJC", "channelNameCH": "HKJC TV app", "channelNameEN": "HKJC TV app"}], "liveEvent": {"ilcLiveDisplay": true, "hasLiveInfo": true, "isIncomplete": false, "matchIDbetradar": "31602919", "matchstate": "SecondHalf", "stateTS": "2022-04-26T02:13:34+08:00", "liveevent": [{"order": 1, "minutesElasped": "17", "actionType": "YellowCard", "playerNameCH": "\u963f\u6b77\u5c71\u5927\u67e5\u8def", "playerNameEN": "Alexander Jallow", "homeaway": "Away"}, {"order": 2, "minutesElasped": "21", "actionType": "YellowCard", "playerNameCH": "\u897f\u8499\u83f2\u6069", "playerNameEN": "Simon Thern", "homeaway": "Away"}, {"order": 3, "minutesElasped": "23", "actionType": "YellowCard", "playerNameCH": "\u62c9\u57fa\u6bd4", "playerNameEN": "Erdal Rakip", "homeaway": "Home"}, {"order": 4, "minutesElasped": "28", "actionType": "YellowCard", "playerNameCH": "\u590f\u7279\u859b\u5361\u5ea6\u6b77", "playerNameEN": "Denis Hadzikadunic", "homeaway": "Home"}, {"order": 5, "minutesElasped": "48", "actionType": "Penalty", "playerNameCH": "\u5b89\u9054\u65af\u57fa\u65af\u7538\u81e3", "playerNameEN": "Anders Christiansen", "homeaway": "Home"}, {"order": 6, "minutesElasped": "56", "actionType": "YellowCard", "playerNameCH": "\u5f6d\u62ff,\u6c99\u6cbb\u5967", "playerNameEN": "Sergio Pena", "homeaway": "Home"}, {"order": 7, "minutesElasped": "77", "actionType": "YellowCard", "playerNameCH": "", "playerNameEN": "Oscar Vilhelmsson", "homeaway": "Away"}]}, "accumulatedscore": [{"periodvalue": "FirstHalf", "periodstatus": "ResultFinal", "home": "0", "away": "0"}, {"periodvalue": "SecondHalf", "periodstatus": "Interim", "home": "1", "away": "0"}], "livescore": {"home": "1", "away": "0"}, "cornerresult": "-1", "hasWebTV": false, "hasOdds": false, "chlodds": {"LINELIST": [{"LINENUM": "1", "MAINLINE": "true", "LINESTATUS": "1", "LINEORDER": "1", "LINE": "8.5/8.5", "L": "100@1.15", "H": "100@4.55"}], "ID": "bb3ecd94-97d6-4de9-8337-0afdac15167e", "POOLSTATUS": "FinalStopSell", "ET": "0", "INPLAY": "true", "ALLUP": "true", "Cur": "1"}, "hasExtraTimePools": false, "results": {}, "definedPools": ["HAD", "FHA", "CRS", "FCS", "FTS", "OOE", "TTG", "HFT", "HHA", "HDC", "HIL", "FHL", "CHL", "NTS"], "inplayPools": ["HAD", "FHA", "HIL", "CHL", "CRS", "FCS", "NTS"]}, {"matchID": "6775719d-7f0c-47f7-a20b-32955785ed28", "matchIDinofficial": "20220425MON19", "matchNum": "19", "matchDate": "2022-04-25+08:00", "matchDay": "MON", "coupon": {"couponID": "3", "couponShortName": "MON", "couponNameCH": "\u5468\u4e00\u8cfd\u4e8b", "couponNameEN": "Monday Matches"}, "league": {"leagueID": "1", "leagueShortName": "EPL", "leagueNameCH": "\u82f1\u683c\u862d\u8d85\u7d1a\u806f\u8cfd", "leagueNameEN": "Eng Premier"}, "homeTeam": {"teamID": "194", "teamNameCH": "\u6c34\u6676\u5bae", "teamNameEN": "Crystal Palace"}, "awayTeam": {"teamID": "10", "teamNameCH": "\u5217\u65af\u806f", "teamNameEN": "Leeds"}, "matchStatus": "Closed", "matchTime": "2022-04-26T03:00:00+08:00", "statuslastupdated": "2022-04-26T03:00:21+08:00", "inplaydelay": "true", "channel": [{"order": 1, "channelID": "621", "channelNameCH": "NOW 621\u53f0", "channelNameEN": "NOW 621"}], "liveEvent": {"ilcLiveDisplay": true, "hasLiveInfo": true, "isIncomplete": false, "matchIDbetradar": "27751722", "matchstate": "FirstHalf", "stateTS": "2022-04-26T03:00:21+08:00", "liveevent": []}, "accumulatedscore": [{"periodvalue": "FirstHalf", "periodstatus": "Started", "home": "", "away": ""}], "livescore": {"home": "0", "away": "0"}, "cornerresult": "0", "hasWebTV": false, "hasOdds": false, "chlodds": {"LINELIST": [{"LINENUM": "2", "MAINLINE": "false", "LINESTATUS": "1", "LINEORDER": "2", "LINE": "9.5/9.5", "H": "100@2.20", "L": "100@1.59"}, {"LINENUM": "1", "MAINLINE": "true", "LINESTATUS": "1", "LINEORDER": "1", "LINE": "8.5/8.5", "L": "100@1.98", "H": "100@1.73"}], "ID": "a02652e8-d9b4-49ac-965c-8d94b4ea2b60", "POOLSTATUS": "Selling", "ET": "0", "INPLAY": "true", "ALLUP": "true", "Cur": "1"}, "hasExtraTimePools": false, "results": {}, "definedPools": ["HAD", "FHA", "CRS", "FCS", "FTS", "OOE", "TTG", "HFT", "HHA", "HDC", "HIL", "FHL", "CHL", "NTS"], "inplayPools": ["HAD", "FHA", "HIL", "CHL", "CRS", "FCS", "NTS"]}]