[{"matchID": "2f0b3346-2b1c-4dca-a710-9bd6c828f34c", "matchIDinofficial": "20220507SAT68", "matchNum": "68", "matchDate": "2022-05-07+08:00", "matchDay": "SAT", "coupon": {"couponID": "1", "couponShortName": "SAT", "couponNameCH": "\u5468\u516d\u8cfd\u4e8b", "couponNameEN": "Saturday Matches"}, "league": {"leagueID": "1", "leagueShortName": "EPL", "leagueNameCH": "\u82f1\u683c\u862d\u8d85\u7d1a\u806f\u8cfd", "leagueNameEN": "Eng Premier"}, "homeTeam": {"teamID": "175", "teamNameCH": "\u767d\u79ae\u9813", "teamNameEN": "Brighton"}, "awayTeam": {"teamID": "14", "teamNameCH": "\u66fc\u806f", "teamNameEN": "Manchester Utd"}, "matchStatus": "ResultIn", "matchTime": "2022-05-08T00:30:00+08:00", "statuslastupdated": "2022-05-08T00:55:57+08:00", "inplaydelay": "true", "channel": [{"order": 1, "channelID": "621", "channelNameCH": "NOW 621\u53f0", "channelNameEN": "NOW 621"}], "liveEvent": {"ilcLiveDisplay": true, "hasLiveInfo": true, "isIncomplete": false, "matchIDbetradar": "27751756", "matchstate": "FirstHalf", "stateTS": "2022-05-08T00:31:05+08:00", "liveevent": [{"order": 1, "minutesElasped": "15", "actionType": "Regular", "playerNameCH": "\u6469\u897f\u65af\u5361\u4e9b\u5ea6", "playerNameEN": "Moises Caicedo", "homeaway": "Home"}]}, "accumulatedscore": [{"periodvalue": "FirstHalf", "periodstatus": "Interim", "home": "1", "away": "0"}], "livescore": {"home": "1", "away": "0"}, "cornerresult": "5", "hasWebTV": false, "hasOdds": false, "chlodds": {"LINELIST": [{"LINENUM": "2", "MAINLINE": "false", "LINESTATUS": "1", "LINEORDER": "2", "LINE": "13.5/13.5", "L": "100@1.60", "H": "100@2.19"}, {"LINENUM": "1", "MAINLINE": "true", "LINESTATUS": "1", "LINEORDER": "1", "LINE": "12.5/12.5", "L": "100@2.02", "H": "100@1.70"}], "ID": "2124f386-cc03-4bda-a756-21175b6a466c", "POOLSTATUS": "Selling", "ET": "0", "INPLAY": "true", "ALLUP": "true", "Cur": "1"}, "hasExtraTimePools": false, "results": {}, "definedPools": ["HAD", "FHA", "CRS", "FCS", "FTS", "OOE", "TTG", "HFT", "HHA", "HDC", "HIL", "FHL", "CHL", "NTS"], "inplayPools": ["HAD", "FHA", "HIL", "CHL", "CRS", "FCS", "NTS"]}]