[{"matchID": "126a9070-8521-48f6-89a0-2195eabd9f92", "matchIDinofficial": "20220418MON42", "matchNum": "42", "matchDate": "2022-04-18+08:00", "matchDay": "MON", "coupon": {"couponID": "3", "couponShortName": "MON", "couponNameCH": "\u5468\u4e00\u8cfd\u4e8b", "couponNameEN": "Monday Matches"}, "league": {"leagueID": "2", "leagueShortName": "ISA", "leagueNameCH": "\u610f\u5927\u5229\u7532\u7d44\u806f\u8cfd", "leagueNameEN": "Italian Division 1"}, "homeTeam": {"teamID": "340", "teamNameCH": "\u963f\u7279\u862d\u5927", "teamNameEN": "Atalanta"}, "awayTeam": {"teamID": "1764", "teamNameCH": "\u7dad\u7f85\u7d0d", "teamNameEN": "Verona"}, "matchStatus": "ResultIn", "matchTime": "2022-04-19T03:00:00+08:00", "statuslastupdated": "2022-04-19T04:36:01+08:00", "inplaydelay": "true", "channel": [{"order": 1, "channelID": "638", "channelNameCH": "NOW 638\u53f0", "channelNameEN": "NOW 638"}], "liveEvent": {"ilcLiveDisplay": true, "hasLiveInfo": true, "isIncomplete": false, "matchIDbetradar": "28160470", "matchstate": "SecondHalf", "stateTS": "2022-04-19T04:08:28+08:00", "liveevent": [{"order": 1, "minutesElasped": "9", "actionType": "YellowCard", "playerNameCH": "\u54e5\u5229\u723e\u6839\u9054", "playerNameEN": "Koray Gunter", "homeaway": "Away"}, {"order": 2, "minutesElasped": "21", "actionType": "YellowCard", "playerNameCH": "\u5361\u6c99\u52d2, \u5c3c\u53e4\u62c9", "playerNameEN": "Nicolo Casale", "homeaway": "Away"}, {"order": 3, "minutesElasped": "25", "actionType": "YellowCard", "playerNameCH": "\u67cf\u6d1b\u6587\u5974", "playerNameEN": "Jose Luis Palomino", "homeaway": "Home"}, {"order": 4, "minutesElasped": "31", "actionType": "YellowCard", "playerNameCH": "\u99ac\u5229\u8def\u592b\u65af\u57fa", "playerNameEN": "Ruslan Malinovskyi", "homeaway": "Home"}, {"order": 5, "minutesElasped": "45", "actionType": "Regular", "playerNameCH": "\u65bd\u6377\u9023\u5c3c", "playerNameEN": "Federico Ceccherini", "homeaway": "Away"}, {"order": 6, "minutesElasped": "55", "actionType": "OwnGoal", "playerNameCH": "\u53e4\u666e\u7f8e\u62ff\u65af", "playerNameEN": "Teun Koopmeiners", "homeaway": "Away"}, {"order": 7, "minutesElasped": "58", "actionType": "YellowCard", "playerNameCH": "\u53e4\u666e\u7f8e\u62ff\u65af", "playerNameEN": "Teun Koopmeiners", "homeaway": "Home"}, {"order": 8, "minutesElasped": "67", "actionType": "YellowCard", "playerNameCH": "\u65bd\u6377\u9023\u5c3c", "playerNameEN": "Federico Ceccherini", "homeaway": "Away"}]}, "accumulatedscore": [{"periodvalue": "FirstHalf", "periodstatus": "ResultFinal", "home": "0", "away": "1"}, {"periodvalue": "SecondHalf", "periodstatus": "Interim", "home": "0", "away": "2"}], "livescore": {"home": "0", "away": "2"}, "cornerresult": "9", "hasWebTV": false, "hasOdds": false, "chlodds": {"LINELIST": [{"LINENUM": "2", "MAINLINE": "false", "LINESTATUS": "1", "LINEORDER": "2", "LINE": "12.5/12.5", "H": "100@4.40", "L": "100@1.16"}, {"LINENUM": "1", "MAINLINE": "true", "LINESTATUS": "1", "LINEORDER": "1", "LINE": "11.5/11.5", "L": "100@1.45", "H": "100@2.55"}], "ID": "7c2e7173-02e1-4a51-aea3-80b3406d10c2", "POOLSTATUS": "Selling", "ET": "0", "INPLAY": "true", "ALLUP": "true", "Cur": "1"}, "hasExtraTimePools": false, "results": {}, "definedPools": ["HAD", "FHA", "CRS", "FCS", "FTS", "OOE", "TTG", "HFT", "HHA", "HDC", "HIL", "FHL", "CHL", "NTS"], "inplayPools": ["HAD", "FHA", "HIL", "CHL", "CRS", "FCS", "NTS"], "dhc": {"LEG1": "MON 41", "LEG1ID": "e0717085-f2bc-4f7c-8462-1aa6d56cf670", "LEG2": "MON 42", "LEG2ID": "126a9070-8521-48f6-89a0-2195eabd9f92", "ITEM": "1"}}]