[{"matchID": "0bff5bea-68ff-4074-bb14-1aa3793083e0", "matchIDinofficial": "20220416SAT7", "matchNum": "7", "matchDate": "2022-04-16+08:00", "matchDay": "SAT", "coupon": {"couponID": "1", "couponShortName": "SAT", "couponNameCH": "\u5468\u516d\u8cfd\u4e8b", "couponNameEN": "Saturday Matches"}, "league": {"leagueID": "89", "leagueShortName": "AD1", "leagueNameCH": "\u6fb3\u6d32\u8077\u696d\u806f\u8cfd", "leagueNameEN": "Australian Division 1"}, "homeTeam": {"teamID": "1154", "teamNameCH": "\u7d10\u5361\u7d20\u5674\u5c04\u6a5f", "teamNameEN": "Newcastle Jets"}, "awayTeam": {"teamID": "1095", "teamNameCH": "\u58a8\u723e\u672c\u52dd\u5229", "teamNameEN": "Melbourne Victory"}, "matchStatus": "ResultIn", "matchTime": "2022-04-16T17:45:00+08:00", "statuslastupdated": "2022-04-16T19:02:59+08:00", "inplaydelay": "true", "channel": [{"order": 1, "channelID": "MTS", "channelNameCH": "\u7121\u7dda myTV SUPER", "channelNameEN": "TVB myTV SUPER"}], "liveEvent": {"ilcLiveDisplay": true, "hasLiveInfo": true, "isIncomplete": false, "matchIDbetradar": "30903621", "matchstate": "SecondHalf", "stateTS": "2022-04-16T18:48:37+08:00", "liveevent": [{"order": 1, "minutesElasped": "6", "actionType": "Regular", "playerNameCH": "\u6b77\u514b\u8fea\u4e9e\u9ad8\u65af\u5929\u5974", "playerNameEN": "Nicholas D'Agostino", "homeaway": "Away"}, {"order": 2, "minutesElasped": "41", "actionType": "YellowCard", "playerNameCH": "\u4f50\u6566\u827e\u65af", "playerNameEN": "Jordan Elsey", "homeaway": "Home"}, {"order": 3, "minutesElasped": "58", "actionType": "YellowCard", "playerNameCH": "\u8cd3\u79d1\u62ff\u7f8e", "playerNameEN": "Ben Folami", "homeaway": "Away"}]}, "accumulatedscore": [{"periodvalue": "FirstHalf", "periodstatus": "ResultFinal", "home": "0", "away": "1"}, {"periodvalue": "SecondHalf", "periodstatus": "Interim", "home": "", "away": ""}], "livescore": {"home": "0", "away": "1"}, "cornerresult": "-1", "hasWebTV": false, "hasOdds": false, "chlodds": {"LINELIST": [{"LINENUM": "2", "MAINLINE": "false", "LINESTATUS": "1", "LINEORDER": "2", "LINE": "11.5/11.5", "H": "100@3.10", "L": "100@1.31"}, {"LINENUM": "1", "MAINLINE": "true", "LINESTATUS": "1", "LINEORDER": "1", "LINE": "10.5/10.5", "H": "100@1.98", "L": "100@1.73"}], "ID": "53a8dce3-1140-418e-9d60-35c886995367", "POOLSTATUS": "NotSelling", "ET": "0", "INPLAY": "true", "ALLUP": "true", "Cur": "1"}, "hasExtraTimePools": false, "results": {}, "definedPools": ["HAD", "FHA", "CRS", "FCS", "FTS", "OOE", "TTG", "HFT", "HHA", "HDC", "HIL", "FHL", "CHL", "NTS"], "inplayPools": ["HAD", "FHA", "HIL", "CHL", "CRS", "FCS", "NTS"], "dhc": {"LEG1": "SAT 5", "LEG1ID": "d1e19cac-d5b5-4d29-a3cf-5cef3b812fa1", "LEG2": "SAT 7", "LEG2ID": "0bff5bea-68ff-4074-bb14-1aa3793083e0", "ITEM": "1"}}, {"matchID": "4e2503df-7be8-4430-bda0-aaf632438f57", "matchIDinofficial": "20220416SAT8", "matchNum": "8", "matchDate": "2022-04-16+08:00", "matchDay": "SAT", "coupon": {"couponID": "1", "couponShortName": "SAT", "couponNameCH": "\u5468\u516d\u8cfd\u4e8b", "couponNameEN": "Saturday Matches"}, "league": {"leagueID": "2", "leagueShortName": "ISA", "leagueNameCH": "\u610f\u5927\u5229\u7532\u7d44\u806f\u8cfd", "leagueNameEN": "Italian Division 1"}, "homeTeam": {"teamID": "341", "teamNameCH": "\u5361\u5229\u4e9e\u91cc", "teamNameEN": "Cagliari"}, "awayTeam": {"teamID": "1509", "teamNameCH": "\u85a9\u65af\u7d22\u7f85", "teamNameEN": "Sassuolo"}, "matchStatus": "Closed", "matchTime": "2022-04-16T18:30:00+08:00", "statuslastupdated": "2022-04-16T18:31:07+08:00", "inplaydelay": "true", "channel": [{"order": 1, "channelID": "638", "channelNameCH": "NOW 638\u53f0", "channelNameEN": "NOW 638"}], "liveEvent": {"ilcLiveDisplay": true, "hasLiveInfo": true, "isIncomplete": false, "matchIDbetradar": "28160472", "matchstate": "FirstHalf", "stateTS": "2022-04-16T18:31:07+08:00", "liveevent": [{"order": 1, "minutesElasped": "27", "actionType": "YellowCard", "playerNameCH": "\u962e", "playerNameEN": "Ruan", "homeaway": "Away"}]}, "accumulatedscore": [{"periodvalue": "FirstHalf", "periodstatus": "Started", "home": "", "away": ""}], "livescore": {"home": "0", "away": "0"}, "cornerresult": "3", "hasWebTV": false, "hasOdds": false, "chlodds": {"LINELIST": [{"LINENUM": "1", "MAINLINE": "true", "LINESTATUS": "1", "LINEORDER": "1", "LINE": "9.5/9.5", "L": "100@1.83", "H": "100@1.87"}, {"LINENUM": "2", "MAINLINE": "false", "LINESTATUS": "1", "LINEORDER": "2", "LINE": "10.5/10.5", "H": "100@2.55", "L": "100@1.45"}], "ID": "e7ac7aed-eae5-4c5e-b757-a4d9edbb82cd", "POOLSTATUS": "Selling", "ET": "0", "INPLAY": "true", "ALLUP": "true", "Cur": "1"}, "hasExtraTimePools": false, "results": {}, "definedPools": ["HAD", "FHA", "CRS", "FCS", "FTS", "OOE", "TTG", "HFT", "HHA", "HDC", "HIL", "FHL", "CHL", "NTS"], "inplayPools": ["HAD", "FHA", "HIL", "CHL", "CRS", "FCS", "NTS"]}]