[{"matchID": "3d45ab53-b7cf-4ea5-b38b-57262cf7525c", "matchIDinofficial": "20220423SAT19", "matchNum": "19", "matchDate": "2022-04-23+08:00", "matchDay": "SAT", "coupon": {"couponID": "1", "couponShortName": "SAT", "couponNameCH": "\u5468\u516d\u8cfd\u4e8b", "couponNameEN": "Saturday Matches"}, "league": {"leagueID": "1", "leagueShortName": "EPL", "leagueNameCH": "\u82f1\u683c\u862d\u8d85\u7d1a\u806f\u8cfd", "leagueNameEN": "Eng Premier"}, "homeTeam": {"teamID": "1", "teamNameCH": "\u963f\u4ed9\u5974", "teamNameEN": "Arsenal"}, "awayTeam": {"teamID": "14", "teamNameCH": "\u66fc\u806f", "teamNameEN": "Manchester Utd"}, "matchStatus": "ResultIn", "matchTime": "2022-04-23T19:30:00+08:00", "statuslastupdated": "2022-04-23T20:55:05+08:00", "inplaydelay": "true", "channel": [{"order": 1, "channelID": "621", "channelNameCH": "NOW 621\u53f0", "channelNameEN": "NOW 621"}, {"order": 2, "channelID": "611", "channelNameCH": "NOW 611\u53f0", "channelNameEN": "NOW 611"}], "liveEvent": {"ilcLiveDisplay": true, "hasLiveInfo": true, "isIncomplete": true, "matchIDbetradar": "27751712", "matchstate": "SecondHalf", "stateTS": "2022-04-23T20:35:46+08:00", "liveevent": [{"order": 1, "minutesElasped": "3", "actionType": "Regular", "playerNameCH": "\u7d10\u5974\u6cf0\u83ef\u5229\u65af", "playerNameEN": "Nuno Tavares", "homeaway": "Home"}, {"order": 2, "minutesElasped": "27", "actionType": "Regular", "playerNameCH": "\u5c3c\u57fa\u8fea\u4e9e", "playerNameEN": "Eddie Nketiah", "homeaway": "Home"}, {"order": 3, "minutesElasped": "31", "actionType": "YellowCard", "playerNameCH": "\u963f\u6b77\u58eb\u8fea\u5c3c\u65af", "playerNameEN": "Alex Telles", "homeaway": "Away"}, {"order": 4, "minutesElasped": "32", "actionType": "Penalty", "playerNameCH": "\u5e03\u5361\u7d04\u6c99\u5361", "playerNameEN": "Bukayo Saka", "homeaway": "Home"}, {"order": 5, "minutesElasped": "34", "actionType": "Regular", "playerNameCH": "\u57fa\u65af\u5766\u5974\u6717\u62ff\u5ea6", "playerNameEN": "Cristiano Ronaldo", "homeaway": "Away"}, {"order": 6, "minutesElasped": "67", "actionType": "YellowCard", "playerNameCH": "\u683c\u5217\u6c99\u52a0", "playerNameEN": "Granit Xhaka", "homeaway": "Home"}, {"order": 7, "minutesElasped": "68", "actionType": "YellowCard", "playerNameCH": "\u7d10\u5974\u6cf0\u83ef\u5229\u65af", "playerNameEN": "Nuno Tavares", "homeaway": "Home"}]}, "accumulatedscore": [{"periodvalue": "FirstHalf", "periodstatus": "ResultFinal", "home": "2", "away": "1"}, {"periodvalue": "SecondHalf", "periodstatus": "Interim", "home": "", "away": ""}], "livescore": {"home": "2", "away": "1"}, "cornerresult": "8", "hasWebTV": false, "hasOdds": false, "chlodds": {"LINELIST": [{"LINENUM": "1", "MAINLINE": "true", "LINESTATUS": "1", "LINEORDER": "1", "LINE": "10.5/10.5", "H": "100@1.63", "L": "100@2.13"}, {"LINENUM": "2", "MAINLINE": "false", "LINESTATUS": "1", "LINEORDER": "2", "LINE": "11.5/11.5", "H": "100@2.45", "L": "100@1.48"}], "ID": "f01b7197-c1b0-44b7-94e4-6e46fb6e54b1", "POOLSTATUS": "Selling", "ET": "0", "INPLAY": "true", "ALLUP": "true", "Cur": "1"}, "hasExtraTimePools": false, "results": {}, "definedPools": ["HAD", "FHA", "CRS", "FCS", "FTS", "OOE", "TTG", "HFT", "HHA", "HDC", "HIL", "FHL", "CHL", "NTS"], "inplayPools": ["HAD", "FHA", "HIL", "CHL", "CRS", "FCS", "NTS"]}]