[{"matchID": "1166f744-68e8-4157-96d2-d16bf8325eec", "matchIDinofficial": "20220423SAT113", "matchNum": "113", "matchDate": "2022-04-23+08:00", "matchDay": "SAT", "coupon": {"couponID": "1", "couponShortName": "SAT", "couponNameCH": "\u5468\u516d\u8cfd\u4e8b", "couponNameEN": "Saturday Matches"}, "league": {"leagueID": "79", "leagueShortName": "MLS", "leagueNameCH": "\u7f8e\u570b\u8077\u696d\u806f\u8cfd", "leagueNameEN": "US Football League"}, "homeTeam": {"teamID": "922", "teamNameCH": "\u80af\u85a9\u65af\u9ad4\u80b2\u6703", "teamNameEN": "Sporting Kansas City"}, "awayTeam": {"teamID": "918", "teamNameCH": "\u54e5\u502b\u5e03\u6a5f\u54e1", "teamNameEN": "Columbus Crew"}, "matchStatus": "ResultIn", "matchTime": "2022-04-24T08:30:00+08:00", "statuslastupdated": "2022-04-24T10:17:10+08:00", "inplaydelay": "true", "channel": [{"order": 1, "channelID": "638", "channelNameCH": "NOW 638\u53f0", "channelNameEN": "NOW 638"}], "remarkstype": "N", "liveEvent": {"ilcLiveDisplay": true, "hasLiveInfo": true, "isIncomplete": false, "matchIDbetradar": "31095429", "matchstate": "SecondHalf", "stateTS": "2022-04-24T09:46:51+08:00", "liveevent": [{"order": 1, "minutesElasped": "45", "actionType": "YellowCard", "playerNameCH": "\u67cf\u7956\u5c71\u5ea6\u58eb", "playerNameEN": "Pedro Santos", "homeaway": "Away"}, {"order": 2, "minutesElasped": "45", "actionType": "YellowCard", "playerNameCH": "\u5967\u5229\u5967\u723e\u8def\u6c99\u5229", "playerNameEN": "Uri Rosell", "homeaway": "Home"}]}, "accumulatedscore": [{"periodvalue": "FirstHalf", "periodstatus": "ResultFinal", "home": "0", "away": "0"}, {"periodvalue": "SecondHalf", "periodstatus": "Interim", "home": "", "away": ""}], "livescore": {"home": "0", "away": "0"}, "cornerresult": "-1", "hasWebTV": false, "hasOdds": false, "chlodds": {"LINELIST": [{"LINENUM": "1", "MAINLINE": "true", "LINESTATUS": "1", "LINEORDER": "1", "LINE": "4.5/4.5", "H": "100@7.50", "L": "100@1.05"}], "ID": "bfae281a-62d7-4b97-b8e0-9f088d19f325", "POOLSTATUS": "NotSelling", "ET": "0", "INPLAY": "true", "ALLUP": "true", "Cur": "1"}, "hasExtraTimePools": false, "results": {}, "definedPools": ["HAD", "FHA", "CRS", "FCS", "FTS", "OOE", "TTG", "HFT", "HHA", "HDC", "HIL", "FHL", "CHL", "NTS"], "inplayPools": ["HAD", "FHA", "HIL", "CHL", "CRS", "FCS", "NTS"]}, {"matchID": "aa80aa85-1e55-483a-a70a-859e15986299", "matchIDinofficial": "20220423SAT116", "matchNum": "116", "matchDate": "2022-04-23+08:00", "matchDay": "SAT", "coupon": {"couponID": "1", "couponShortName": "SAT", "couponNameCH": "\u5468\u516d\u8cfd\u4e8b", "couponNameEN": "Saturday Matches"}, "league": {"leagueID": "79", "leagueShortName": "MLS", "leagueNameCH": "\u7f8e\u570b\u8077\u696d\u806f\u8cfd", "leagueNameEN": "US Football League"}, "homeTeam": {"teamID": "1468", "teamNameCH": "\u6ce2\u7279\u862d\u4f10\u6728\u8005", "teamNameEN": "Portland Timbers"}, "awayTeam": {"teamID": "925", "teamNameCH": "\u7687\u5bb6\u9e7d\u6e56\u57ce", "teamNameEN": "Real Salt Lake"}, "matchStatus": "ResultIn", "matchTime": "2022-04-24T10:00:00+08:00", "statuslastupdated": "2022-04-24T11:11:01+08:00", "inplaydelay": "true", "channel": [{"order": 1, "channelID": "639", "channelNameCH": "NOW 639 \u53f0", "channelNameEN": "NOW 639"}], "liveEvent": {"ilcLiveDisplay": true, "hasLiveInfo": true, "isIncomplete": false, "matchIDbetradar": "31095493", "matchstate": "SecondHalf", "stateTS": "2022-04-24T11:11:01+08:00", "liveevent": []}, "accumulatedscore": [{"periodvalue": "FirstHalf", "periodstatus": "ResultFinal", "home": "0", "away": "0"}, {"periodvalue": "SecondHalf", "periodstatus": "Started", "home": "", "away": ""}], "livescore": {"home": "0", "away": "0"}, "cornerresult": "-1", "hasWebTV": false, "hasOdds": false, "chlodds": {"LINELIST": [{"LINENUM": "1", "MAINLINE": "true", "LINESTATUS": "1", "LINEORDER": "1", "LINE": "7.5/7.5", "L": "100@1.90", "H": "100@1.80"}, {"LINENUM": "2", "MAINLINE": "false", "LINESTATUS": "1", "LINEORDER": "2", "LINE": "8.5/8.5", "L": "100@1.43", "H": "100@2.60"}], "ID": "f2c84dd7-1a2f-4232-83bd-2f117fc3d1be", "POOLSTATUS": "NotSelling", "ET": "0", "INPLAY": "true", "ALLUP": "true", "Cur": "1"}, "hasExtraTimePools": false, "results": {}, "definedPools": ["HAD", "FHA", "CRS", "FCS", "FTS", "OOE", "TTG", "HFT", "HHA", "HDC", "HIL", "FHL", "CHL", "NTS"], "inplayPools": ["HAD", "FHA", "HIL", "CHL", "CRS", "FCS", "NTS"]}, {"matchID": "63792698-14af-40d7-bca1-c83d3b89c78b", "matchIDinofficial": "20220424SUN1", "matchNum": "1", "matchDate": "2022-04-24+08:00", "matchDay": "SUN", "coupon": {"couponID": "2", "couponShortName": "SUN", "couponNameCH": "\u5468\u65e5\u8cfd\u4e8b", "couponNameEN": "Sunday Matches"}, "league": {"leagueID": "89", "leagueShortName": "AD1", "leagueNameCH": "\u6fb3\u6d32\u8077\u696d\u806f\u8cfd", "leagueNameEN": "Australian Division 1"}, "homeTeam": {"teamID": "1157", "teamNameCH": "\u5a01\u9748\u9813\u9cf3\u51f0", "teamNameEN": "Wellington Phoenix"}, "awayTeam": {"teamID": "1920", "teamNameCH": "\u897f\u6089\u5c3c\u6d41\u6d6a\u8005", "teamNameEN": "Western Sydney Wanderers"}, "matchStatus": "Closed", "matchTime": "2022-04-24T11:05:00+08:00", "statuslastupdated": "2022-04-24T11:09:40+08:00", "inplaydelay": "true", "neutralgroundvenue": {"neutralgroundvenueNameCH": "\u65b0\u897f\u862d\u5967\u514b\u862d\u4f0a\u7538\u516c\u5712\u7403\u5834", "neutralgroundvenueNameEN": "Eden Park, Auckland, New Zealand"}, "channel": [{"order": 1, "channelID": "MTS", "channelNameCH": "\u7121\u7dda myTV SUPER", "channelNameEN": "TVB myTV SUPER"}], "liveEvent": {"ilcLiveDisplay": true, "hasLiveInfo": true, "isIncomplete": false, "matchIDbetradar": "30903631", "matchstate": "FirstHalf", "stateTS": "2022-04-24T11:09:40+08:00", "liveevent": []}, "accumulatedscore": [{"periodvalue": "FirstHalf", "periodstatus": "Started", "home": "", "away": ""}], "livescore": {"home": "0", "away": "0"}, "cornerresult": "0", "hasWebTV": false, "hasOdds": false, "chlodds": {"LINELIST": [{"LINENUM": "2", "MAINLINE": "false", "LINESTATUS": "1", "LINEORDER": "2", "LINE": "10.5/10.5", "L": "100@1.51", "H": "100@2.38"}, {"LINENUM": "1", "MAINLINE": "true", "LINESTATUS": "1", "LINEORDER": "1", "LINE": "9.5/9.5", "L": "100@1.84", "H": "100@1.86"}], "ID": "fb7c84fc-1406-419c-9f85-d43df9c03235", "POOLSTATUS": "Selling", "ET": "0", "INPLAY": "true", "ALLUP": "true", "Cur": "1"}, "hasExtraTimePools": false, "results": {}, "definedPools": ["HAD", "FHA", "CRS", "FCS", "FTS", "OOE", "TTG", "HFT", "HHA", "HDC", "HIL", "FHL", "CHL", "NTS"], "inplayPools": ["HAD", "FHA", "HIL", "CHL", "CRS", "FCS", "NTS"]}]