[{"matchID": "d8c47755-ff80-46be-81f8-d0900b825884", "matchIDinofficial": "20220429FRI38", "matchNum": "38", "matchDate": "2022-04-29+08:00", "matchDay": "FRI", "coupon": {"couponID": "7", "couponShortName": "FRI", "couponNameCH": "\u5468\u4e94\u8cfd\u4e8b", "couponNameEN": "Friday Matches"}, "league": {"leagueID": "124", "leagueShortName": "MXL", "leagueNameCH": "\u58a8\u897f\u54e5\u8d85\u7d1a\u806f\u8cfd", "leagueNameEN": "Mexican Premier"}, "homeTeam": {"teamID": "1368", "teamNameCH": "FC\u99ac\u85a9\u7279\u862d", "teamNameEN": "Mazatlan FC"}, "awayTeam": {"teamID": "2282", "teamNameCH": "\u666e\u57c3\u5e03\u62c9", "teamNameEN": "Puebla"}, "matchStatus": "Closed", "matchTime": "2022-04-30T10:05:00+08:00", "statuslastupdated": "2022-04-30T10:07:09+08:00", "inplaydelay": "true", "channel": [{"order": 1, "channelID": "GX", "channelNameCH": "GoalX app", "channelNameEN": "GoalX app"}, {"order": 2, "channelID": "HKJC", "channelNameCH": "HKJC TV app", "channelNameEN": "HKJC TV app"}], "liveEvent": {"ilcLiveDisplay": true, "hasLiveInfo": true, "isIncomplete": false, "matchIDbetradar": "31019109", "matchstate": "FirstHalf", "stateTS": "2022-04-30T10:07:09+08:00", "liveevent": [{"order": 1, "minutesElasped": "17", "actionType": "YellowCard", "playerNameCH": "\u4f0a\u6c83\u5dde\u74e6\u8332\u514b\u65af", "playerNameEN": "Ivo Vazquez", "homeaway": "Away"}, {"order": 2, "minutesElasped": "30", "actionType": "YellowCard", "playerNameCH": "\u76e7\u4e9e\u65af", "playerNameEN": "Lucas Maia", "homeaway": "Away"}, {"order": 3, "minutesElasped": "36", "actionType": "YellowCard", "playerNameCH": "\u4ee5\u8272\u5217\u96f7\u8036\u65af", "playerNameEN": "Israel Reyes", "homeaway": "Away"}]}, "accumulatedscore": [{"periodvalue": "FirstHalf", "periodstatus": "Started", "home": "", "away": ""}], "livescore": {"home": "0", "away": "0"}, "cornerresult": "2", "hasWebTV": false, "hasOdds": false, "chlodds": {"LINELIST": [{"LINENUM": "2", "MAINLINE": "false", "LINESTATUS": "1", "LINEORDER": "2", "LINE": "7.5/7.5", "H": "100@2.50", "L": "100@1.46"}, {"LINENUM": "1", "MAINLINE": "true", "LINESTATUS": "1", "LINEORDER": "1", "LINE": "6.5/6.5", "H": "100@1.86", "L": "100@1.84"}], "ID": "bebca0a9-beba-43ad-8894-c65af37dcac5", "POOLSTATUS": "Selling", "ET": "0", "INPLAY": "true", "ALLUP": "true", "Cur": "1"}, "hasExtraTimePools": false, "results": {}, "definedPools": ["HAD", "FHA", "CRS", "FCS", "FTS", "OOE", "TTG", "HFT", "HHA", "HDC", "HIL", "FHL", "CHL", "NTS"], "inplayPools": ["HAD", "FHA", "HIL", "CHL", "CRS", "FCS", "NTS"]}]