[{"matchID": "a60bc441-c3e7-464d-8d68-aa1f40751cb1", "matchIDinofficial": "20220423SAT25", "matchNum": "25", "matchDate": "2022-04-23+08:00", "matchDay": "SAT", "coupon": {"couponID": "1", "couponShortName": "SAT", "couponNameCH": "\u5468\u516d\u8cfd\u4e8b", "couponNameEN": "Saturday Matches"}, "league": {"leagueID": "2", "leagueShortName": "ISA", "leagueNameCH": "\u610f\u5927\u5229\u7532\u7d44\u806f\u8cfd", "leagueNameEN": "Italian Division 1"}, "homeTeam": {"teamID": "3416", "teamNameCH": "\u5a01\u5c3c\u65af", "teamNameEN": "Venezia"}, "awayTeam": {"teamID": "340", "teamNameCH": "\u963f\u7279\u862d\u5927", "teamNameEN": "Atalanta"}, "matchStatus": "ResultIn", "matchTime": "2022-04-23T21:00:00+08:00", "statuslastupdated": "2022-04-23T21:47:06+08:00", "inplaydelay": "true", "channel": [{"order": 1, "channelID": "638", "channelNameCH": "NOW 638\u53f0", "channelNameEN": "NOW 638"}], "liveEvent": {"ilcLiveDisplay": true, "hasLiveInfo": true, "isIncomplete": false, "matchIDbetradar": "28160508", "matchstate": "FirstHalf", "stateTS": "2022-04-23T21:01:02+08:00", "liveevent": [{"order": 1, "minutesElasped": "44", "actionType": "Regular", "playerNameCH": "\u67cf\u6c99\u6b77", "playerNameEN": "Mario Pasalic", "homeaway": "Away"}]}, "accumulatedscore": [{"periodvalue": "FirstHalf", "periodstatus": "Interim", "home": "0", "away": "1"}], "livescore": {"home": "0", "away": "1"}, "cornerresult": "6", "hasWebTV": false, "hasOdds": false, "chlodds": {"LINELIST": [{"LINENUM": "1", "MAINLINE": "true", "LINESTATUS": "1", "LINEORDER": "1", "LINE": "10.5/10.5", "H": "100@1.70", "L": "100@2.02"}, {"LINENUM": "2", "MAINLINE": "false", "LINESTATUS": "1", "LINEORDER": "2", "LINE": "11.5/11.5", "H": "100@2.40", "L": "100@1.50"}], "ID": "656528ed-2684-438c-91f6-0471ebc83f65", "POOLSTATUS": "Selling", "ET": "0", "INPLAY": "true", "ALLUP": "true", "Cur": "1"}, "hasExtraTimePools": false, "results": {}, "definedPools": ["HAD", "FHA", "CRS", "FCS", "FTS", "OOE", "TTG", "HFT", "HHA", "HDC", "HIL", "FHL", "CHL", "NTS"], "inplayPools": ["HAD", "FHA", "HIL", "CHL", "CRS", "FCS", "NTS"]}, {"matchID": "cb040490-56df-433c-95a7-4fdcb33b0333", "matchIDinofficial": "20220423SAT29", "matchNum": "29", "matchDate": "2022-04-23+08:00", "matchDay": "SAT", "coupon": {"couponID": "1", "couponShortName": "SAT", "couponNameCH": "\u5468\u516d\u8cfd\u4e8b", "couponNameEN": "Saturday Matches"}, "league": {"leagueID": "3", "leagueShortName": "GSL", "leagueNameCH": "\u5fb7\u570b\u7532\u7d44\u806f\u8cfd", "leagueNameEN": "German Division 1"}, "homeTeam": {"teamID": "1744", "teamNameCH": "RB\u840a\u6bd4\u932b", "teamNameEN": "RB Leipzig"}, "awayTeam": {"teamID": "1292", "teamNameCH": "\u67cf\u6797\u806f", "teamNameEN": "Union Berlin"}, "matchStatus": "Closed", "matchTime": "2022-04-23T21:30:00+08:00", "statuslastupdated": "2022-04-23T21:30:11+08:00", "inplaydelay": "true", "channel": [{"order": 1, "channelID": "76", "channelNameCH": "\u9999\u6e2f\u570b\u969b\u8ca1\u7d93\u53f0", "channelNameEN": "Hong Kong International Business Channel"}, {"order": 2, "channelID": "C661", "channelNameCH": "\u6709\u7dda661\u53f0", "channelNameEN": "i-CABLE 661"}, {"order": 3, "channelID": "C601", "channelNameCH": "\u6709\u7dda601\u53f0", "channelNameEN": "i-CABLE 601"}], "liveEvent": {"ilcLiveDisplay": true, "hasLiveInfo": true, "isIncomplete": false, "matchIDbetradar": "27883630", "matchstate": "FirstHalf", "stateTS": "2022-04-23T21:30:11+08:00", "liveevent": []}, "accumulatedscore": [{"periodvalue": "FirstHalf", "periodstatus": "Started", "home": "", "away": ""}], "livescore": {"home": "0", "away": "0"}, "cornerresult": "1", "hasWebTV": false, "hasOdds": false, "chlodds": {"LINELIST": [{"LINENUM": "1", "MAINLINE": "true", "LINESTATUS": "1", "LINEORDER": "1", "LINE": "7.5/7.5", "L": "100@1.91", "H": "100@1.79"}, {"LINENUM": "2", "MAINLINE": "false", "LINESTATUS": "1", "LINEORDER": "2", "LINE": "8.5/8.5", "H": "100@2.40", "L": "100@1.50"}], "ID": "eb72a55c-4304-4867-8ee3-1d9c682ec4b8", "POOLSTATUS": "Selling", "ET": "0", "INPLAY": "true", "ALLUP": "true", "Cur": "1"}, "hasExtraTimePools": false, "results": {}, "definedPools": ["HAD", "FHA", "CRS", "FCS", "FTS", "OOE", "TTG", "HFT", "HHA", "HDC", "HIL", "FHL", "CHL", "NTS"], "inplayPools": ["HAD", "FHA", "HIL", "CHL", "CRS", "FCS", "NTS"]}]