[{"matchID": "c10b9dcb-a27e-4bb6-9b7b-2ccfb229f91c", "matchIDinofficial": "20220422FRI41", "matchNum": "41", "matchDate": "2022-04-22+08:00", "matchDay": "FRI", "coupon": {"couponID": "7", "couponShortName": "FRI", "couponNameCH": "\u5468\u4e94\u8cfd\u4e8b", "couponNameEN": "Friday Matches"}, "league": {"leagueID": "124", "leagueShortName": "MXL", "leagueNameCH": "\u58a8\u897f\u54e5\u8d85\u7d1a\u806f\u8cfd", "leagueNameEN": "Mexican Premier"}, "homeTeam": {"teamID": "2682", "teamNameCH": "\u7956\u4e9e\u96f7\u65af", "teamNameEN": "Juarez"}, "awayTeam": {"teamID": "1368", "teamNameCH": "FC\u99ac\u85a9\u7279\u862d", "teamNameEN": "Mazatlan FC"}, "matchStatus": "Closed", "matchTime": "2022-04-23T10:00:00+08:00", "statuslastupdated": "2022-04-23T10:08:43+08:00", "inplaydelay": "true", "liveEvent": {"ilcLiveDisplay": true, "hasLiveInfo": true, "isIncomplete": false, "matchIDbetradar": "31019091", "matchstate": "FirstHalf", "stateTS": "2022-04-23T10:08:43+08:00", "liveevent": [{"order": 1, "minutesElasped": "15", "actionType": "YellowCard", "playerNameCH": "\u99ac\u54e5\u6cd5\u6bd4\u5b89", "playerNameEN": "Marco Fabian", "homeaway": "Away"}]}, "accumulatedscore": [{"periodvalue": "FirstHalf", "periodstatus": "Started", "home": "", "away": ""}], "livescore": {"home": "0", "away": "0"}, "cornerresult": "0", "hasWebTV": false, "hasOdds": false, "chlodds": {"LINELIST": [{"LINENUM": "1", "MAINLINE": "true", "LINESTATUS": "1", "LINEORDER": "1", "LINE": "6.5/6.5", "L": "100@2.00", "H": "100@1.72"}, {"LINENUM": "2", "MAINLINE": "false", "LINESTATUS": "1", "LINEORDER": "2", "LINE": "7.5/7.5", "L": "100@1.60", "H": "100@2.19"}], "ID": "6b57456b-cdc1-492b-a794-689a7da691a3", "POOLSTATUS": "Selling", "ET": "0", "INPLAY": "true", "ALLUP": "true", "Cur": "1"}, "hasExtraTimePools": false, "results": {}, "definedPools": ["HAD", "FHA", "CRS", "FCS", "FTS", "OOE", "TTG", "HFT", "HHA", "HDC", "HIL", "FHL", "CHL", "NTS"], "inplayPools": ["HAD", "FHA", "HIL", "CHL", "CRS", "FCS", "NTS"]}]