[{"matchID": "8b8c409f-e5c7-4722-99ed-f26f236a18b1", "matchIDinofficial": "20220508SUN76", "matchNum": "76", "matchDate": "2022-05-08+08:00", "matchDay": "SUN", "coupon": {"couponID": "2", "couponShortName": "SUN", "couponNameCH": "\u5468\u65e5\u8cfd\u4e8b", "couponNameEN": "Sunday Matches"}, "league": {"leagueID": "4", "leagueShortName": "SFL", "leagueNameCH": "\u897f\u73ed\u7259\u7532\u7d44\u806f\u8cfd", "leagueNameEN": "Spanish Division 1"}, "homeTeam": {"teamID": "58", "teamNameCH": "\u99ac\u5fb7\u91cc\u9ad4\u80b2\u6703", "teamNameEN": "Atletico Madrid"}, "awayTeam": {"teamID": "69", "teamNameCH": "\u7687\u5bb6\u99ac\u5fb7\u91cc", "teamNameEN": "Real Madrid"}, "matchStatus": "Closed", "matchTime": "2022-05-09T03:00:00+08:00", "statuslastupdated": "2022-05-09T03:01:53+08:00", "inplaydelay": "true", "channel": [{"order": 1, "channelID": "632", "channelNameCH": "NOW 632\u53f0", "channelNameEN": "NOW 632"}, {"order": 2, "channelID": "611", "channelNameCH": "NOW 611\u53f0", "channelNameEN": "NOW 611"}], "liveEvent": {"ilcLiveDisplay": true, "hasLiveInfo": true, "isIncomplete": false, "matchIDbetradar": "27965848", "matchstate": "FirstHalf", "stateTS": "2022-05-09T03:01:53+08:00", "liveevent": [{"order": 1, "minutesElasped": "20", "actionType": "YellowCard", "playerNameCH": "\u76e7\u5361\u7956\u57df", "playerNameEN": "Luka Jovic", "homeaway": "Away"}]}, "accumulatedscore": [{"periodvalue": "FirstHalf", "periodstatus": "Started", "home": "", "away": ""}], "livescore": {"home": "0", "away": "0"}, "cornerresult": "3", "hasWebTV": false, "hasOdds": false, "chlodds": {"LINELIST": [{"LINENUM": "1", "MAINLINE": "true", "LINESTATUS": "1", "LINEORDER": "1", "LINE": "9.5/9.5", "H": "100@1.87", "L": "100@1.83"}, {"LINENUM": "2", "MAINLINE": "false", "LINESTATUS": "1", "LINEORDER": "2", "LINE": "10.5/10.5", "L": "100@1.48", "H": "100@2.45"}], "ID": "85701ee9-3535-4900-a8bd-b6cf61a58d8a", "POOLSTATUS": "Selling", "ET": "0", "INPLAY": "true", "ALLUP": "true", "Cur": "1"}, "hasExtraTimePools": false, "results": {}, "definedPools": ["HAD", "FHA", "CRS", "FCS", "FTS", "OOE", "TTG", "HFT", "HHA", "HDC", "HIL", "FHL", "CHL", "NTS"], "inplayPools": ["HAD", "FHA", "HIL", "CHL", "CRS", "FCS", "NTS"]}]