[{"matchID": "b10cb7a5-105c-4db9-be5f-c28fcc881a38", "matchIDinofficial": "20220424SUN37", "matchNum": "37", "matchDate": "2022-04-24+08:00", "matchDay": "SUN", "coupon": {"couponID": "2", "couponShortName": "SUN", "couponNameCH": "\u5468\u65e5\u8cfd\u4e8b", "couponNameEN": "Sunday Matches"}, "league": {"leagueID": "90", "leagueShortName": "ACL", "leagueNameCH": "\u4e9e\u6d32\u806f\u8cfd\u51a0\u8ecd\u76c3", "leagueNameEN": "Asian Champions League"}, "homeTeam": {"teamID": "2493", "teamNameCH": "\u67d4\u4f5bDT", "teamNameEN": "Johor DT"}, "awayTeam": {"teamID": "548", "teamNameCH": "\u5ddd\u5d0e\u524d\u92d2", "teamNameEN": "Kawasaki Frontale"}, "matchStatus": "ResultIn", "matchTime": "2022-04-24T22:00:00+08:00", "statuslastupdated": "2022-04-24T23:19:18+08:00", "inplaydelay": "true", "channel": [{"order": 1, "channelID": "ES", "channelNameCH": "ElevenSports", "channelNameEN": "ElevenSports"}], "liveEvent": {"ilcLiveDisplay": true, "hasLiveInfo": true, "isIncomplete": false, "matchIDbetradar": "32307539", "matchstate": "SecondHalf", "stateTS": "2022-04-24T23:06:14+08:00", "liveevent": [{"order": 1, "minutesElasped": "12", "actionType": "YellowCard", "playerNameCH": "\u6885\u91cc\u65af\u5967\u7576\u5c3c\u932b\u8fea", "playerNameEN": "Mauricio", "homeaway": "Home"}, {"order": 2, "minutesElasped": "14", "actionType": "Regular", "playerNameCH": "\u8107\u5742\u6cf0\u6597", "playerNameEN": "Yasuto Wakizaka", "homeaway": "Away"}, {"order": 3, "minutesElasped": "24", "actionType": "YellowCard", "playerNameCH": "\u963f\u83f2\u514b, \u7a46\u7f55\u9ed8\u5fb7", "playerNameEN": "Afiq Fazail", "homeaway": "Home"}, {"order": 4, "minutesElasped": "31", "actionType": "Regular", "playerNameCH": "\u5c0f\u6797\u60a0", "playerNameEN": "Yu Kobayashi", "homeaway": "Away"}, {"order": 5, "minutesElasped": "43", "actionType": "Regular", "playerNameCH": "\u5c0f\u6797\u60a0", "playerNameEN": "Yu Kobayashi", "homeaway": "Away"}]}, "accumulatedscore": [{"periodvalue": "FirstHalf", "periodstatus": "ResultFinal", "home": "0", "away": "3"}, {"periodvalue": "SecondHalf", "periodstatus": "Interim", "home": "", "away": ""}], "livescore": {"home": "0", "away": "3"}, "cornerresult": "4", "hasWebTV": false, "hasOdds": false, "chlodds": {"LINELIST": [{"LINENUM": "2", "MAINLINE": "false", "LINESTATUS": "1", "LINEORDER": "2", "LINE": "7.5/7.5", "H": "100@4.30", "L": "100@1.17"}, {"LINENUM": "1", "MAINLINE": "true", "LINESTATUS": "1", "LINEORDER": "1", "LINE": "6.5/6.5", "H": "100@2.40", "L": "100@1.50"}], "ID": "a2e2b9fe-07c2-4862-95e3-34dad64f8d2c", "POOLSTATUS": "Selling", "ET": "0", "INPLAY": "true", "ALLUP": "true", "Cur": "1"}, "hasExtraTimePools": false, "results": {}, "definedPools": ["HAD", "FHA", "CRS", "FCS", "FTS", "OOE", "TTG", "HFT", "HHA", "HDC", "HIL", "FHL", "CHL", "NTS"], "inplayPools": ["HAD", "FHA", "HIL", "CHL", "CRS", "FCS", "NTS"]}, {"matchID": "d8506bb9-17ea-4140-a8da-fe10d21a2a02", "matchIDinofficial": "20220424SUN43", "matchNum": "43", "matchDate": "2022-04-24+08:00", "matchDay": "SUN", "coupon": {"couponID": "2", "couponShortName": "SUN", "couponNameCH": "\u5468\u65e5\u8cfd\u4e8b", "couponNameEN": "Sunday Matches"}, "league": {"leagueID": "14", "leagueShortName": "FFL", "leagueNameCH": "\u6cd5\u570b\u7532\u7d44\u806f\u8cfd", "leagueNameEN": "French Division 1"}, "homeTeam": {"teamID": "213", "teamNameCH": "\u91cc\u723e", "teamNameEN": "Lille"}, "awayTeam": {"teamID": "221", "teamNameCH": "\u65af\u7279\u62c9\u65af\u5821", "teamNameEN": "Strasbourg"}, "matchStatus": "Closed", "matchTime": "2022-04-24T23:05:00+08:00", "statuslastupdated": "2022-04-24T23:05:11+08:00", "inplaydelay": "true", "channel": [{"order": 1, "channelID": "639", "channelNameCH": "NOW 639 \u53f0", "channelNameEN": "NOW 639"}], "liveEvent": {"ilcLiveDisplay": true, "hasLiveInfo": true, "isIncomplete": false, "matchIDbetradar": "27885348", "matchstate": "FirstHalf", "stateTS": "2022-04-24T23:05:11+08:00", "liveevent": []}, "accumulatedscore": [{"periodvalue": "FirstHalf", "periodstatus": "Started", "home": "", "away": ""}], "livescore": {"home": "0", "away": "0"}, "cornerresult": "3", "hasWebTV": false, "hasOdds": false, "chlodds": {"LINELIST": [{"LINENUM": "2", "MAINLINE": "false", "LINESTATUS": "1", "LINEORDER": "2", "LINE": "11.5/11.5", "H": "100@2.68", "L": "100@1.41"}, {"LINENUM": "1", "MAINLINE": "true", "LINESTATUS": "1", "LINEORDER": "1", "LINE": "10.5/10.5", "L": "100@1.73", "H": "100@1.98"}], "ID": "e1ace5b6-b2ef-4f98-82b5-2e3f6d5d1f8d", "POOLSTATUS": "Selling", "ET": "0", "INPLAY": "true", "ALLUP": "true", "Cur": "1"}, "hasExtraTimePools": false, "results": {}, "definedPools": ["HAD", "FHA", "CRS", "FCS", "FTS", "OOE", "TTG", "HFT", "HHA", "HDC", "HIL", "FHL", "CHL", "NTS"], "inplayPools": ["HAD", "FHA", "HIL", "CHL", "CRS", "FCS", "NTS"]}]