[{"matchID": "3d270fd3-4c64-483c-9309-fbbe2469a123", "matchIDinofficial": "20220507SAT25", "matchNum": "25", "matchDate": "2022-05-07+08:00", "matchDay": "SAT", "coupon": {"couponID": "1", "couponShortName": "SAT", "couponNameCH": "\u5468\u516d\u8cfd\u4e8b", "couponNameEN": "Saturday Matches"}, "league": {"leagueID": "4", "leagueShortName": "SFL", "leagueNameCH": "\u897f\u73ed\u7259\u7532\u7d44\u806f\u8cfd", "leagueNameEN": "Spanish Division 1"}, "homeTeam": {"teamID": "66", "teamNameCH": "\u99ac\u7565\u5361", "teamNameEN": "Mallorca"}, "awayTeam": {"teamID": "1707", "teamNameCH": "CF\u683c\u862d\u7d0d\u9054", "teamNameEN": "CF Granada"}, "matchStatus": "ResultIn", "matchTime": "2022-05-07T20:00:00+08:00", "statuslastupdated": "2022-05-07T21:53:16+08:00", "inplaydelay": "true", "channel": [{"order": 1, "channelID": "632", "channelNameCH": "NOW 632\u53f0", "channelNameEN": "NOW 632"}], "liveEvent": {"ilcLiveDisplay": true, "hasLiveInfo": true, "isIncomplete": false, "matchIDbetradar": "27965854", "matchstate": "SecondHalf", "stateTS": "2022-05-07T21:06:07+08:00", "liveevent": [{"order": 1, "minutesElasped": "6", "actionType": "Regular", "playerNameCH": "\u8def\u723e\u65af\u8607\u4e9e\u96f7\u65af", "playerNameEN": "Luis Javier Suarez", "homeaway": "Away"}, {"order": 2, "minutesElasped": "28", "actionType": "Regular", "playerNameCH": "\u6c99\u83ef\u65bd\u7dad\u62ff", "playerNameEN": "Salva Sevilla", "homeaway": "Home"}, {"order": 3, "minutesElasped": "45", "actionType": "YellowCard", "playerNameCH": "\u5b89\u6771\u5c3c\u5967\u96f7\u8def", "playerNameEN": "Antonio Raillo", "homeaway": "Home"}, {"order": 4, "minutesElasped": "45", "actionType": "YellowCard", "playerNameCH": "\u99ac\u83f2\u5967, \u67cf\u4fdd\u8def", "playerNameEN": "Pablo Maffeo", "homeaway": "Home"}, {"order": 5, "minutesElasped": "46", "actionType": "Regular", "playerNameCH": "\u6c99\u6cbb\u5967\u827e\u65af\u53e4\u8fea\u8def", "playerNameEN": "Sergio Escudero", "homeaway": "Away"}, {"order": 6, "minutesElasped": "55", "actionType": "Regular", "playerNameCH": "\u4f69\u4e9e\u9054\u65af", "playerNameEN": "Antonio Puertas", "homeaway": "Away"}, {"order": 7, "minutesElasped": "58", "actionType": "Regular", "playerNameCH": "\u5b89\u6771\u5c3c\u5967\u96f7\u8def", "playerNameEN": "Antonio Raillo", "homeaway": "Home"}, {"order": 8, "minutesElasped": "60", "actionType": "YellowCard", "playerNameCH": "\u675c\u660e\u9ad8\u65af\u675c\u4e9e\u8fea", "playerNameEN": "Domingos Duarte", "homeaway": "Away"}, {"order": 9, "minutesElasped": "67", "actionType": "YellowCard", "playerNameCH": "\u83ef\u723e\u8d0a\u7279", "playerNameEN": "Martin Valjent", "homeaway": "Home"}, {"order": 10, "minutesElasped": "69", "actionType": "Regular", "playerNameCH": "\u4f50\u6cbb\u6469\u9023\u62ff", "playerNameEN": "Jorge Molina", "homeaway": "Away"}, {"order": 11, "minutesElasped": "78", "actionType": "Regular", "playerNameCH": "\u70cf\u723e\u7956\u5c3c", "playerNameEN": "Myrto Uzuni", "homeaway": "Away"}, {"order": 12, "minutesElasped": "83", "actionType": "YellowCard", "playerNameCH": "\u5f7c\u5f97\u7f85\u7dad\u5947, \u5167\u683c\u65af", "playerNameEN": "Njegos Petrovic", "homeaway": "Away"}, {"order": 13, "minutesElasped": "90", "actionType": "Regular", "playerNameCH": "\u4f50\u6cbb\u6469\u9023\u62ff", "playerNameEN": "Jorge Molina", "homeaway": "Away"}]}, "accumulatedscore": [{"periodvalue": "FirstHalf", "periodstatus": "ResultFinal", "home": "1", "away": "1"}, {"periodvalue": "SecondHalf", "periodstatus": "Interim", "home": "2", "away": "6"}], "livescore": {"home": "2", "away": "6"}, "cornerresult": "-1", "hasWebTV": false, "hasOdds": false, "chlodds": {"LINELIST": [{"LINENUM": "1", "MAINLINE": "true", "LINESTATUS": "1", "LINEORDER": "1", "LINE": "10.5/10.5", "L": "100@1.18", "H": "100@4.15"}], "ID": "4bcb67ec-0b5a-4bed-b10f-9d3b9de27a50", "POOLSTATUS": "FinalStopSell", "ET": "0", "INPLAY": "true", "ALLUP": "true", "Cur": "1"}, "hasExtraTimePools": false, "results": {}, "definedPools": ["HAD", "FHA", "CRS", "FCS", "FTS", "OOE", "TTG", "HFT", "HHA", "HDC", "HIL", "FHL", "CHL", "NTS"], "inplayPools": ["HAD", "FHA", "HIL", "CHL", "CRS", "FCS", "NTS"]}, {"matchID": "4ea284b5-9071-41fd-a01f-0df0fb89d806", "matchIDinofficial": "20220507SAT26", "matchNum": "26", "matchDate": "2022-05-07+08:00", "matchDay": "SAT", "coupon": {"couponID": "1", "couponShortName": "SAT", "couponNameCH": "\u5468\u516d\u8cfd\u4e8b", "couponNameEN": "Saturday Matches"}, "league": {"leagueID": "2", "leagueShortName": "ISA", "leagueNameCH": "\u610f\u5927\u5229\u7532\u7d44\u806f\u8cfd", "leagueNameEN": "Italian Division 1"}, "homeTeam": {"teamID": "447", "teamNameCH": "\u62d6\u9023\u5974", "teamNameEN": "AC Torino"}, "awayTeam": {"teamID": "764", "teamNameCH": "\u62ff\u73bb\u91cc", "teamNameEN": "Napoli"}, "matchStatus": "ResultIn", "matchTime": "2022-05-07T21:00:00+08:00", "statuslastupdated": "2022-05-07T22:05:22+08:00", "inplaydelay": "true", "channel": [{"order": 1, "channelID": "638", "channelNameCH": "NOW 638\u53f0", "channelNameEN": "NOW 638"}], "liveEvent": {"ilcLiveDisplay": true, "hasLiveInfo": true, "isIncomplete": false, "matchIDbetradar": "28160546", "matchstate": "SecondHalf", "stateTS": "2022-05-07T22:05:22+08:00", "liveevent": []}, "accumulatedscore": [{"periodvalue": "FirstHalf", "periodstatus": "ResultFinal", "home": "0", "away": "0"}, {"periodvalue": "SecondHalf", "periodstatus": "Started", "home": "", "away": ""}], "livescore": {"home": "0", "away": "0"}, "cornerresult": "4", "hasWebTV": false, "hasOdds": false, "chlodds": {"LINELIST": [{"LINENUM": "2", "MAINLINE": "false", "LINESTATUS": "1", "LINEORDER": "2", "LINE": "9.5/9.5", "L": "100@1.49", "H": "100@2.43"}, {"LINENUM": "1", "MAINLINE": "true", "LINESTATUS": "1", "LINEORDER": "1", "LINE": "8.5/8.5", "L": "100@2.02", "H": "100@1.70"}], "ID": "4b891a91-c6d7-4cf7-99f5-8b41229a367e", "POOLSTATUS": "Selling", "ET": "0", "INPLAY": "true", "ALLUP": "true", "Cur": "1"}, "hasExtraTimePools": false, "results": {}, "definedPools": ["HAD", "FHA", "CRS", "FCS", "FTS", "OOE", "TTG", "HFT", "HHA", "HDC", "HIL", "FHL", "CHL", "NTS"], "inplayPools": ["HAD", "FHA", "HIL", "CHL", "CRS", "FCS", "NTS"]}, {"matchID": "cf1caaf2-6597-422a-8726-903340bcd74d", "matchIDinofficial": "20220507SAT29", "matchNum": "29", "matchDate": "2022-05-07+08:00", "matchDay": "SAT", "coupon": {"couponID": "1", "couponShortName": "SAT", "couponNameCH": "\u5468\u516d\u8cfd\u4e8b", "couponNameEN": "Saturday Matches"}, "league": {"leagueID": "3", "leagueShortName": "GSL", "leagueNameCH": "\u5fb7\u570b\u7532\u7d44\u806f\u8cfd", "leagueNameEN": "German Division 1"}, "homeTeam": {"teamID": "286", "teamNameCH": "\u683c\u96f7\u7279\u970d\u592b", "teamNameEN": "Greuther Furth"}, "awayTeam": {"teamID": "25", "teamNameCH": "\u591a\u8499\u7279", "teamNameEN": "Dortmund"}, "matchStatus": "ResultIn", "matchTime": "2022-05-07T21:30:00+08:00", "statuslastupdated": "2022-05-07T21:57:55+08:00", "inplaydelay": "true", "channel": [{"order": 1, "channelID": "76", "channelNameCH": "\u9999\u6e2f\u570b\u969b\u8ca1\u7d93\u53f0", "channelNameEN": "Hong Kong International Business Channel"}, {"order": 2, "channelID": "C661", "channelNameCH": "\u6709\u7dda661\u53f0", "channelNameEN": "i-CABLE 661"}, {"order": 3, "channelID": "C601", "channelNameCH": "\u6709\u7dda601\u53f0", "channelNameEN": "i-CABLE 601"}], "liveEvent": {"ilcLiveDisplay": true, "hasLiveInfo": true, "isIncomplete": false, "matchIDbetradar": "27883680", "matchstate": "FirstHalf", "stateTS": "2022-05-07T21:30:40+08:00", "liveevent": [{"order": 1, "minutesElasped": "26", "actionType": "Regular", "playerNameCH": "\u7956\u5229\u5b89\u767d\u862d\u7279", "playerNameEN": "Julian Brandt", "homeaway": "Away"}]}, "accumulatedscore": [{"periodvalue": "FirstHalf", "periodstatus": "Interim", "home": "0", "away": "1"}], "livescore": {"home": "0", "away": "1"}, "cornerresult": "0", "hasWebTV": false, "hasOdds": false, "chlodds": {"LINELIST": [{"LINENUM": "1", "MAINLINE": "true", "LINESTATUS": "1", "LINEORDER": "1", "LINE": "5.5/5.5", "L": "100@1.91", "H": "100@1.79"}, {"LINENUM": "2", "MAINLINE": "false", "LINESTATUS": "1", "LINEORDER": "2", "LINE": "6.5/6.5", "H": "100@2.48", "L": "100@1.47"}], "ID": "d9fe609b-0bd3-431c-9e32-ee8c0eba2c04", "POOLSTATUS": "Selling", "ET": "0", "INPLAY": "true", "ALLUP": "true", "Cur": "1"}, "hasExtraTimePools": false, "results": {}, "definedPools": ["HAD", "FHA", "CRS", "FCS", "FTS", "OOE", "TTG", "HFT", "HHA", "HDC", "HIL", "FHL", "CHL", "NTS"], "inplayPools": ["HAD", "FHA", "HIL", "CHL", "CRS", "FCS", "NTS"], "hfm": {"LEG1": "SAT 29", "LEG1ID": "cf1caaf2-6597-422a-8726-903340bcd74d", "LEG2": "SAT 30", "LEG2ID": "dc3ab085-279a-4551-9aba-094f1d0205c3", "LEG3": "SAT 35", "LEG3ID": "5ab43f0e-99ea-4767-84b4-0f39a9a66262", "LEG4": "SAT 36", "LEG4ID": "2791ce6f-60a1-4de7-a869-a91e0a9eaf1e", "LEG5": "SAT 37", "LEG5ID": "d5d628a7-f4d8-445d-9aea-d3487ce28a41", "LEG6": "SAT 38", "LEG6ID": "e1b83202-3841-4035-9fd3-ed2045fcb549", "ITEM": "1"}}, {"matchID": "5ab43f0e-99ea-4767-84b4-0f39a9a66262", "matchIDinofficial": "20220507SAT35", "matchNum": "35", "matchDate": "2022-05-07+08:00", "matchDay": "SAT", "coupon": {"couponID": "1", "couponShortName": "SAT", "couponNameCH": "\u5468\u516d\u8cfd\u4e8b", "couponNameEN": "Saturday Matches"}, "league": {"leagueID": "1", "leagueShortName": "EPL", "leagueNameCH": "\u82f1\u683c\u862d\u8d85\u7d1a\u806f\u8cfd", "leagueNameEN": "Eng Premier"}, "homeTeam": {"teamID": "7", "teamNameCH": "\u8eca\u8def\u58eb", "teamNameEN": "Chelsea"}, "awayTeam": {"teamID": "20", "teamNameCH": "\u72fc\u968a", "teamNameEN": "Wolves"}, "matchStatus": "Closed", "matchTime": "2022-05-07T22:00:00+08:00", "statuslastupdated": "2022-05-07T22:00:13+08:00", "inplaydelay": "true", "channel": [{"order": 1, "channelID": "621", "channelNameCH": "NOW 621\u53f0", "channelNameEN": "NOW 621"}], "liveEvent": {"ilcLiveDisplay": true, "hasLiveInfo": true, "isIncomplete": false, "matchIDbetradar": "27751760", "matchstate": "FirstHalf", "stateTS": "2022-05-07T22:00:13+08:00", "liveevent": []}, "accumulatedscore": [{"periodvalue": "FirstHalf", "periodstatus": "Started", "home": "", "away": ""}], "livescore": {"home": "0", "away": "0"}, "cornerresult": "0", "hasWebTV": false, "hasOdds": false, "chlodds": {"LINELIST": [{"LINENUM": "1", "MAINLINE": "true", "LINESTATUS": "1", "LINEORDER": "1", "LINE": "9.5/9.5", "L": "100@1.86", "H": "100@1.84"}, {"LINENUM": "2", "MAINLINE": "false", "LINESTATUS": "1", "LINEORDER": "2", "LINE": "10.5/10.5", "H": "100@2.33", "L": "100@1.53"}], "ID": "8f125715-c246-4d41-840b-cb72ef943b47", "POOLSTATUS": "Selling", "ET": "0", "INPLAY": "true", "ALLUP": "true", "Cur": "1"}, "hasExtraTimePools": false, "results": {}, "definedPools": ["HAD", "FHA", "CRS", "FCS", "FTS", "OOE", "TTG", "HFT", "HHA", "HDC", "HIL", "FHL", "CHL", "NTS"], "inplayPools": ["HAD", "FHA", "HIL", "CHL", "CRS", "FCS", "NTS"], "dhc": {"LEG1": "SAT 35", "LEG1ID": "5ab43f0e-99ea-4767-84b4-0f39a9a66262", "LEG2": "SAT 36", "LEG2ID": "2791ce6f-60a1-4de7-a869-a91e0a9eaf1e", "ITEM": "1"}, "hfm": {"LEG1": "SAT 29", "LEG1ID": "cf1caaf2-6597-422a-8726-903340bcd74d", "LEG2": "SAT 30", "LEG2ID": "dc3ab085-279a-4551-9aba-094f1d0205c3", "LEG3": "SAT 35", "LEG3ID": "5ab43f0e-99ea-4767-84b4-0f39a9a66262", "LEG4": "SAT 36", "LEG4ID": "2791ce6f-60a1-4de7-a869-a91e0a9eaf1e", "LEG5": "SAT 37", "LEG5ID": "d5d628a7-f4d8-445d-9aea-d3487ce28a41", "LEG6": "SAT 38", "LEG6ID": "e1b83202-3841-4035-9fd3-ed2045fcb549", "ITEM": "1"}}, {"matchID": "2791ce6f-60a1-4de7-a869-a91e0a9eaf1e", "matchIDinofficial": "20220507SAT36", "matchNum": "36", "matchDate": "2022-05-07+08:00", "matchDay": "SAT", "coupon": {"couponID": "1", "couponShortName": "SAT", "couponNameCH": "\u5468\u516d\u8cfd\u4e8b", "couponNameEN": "Saturday Matches"}, "league": {"leagueID": "1", "leagueShortName": "EPL", "leagueNameCH": "\u82f1\u683c\u862d\u8d85\u7d1a\u806f\u8cfd", "leagueNameEN": "Eng Premier"}, "homeTeam": {"teamID": "521", "teamNameCH": "\u8cd3\u798f\u7279", "teamNameEN": "Brentford"}, "awayTeam": {"teamID": "18", "teamNameCH": "\u4fee\u54b8\u9813", "teamNameEN": "Southampton"}, "matchStatus": "Closed", "matchTime": "2022-05-07T22:00:00+08:00", "statuslastupdated": "2022-05-07T22:00:44+08:00", "inplaydelay": "true", "channel": [{"order": 1, "channelID": "96", "channelNameCH": "Viu TV 96\u53f0", "channelNameEN": "Viu TV 96"}, {"order": 2, "channelID": "622", "channelNameCH": "NOW 622\u53f0", "channelNameEN": "NOW 622"}], "liveEvent": {"ilcLiveDisplay": true, "hasLiveInfo": true, "isIncomplete": false, "matchIDbetradar": "27751754", "matchstate": "FirstHalf", "stateTS": "2022-05-07T22:00:44+08:00", "liveevent": []}, "accumulatedscore": [{"periodvalue": "FirstHalf", "periodstatus": "Started", "home": "", "away": ""}], "livescore": {"home": "0", "away": "0"}, "cornerresult": "0", "hasWebTV": false, "hasOdds": false, "chlodds": {"LINELIST": [{"LINENUM": "1", "MAINLINE": "true", "LINESTATUS": "1", "LINEORDER": "1", "LINE": "10.5/10.5", "H": "100@2.00", "L": "100@1.72"}, {"LINENUM": "2", "MAINLINE": "false", "LINESTATUS": "1", "LINEORDER": "2", "LINE": "11.5/11.5", "H": "100@2.55", "L": "100@1.45"}], "ID": "3cbff5aa-cb3f-4d3f-afd1-0ad9ec67612d", "POOLSTATUS": "Selling", "ET": "0", "INPLAY": "true", "ALLUP": "true", "Cur": "1"}, "hasExtraTimePools": false, "results": {}, "definedPools": ["HAD", "FHA", "CRS", "FCS", "FTS", "OOE", "TTG", "HFT", "HHA", "HDC", "HIL", "FHL", "CHL", "NTS"], "inplayPools": ["HAD", "FHA", "HIL", "CHL", "CRS", "FCS", "NTS"], "dhc": {"LEG1": "SAT 35", "LEG1ID": "5ab43f0e-99ea-4767-84b4-0f39a9a66262", "LEG2": "SAT 36", "LEG2ID": "2791ce6f-60a1-4de7-a869-a91e0a9eaf1e", "ITEM": "1"}, "hfm": {"LEG1": "SAT 29", "LEG1ID": "cf1caaf2-6597-422a-8726-903340bcd74d", "LEG2": "SAT 30", "LEG2ID": "dc3ab085-279a-4551-9aba-094f1d0205c3", "LEG3": "SAT 35", "LEG3ID": "5ab43f0e-99ea-4767-84b4-0f39a9a66262", "LEG4": "SAT 36", "LEG4ID": "2791ce6f-60a1-4de7-a869-a91e0a9eaf1e", "LEG5": "SAT 37", "LEG5ID": "d5d628a7-f4d8-445d-9aea-d3487ce28a41", "LEG6": "SAT 38", "LEG6ID": "e1b83202-3841-4035-9fd3-ed2045fcb549", "ITEM": "1"}}, {"matchID": "e1b83202-3841-4035-9fd3-ed2045fcb549", "matchIDinofficial": "20220507SAT38", "matchNum": "38", "matchDate": "2022-05-07+08:00", "matchDay": "SAT", "coupon": {"couponID": "1", "couponShortName": "SAT", "couponNameCH": "\u5468\u516d\u8cfd\u4e8b", "couponNameEN": "Saturday Matches"}, "league": {"leagueID": "1", "leagueShortName": "EPL", "leagueNameCH": "\u82f1\u683c\u862d\u8d85\u7d1a\u806f\u8cfd", "leagueNameEN": "Eng Premier"}, "homeTeam": {"teamID": "193", "teamNameCH": "\u822c\u5c3c", "teamNameEN": "Burnley"}, "awayTeam": {"teamID": "2", "teamNameCH": "\u963f\u58eb\u6771\u7dad\u62c9", "teamNameEN": "Aston Villa"}, "matchStatus": "Closed", "matchTime": "2022-05-07T22:00:00+08:00", "statuslastupdated": "2022-05-07T22:00:28+08:00", "inplaydelay": "true", "channel": [{"order": 1, "channelID": "624", "channelNameCH": "NOW 624\u53f0", "channelNameEN": "NOW 624"}], "liveEvent": {"ilcLiveDisplay": true, "hasLiveInfo": true, "isIncomplete": false, "matchIDbetradar": "27751758", "matchstate": "FirstHalf", "stateTS": "2022-05-07T22:00:28+08:00", "liveevent": []}, "accumulatedscore": [{"periodvalue": "FirstHalf", "periodstatus": "Started", "home": "", "away": ""}], "livescore": {"home": "0", "away": "0"}, "cornerresult": "-1", "hasWebTV": false, "hasOdds": false, "chlodds": {"LINELIST": [{"LINENUM": "2", "MAINLINE": "false", "LINESTATUS": "1", "LINEORDER": "2", "LINE": "12.5/12.5", "H": "100@2.58", "L": "100@1.44"}, {"LINENUM": "1", "MAINLINE": "true", "LINESTATUS": "1", "LINEORDER": "1", "LINE": "11.5/11.5", "H": "100@2.00", "L": "100@1.72"}], "ID": "2bb1bb37-0706-4d17-af82-b66e8dea44ff", "POOLSTATUS": "NotSelling", "ET": "0", "INPLAY": "true", "ALLUP": "true", "Cur": "1"}, "hasExtraTimePools": false, "results": {}, "definedPools": ["HAD", "FHA", "CRS", "FCS", "FTS", "OOE", "TTG", "HFT", "HHA", "HDC", "HIL", "FHL", "CHL", "NTS"], "inplayPools": ["HAD", "FHA", "HIL", "CHL", "CRS", "FCS", "NTS"], "hfm": {"LEG1": "SAT 29", "LEG1ID": "cf1caaf2-6597-422a-8726-903340bcd74d", "LEG2": "SAT 30", "LEG2ID": "dc3ab085-279a-4551-9aba-094f1d0205c3", "LEG3": "SAT 35", "LEG3ID": "5ab43f0e-99ea-4767-84b4-0f39a9a66262", "LEG4": "SAT 36", "LEG4ID": "2791ce6f-60a1-4de7-a869-a91e0a9eaf1e", "LEG5": "SAT 37", "LEG5ID": "d5d628a7-f4d8-445d-9aea-d3487ce28a41", "LEG6": "SAT 38", "LEG6ID": "e1b83202-3841-4035-9fd3-ed2045fcb549", "ITEM": "1"}}]