[{"matchID": "18f2dc56-cd92-4ab6-8f87-e17e77cb2410", "matchIDinofficial": "20220428THU10", "matchNum": "10", "matchDate": "2022-04-28+08:00", "matchDay": "THU", "coupon": {"couponID": "6", "couponShortName": "THU", "couponNameCH": "\u5468\u56db\u8cfd\u4e8b", "couponNameEN": "Thursday Matches"}, "league": {"leagueID": "156", "leagueShortName": "UEF", "leagueNameCH": "\u6b50\u6d32\u5354\u6703\u806f\u8cfd", "leagueNameEN": "UE Conference"}, "homeTeam": {"teamID": "11", "teamNameCH": "\u674e\u65af\u7279\u57ce", "teamNameEN": "Leicester"}, "awayTeam": {"teamID": "53", "teamNameCH": "\u7f85\u99ac", "teamNameEN": "Roma"}, "matchStatus": "ResultIn", "matchTime": "2022-04-29T03:00:00+08:00", "statuslastupdated": "2022-04-29T04:48:09+08:00", "inplaydelay": "true", "channel": [{"order": 1, "channelID": "645", "channelNameCH": "NOW 645\u53f0", "channelNameEN": "NOW 645"}], "liveEvent": {"ilcLiveDisplay": true, "hasLiveInfo": true, "isIncomplete": false, "matchIDbetradar": "33195135", "matchstate": "SecondHalf", "stateTS": "2022-04-29T04:02:27+08:00", "liveevent": [{"order": 1, "minutesElasped": "8", "actionType": "YellowCard", "playerNameCH": "\u8b5a\u7f8e\u963f\u5df4\u8b19", "playerNameEN": "Tammy Abraham", "homeaway": "Away"}, {"order": 2, "minutesElasped": "15", "actionType": "Regular", "playerNameCH": "\u7f85\u502b\u7d20\u67cf\u6b77\u5805\u5c3c", "playerNameEN": "Lorenzo Pellegrini", "homeaway": "Away"}, {"order": 3, "minutesElasped": "26", "actionType": "YellowCard", "playerNameCH": "\u9054\u65af\u8c9d\u5229\u8cc0\u723e", "playerNameEN": "Kiernan Dewsbury Hall", "homeaway": "Home"}, {"order": 4, "minutesElasped": "59", "actionType": "YellowCard", "playerNameCH": "\u5360\u7f8e\u83ef\u8fea", "playerNameEN": "Jamie Vardy", "homeaway": "Home"}, {"order": 5, "minutesElasped": "63", "actionType": "YellowCard", "playerNameCH": "\u5c3c\u9ad8\u8def\u8f9b\u5c3c\u5967\u8def", "playerNameEN": "Nicolo Zaniolo", "homeaway": "Away"}, {"order": 6, "minutesElasped": "67", "actionType": "OwnGoal", "playerNameCH": "\u57fa\u5b89\u76e7\u5361\u6587\u4ed9\u5c3c", "playerNameEN": "Gianluca Mancini", "homeaway": "Home"}]}, "accumulatedscore": [{"periodvalue": "FirstHalf", "periodstatus": "ResultFinal", "home": "0", "away": "1"}, {"periodvalue": "SecondHalf", "periodstatus": "Interim", "home": "1", "away": "1"}], "livescore": {"home": "1", "away": "1"}, "cornerresult": "-1", "hasWebTV": false, "hasOdds": false, "chlodds": {"LINELIST": [{"LINENUM": "1", "MAINLINE": "true", "LINESTATUS": "1", "LINEORDER": "1", "LINE": "13.5/13.5", "H": "100@3.55", "L": "100@1.24"}], "ID": "d03573dc-49b2-4eab-bae0-5f4267791b18", "POOLSTATUS": "FinalStopSell", "ET": "0", "INPLAY": "true", "ALLUP": "true", "Cur": "1"}, "hasExtraTimePools": false, "results": {}, "definedPools": ["HAD", "FHA", "CRS", "FCS", "FTS", "OOE", "TTG", "HFT", "HHA", "HDC", "HIL", "FHL", "CHL", "NTS"], "inplayPools": ["HAD", "FHA", "HIL", "CHL", "CRS", "FCS", "NTS"]}]