[{"matchID": "d8506bb9-17ea-4140-a8da-fe10d21a2a02", "matchIDinofficial": "20220424SUN43", "matchNum": "43", "matchDate": "2022-04-24+08:00", "matchDay": "SUN", "coupon": {"couponID": "2", "couponShortName": "SUN", "couponNameCH": "\u5468\u65e5\u8cfd\u4e8b", "couponNameEN": "Sunday Matches"}, "league": {"leagueID": "14", "leagueShortName": "FFL", "leagueNameCH": "\u6cd5\u570b\u7532\u7d44\u806f\u8cfd", "leagueNameEN": "French Division 1"}, "homeTeam": {"teamID": "213", "teamNameCH": "\u91cc\u723e", "teamNameEN": "Lille"}, "awayTeam": {"teamID": "221", "teamNameCH": "\u65af\u7279\u62c9\u65af\u5821", "teamNameEN": "Strasbourg"}, "matchStatus": "ResultIn", "matchTime": "2022-04-24T23:05:00+08:00", "statuslastupdated": "2022-04-25T00:36:35+08:00", "inplaydelay": "true", "channel": [{"order": 1, "channelID": "639", "channelNameCH": "NOW 639 \u53f0", "channelNameEN": "NOW 639"}], "liveEvent": {"ilcLiveDisplay": true, "hasLiveInfo": true, "isIncomplete": false, "matchIDbetradar": "27885348", "matchstate": "SecondHalf", "stateTS": "2022-04-25T00:05:20+08:00", "liveevent": [{"order": 1, "minutesElasped": "36", "actionType": "YellowCard", "playerNameCH": "\u53e4\u5fb7\u8499\u68ee", "playerNameEN": "Gabriel Gudmundsson", "homeaway": "Home"}, {"order": 2, "minutesElasped": "40", "actionType": "YellowCard", "playerNameCH": "\u76e7\u5361\u65af\u4f69\u9023", "playerNameEN": "Lucas Perrin", "homeaway": "Away"}, {"order": 3, "minutesElasped": "60", "actionType": "YellowCard", "playerNameCH": "\u4fdd\u6cbb\u6587", "playerNameEN": "Sven Botman", "homeaway": "Home"}, {"order": 4, "minutesElasped": "70", "actionType": "YellowCard", "playerNameCH": "\u53e4\u723e\u62d4", "playerNameEN": "Frederic Guilbert", "homeaway": "Away"}, {"order": 5, "minutesElasped": "71", "actionType": "YellowCard", "playerNameCH": "\u7a4d\u53e4", "playerNameEN": "Alexander Djiku", "homeaway": "Away"}]}, "accumulatedscore": [{"periodvalue": "FirstHalf", "periodstatus": "ResultFinal", "home": "0", "away": "0"}, {"periodvalue": "SecondHalf", "periodstatus": "Interim", "home": "", "away": ""}], "livescore": {"home": "0", "away": "0"}, "cornerresult": "7", "hasWebTV": false, "hasOdds": false, "chlodds": {"LINELIST": [{"LINENUM": "2", "MAINLINE": "false", "LINESTATUS": "1", "LINEORDER": "2", "LINE": "9.5/9.5", "H": "100@3.70", "L": "100@1.22"}, {"LINENUM": "1", "MAINLINE": "true", "LINESTATUS": "1", "LINEORDER": "1", "LINE": "8.5/8.5", "L": "100@1.85", "H": "100@1.85"}], "ID": "e1ace5b6-b2ef-4f98-82b5-2e3f6d5d1f8d", "POOLSTATUS": "Selling", "ET": "0", "INPLAY": "true", "ALLUP": "true", "Cur": "1"}, "hasExtraTimePools": false, "results": {}, "definedPools": ["HAD", "FHA", "CRS", "FCS", "FTS", "OOE", "TTG", "HFT", "HHA", "HDC", "HIL", "FHL", "CHL", "NTS"], "inplayPools": ["HAD", "FHA", "HIL", "CHL", "CRS", "FCS", "NTS"]}, {"matchID": "5f840381-a5b0-485d-9671-e58416ead62b", "matchIDinofficial": "20220424SUN44", "matchNum": "44", "matchDate": "2022-04-24+08:00", "matchDay": "SUN", "coupon": {"couponID": "2", "couponShortName": "SUN", "couponNameCH": "\u5468\u65e5\u8cfd\u4e8b", "couponNameEN": "Sunday Matches"}, "league": {"leagueID": "1", "leagueShortName": "EPL", "leagueNameCH": "\u82f1\u683c\u862d\u8d85\u7d1a\u806f\u8cfd", "leagueNameEN": "Eng Premier"}, "homeTeam": {"teamID": "12", "teamNameCH": "\u5229\u7269\u6d66", "teamNameEN": "Liverpool"}, "awayTeam": {"teamID": "8", "teamNameCH": "\u611b\u83ef\u9813", "teamNameEN": "Everton"}, "matchStatus": "ResultIn", "matchTime": "2022-04-24T23:30:00+08:00", "statuslastupdated": "2022-04-25T00:36:51+08:00", "inplaydelay": "true", "channel": [{"order": 1, "channelID": "621", "channelNameCH": "NOW 621\u53f0", "channelNameEN": "NOW 621"}, {"order": 2, "channelID": "611", "channelNameCH": "NOW 611\u53f0", "channelNameEN": "NOW 611"}], "liveEvent": {"ilcLiveDisplay": true, "hasLiveInfo": true, "isIncomplete": false, "matchIDbetradar": "27751726", "matchstate": "SecondHalf", "stateTS": "2022-04-25T00:34:59+08:00", "liveevent": [{"order": 1, "minutesElasped": "25", "actionType": "YellowCard", "playerNameCH": "\u5b89\u6771\u5c3c\u54e5\u9813", "playerNameEN": "Anthony Gordon", "homeaway": "Away"}, {"order": 2, "minutesElasped": "45", "actionType": "YellowCard", "playerNameCH": "\u675c\u54e5\u5229", "playerNameEN": "Abdoulaye Doucoure", "homeaway": "Away"}, {"order": 3, "minutesElasped": "45", "actionType": "YellowCard", "playerNameCH": "\u6c99\u8fea\u5967\u6587\u5c3c", "playerNameEN": "Sadio Mane", "homeaway": "Home"}]}, "accumulatedscore": [{"periodvalue": "FirstHalf", "periodstatus": "ResultFinal", "home": "0", "away": "0"}, {"periodvalue": "SecondHalf", "periodstatus": "Interim", "home": "", "away": ""}], "livescore": {"home": "0", "away": "0"}, "cornerresult": "5", "hasWebTV": false, "hasOdds": false, "chlodds": {"LINELIST": [{"LINENUM": "1", "MAINLINE": "true", "LINESTATUS": "1", "LINEORDER": "1", "LINE": "10.5/10.5", "L": "100@1.65", "H": "100@2.10"}, {"LINENUM": "2", "MAINLINE": "false", "LINESTATUS": "1", "LINEORDER": "2", "LINE": "11.5/11.5", "H": "100@3.10", "L": "100@1.31"}], "ID": "a9d63055-7a28-4796-84da-b77e4c7f202a", "POOLSTATUS": "Selling", "ET": "0", "INPLAY": "true", "ALLUP": "true", "Cur": "1"}, "hasExtraTimePools": false, "results": {}, "definedPools": ["HAD", "FHA", "CRS", "FCS", "FTS", "OOE", "TTG", "HFT", "HHA", "HDC", "HIL", "FHL", "CHL", "NTS"], "inplayPools": ["HAD", "FHA", "HIL", "CHL", "CRS", "FCS", "NTS"]}, {"matchID": "3858420b-d34a-4c38-857c-27b4a69eac0f", "matchIDinofficial": "20220424SUN56", "matchNum": "56", "matchDate": "2022-04-24+08:00", "matchDay": "SUN", "coupon": {"couponID": "2", "couponShortName": "SUN", "couponNameCH": "\u5468\u65e5\u8cfd\u4e8b", "couponNameEN": "Sunday Matches"}, "league": {"leagueID": "122", "leagueShortName": "RPL", "leagueNameCH": "\u4fc4\u7f85\u65af\u8d85\u7d1a\u806f\u8cfd", "leagueNameEN": "Russian Premier"}, "homeTeam": {"teamID": "380", "teamNameCH": "\u83ab\u65af\u79d1\u4e2d\u592e\u9678\u8ecd", "teamNameEN": "CSKA Moscow"}, "awayTeam": {"teamID": "1291", "teamNameCH": "\u83ab\u65af\u79d1\u6234\u62ff\u6a21", "teamNameEN": "Dinamo Moscow"}, "matchStatus": "Closed", "matchTime": "2022-04-25T00:30:00+08:00", "statuslastupdated": "2022-04-25T00:31:34+08:00", "inplaydelay": "true", "channel": [{"order": 1, "channelID": "C661", "channelNameCH": "\u6709\u7dda661\u53f0", "channelNameEN": "i-CABLE 661"}, {"order": 2, "channelID": "C601", "channelNameCH": "\u6709\u7dda601\u53f0", "channelNameEN": "i-CABLE 601"}], "liveEvent": {"ilcLiveDisplay": true, "hasLiveInfo": true, "isIncomplete": false, "matchIDbetradar": "27752664", "matchstate": "FirstHalf", "stateTS": "2022-04-25T00:31:34+08:00", "liveevent": []}, "accumulatedscore": [{"periodvalue": "FirstHalf", "periodstatus": "Started", "home": "", "away": ""}], "livescore": {"home": "0", "away": "0"}, "cornerresult": "0", "hasWebTV": false, "hasOdds": false, "chlodds": {"LINELIST": [{"LINENUM": "1", "MAINLINE": "true", "LINESTATUS": "1", "LINEORDER": "1", "LINE": "8.5/8.5", "L": "100@1.76", "H": "100@1.94"}, {"LINENUM": "2", "MAINLINE": "false", "LINESTATUS": "1", "LINEORDER": "2", "LINE": "9.5/9.5", "L": "100@1.50", "H": "100@2.40"}], "ID": "f593f505-e2fa-492a-87c6-e728c50b76c9", "POOLSTATUS": "Selling", "ET": "0", "INPLAY": "true", "ALLUP": "true", "Cur": "1"}, "hasExtraTimePools": false, "results": {}, "definedPools": ["HAD", "FHA", "CRS", "FCS", "FTS", "OOE", "TTG", "HFT", "HHA", "HDC", "HIL", "FHL", "CHL", "NTS"], "inplayPools": ["HAD", "FHA", "HIL", "CHL", "CRS", "FCS", "NTS"]}]