[{"matchID": "e6f1a96c-0780-477f-b61d-9cb6b28fe10d", "matchIDinofficial": "20220430SAT115", "matchNum": "115", "matchDate": "2022-04-30+08:00", "matchDay": "SAT", "coupon": {"couponID": "1", "couponShortName": "SAT", "couponNameCH": "\u5468\u516d\u8cfd\u4e8b", "couponNameEN": "Saturday Matches"}, "league": {"leagueID": "79", "leagueShortName": "MLS", "leagueNameCH": "\u7f8e\u570b\u8077\u696d\u806f\u8cfd", "leagueNameEN": "US Football League"}, "homeTeam": {"teamID": "916", "teamNameCH": "\u829d\u52a0\u54e5\u706b\u71c4", "teamNameEN": "Chicago Fire"}, "awayTeam": {"teamID": "926", "teamNameCH": "\u7d10\u7d04\u7d05\u725b", "teamNameEN": "New York Red Bulls"}, "matchStatus": "ResultIn", "matchTime": "2022-05-01T08:00:00+08:00", "statuslastupdated": "2022-05-01T10:49:02+08:00", "inplaydelay": "true", "channel": [{"order": 1, "channelID": "BSC", "channelNameCH": "beIN SPORTS CONNECT", "channelNameEN": "beIN SPORTS CONNECT"}, {"order": 2, "channelID": "638", "channelNameCH": "NOW 638\u53f0", "channelNameEN": "NOW 638"}], "liveEvent": {"ilcLiveDisplay": true, "hasLiveInfo": true, "isIncomplete": true, "matchIDbetradar": "31095573", "matchstate": "SecondHalf", "stateTS": "2022-05-01T10:32:16+08:00", "liveevent": [{"order": 1, "minutesElasped": "15", "actionType": "YellowCard", "playerNameCH": "\u827e\u6b8a\u5229\u8cbb\u67e5", "playerNameEN": "Ashley Fletcher", "homeaway": "Away"}, {"order": 2, "minutesElasped": "17", "actionType": "Penalty", "playerNameCH": "\u68b3\u9813\u6c99\u57fa\u5229", "playerNameEN": "Xherdan Shaqiri", "homeaway": "Home"}, {"order": 3, "minutesElasped": "27", "actionType": "YellowCard", "playerNameCH": "\u7d04\u7ff0\u675c\u723e\u5805", "playerNameEN": "John Tolkin", "homeaway": "Away"}, {"order": 4, "minutesElasped": "37", "actionType": "YellowCard", "playerNameCH": "\u859b\u7956\u65af", "playerNameEN": "Rafael Czichos", "homeaway": "Home"}, {"order": 5, "minutesElasped": "45", "actionType": "YellowCard", "playerNameCH": "\u7c73\u57fa\u723e\u62ff\u83ef\u8def", "playerNameEN": "Miguel Navarro", "homeaway": "Home"}]}, "accumulatedscore": [{"periodvalue": "FirstHalf", "periodstatus": "ResultFinal", "home": "1", "away": "0"}, {"periodvalue": "SecondHalf", "periodstatus": "Interim", "home": "", "away": ""}], "livescore": {"home": "1", "away": "0"}, "cornerresult": "8", "hasWebTV": false, "hasOdds": false, "chlodds": {"LINELIST": [{"LINENUM": "1", "MAINLINE": "true", "LINESTATUS": "1", "LINEORDER": "1", "LINE": "11.5/11.5", "L": "100@1.55", "H": "100@2.29"}, {"LINENUM": "2", "MAINLINE": "false", "LINESTATUS": "1", "LINEORDER": "2", "LINE": "12.5/12.5", "H": "100@3.45", "L": "100@1.25"}], "ID": "d0586785-5e11-4a0c-a012-f220385900c3", "POOLSTATUS": "Selling", "ET": "0", "INPLAY": "true", "ALLUP": "true", "Cur": "1"}, "hasExtraTimePools": false, "results": {}, "definedPools": ["HAD", "FHA", "CRS", "FCS", "FTS", "OOE", "TTG", "HFT", "HHA", "HDC", "HIL", "FHL", "CHL", "NTS"], "inplayPools": ["HAD", "FHA", "HIL", "CHL", "CRS", "FCS", "NTS"]}, {"matchID": "89c13101-8101-4b4f-a054-5355b37952cc", "matchIDinofficial": "20220430SAT122", "matchNum": "122", "matchDate": "2022-04-30+08:00", "matchDay": "SAT", "coupon": {"couponID": "1", "couponShortName": "SAT", "couponNameCH": "\u5468\u516d\u8cfd\u4e8b", "couponNameEN": "Saturday Matches"}, "league": {"leagueID": "124", "leagueShortName": "MXL", "leagueNameCH": "\u58a8\u897f\u54e5\u8d85\u7d1a\u806f\u8cfd", "leagueNameEN": "Mexican Premier"}, "homeTeam": {"teamID": "875", "teamNameCH": "CF \u963f\u7f8e\u5229\u52a0", "teamNameEN": "CF America"}, "awayTeam": {"teamID": "1779", "teamNameCH": "\u85cd\u5341\u5b57", "teamNameEN": "Cruz Azul"}, "matchStatus": "Closed", "matchTime": "2022-05-01T10:00:00+08:00", "statuslastupdated": "2022-05-01T10:06:35+08:00", "inplaydelay": "true", "liveEvent": {"ilcLiveDisplay": true, "hasLiveInfo": true, "isIncomplete": false, "matchIDbetradar": "31019117", "matchstate": "FirstHalf", "stateTS": "2022-05-01T10:06:35+08:00", "liveevent": [{"order": 1, "minutesElasped": "10", "actionType": "YellowCard", "playerNameCH": "\u67cf\u5ea6\u963f\u57fa\u8def", "playerNameEN": "Pedro Aquino", "homeaway": "Home"}, {"order": 2, "minutesElasped": "33", "actionType": "YellowCard", "playerNameCH": "\u7956\u5b89\u827e\u65af\u9ad8\u5df4", "playerNameEN": "Juan Escobar", "homeaway": "Away"}, {"order": 3, "minutesElasped": "33", "actionType": "YellowCard", "playerNameCH": "\u4f0a\u4e07\u83ab\u62c9\u840a\u65af", "playerNameEN": "Ivan Morales", "homeaway": "Away"}, {"order": 4, "minutesElasped": "34", "actionType": "YellowCard", "playerNameCH": "\u674e\u5bdf\u5c71\u9f4a\u58eb", "playerNameEN": "Richard Sanchez", "homeaway": "Home"}, {"order": 5, "minutesElasped": "41", "actionType": "YellowCard", "playerNameCH": "\u827e\u83ef\u8def\u8cbb\u5ea6\u9ad8", "playerNameEN": "Alvaro Fidalgo", "homeaway": "Home"}]}, "accumulatedscore": [{"periodvalue": "FirstHalf", "periodstatus": "Started", "home": "", "away": ""}], "livescore": {"home": "0", "away": "0"}, "cornerresult": "1", "hasWebTV": false, "hasOdds": false, "chlodds": {"LINELIST": [{"LINENUM": "1", "MAINLINE": "true", "LINESTATUS": "1", "LINEORDER": "1", "LINE": "5.5/5.5", "H": "100@1.66", "L": "100@2.08"}, {"LINENUM": "2", "MAINLINE": "false", "LINESTATUS": "1", "LINEORDER": "2", "LINE": "6.5/6.5", "L": "100@1.52", "H": "100@2.35"}], "ID": "50ee54e2-49aa-4e19-a612-d920d0ea3f33", "POOLSTATUS": "Selling", "ET": "0", "INPLAY": "true", "ALLUP": "true", "Cur": "1"}, "hasExtraTimePools": false, "results": {}, "definedPools": ["HAD", "FHA", "CRS", "FCS", "FTS", "OOE", "TTG", "HFT", "HHA", "HDC", "HIL", "FHL", "CHL", "NTS"], "inplayPools": ["HAD", "FHA", "HIL", "CHL", "CRS", "FCS", "NTS"]}]