[{"matchID": "f6ecb70a-74f0-4676-9e1b-585401377d92", "matchIDinofficial": "20220427WED23", "matchNum": "23", "matchDate": "2022-04-27+08:00", "matchDay": "WED", "coupon": {"couponID": "5", "couponShortName": "WED", "couponNameCH": "\u5468\u4e09\u8cfd\u4e8b", "couponNameEN": "Wednesday Matches"}, "league": {"leagueID": "2", "leagueShortName": "ISA", "leagueNameCH": "\u610f\u5927\u5229\u7532\u7d44\u806f\u8cfd", "leagueNameEN": "Italian Division 1"}, "homeTeam": {"teamID": "342", "teamNameCH": "\u8cbb\u502b\u5929\u62ff", "teamNameEN": "Fiorentina"}, "awayTeam": {"teamID": "56", "teamNameCH": "\u70cf\u7538\u5c3c\u65af", "teamNameEN": "Udinese"}, "matchStatus": "ResultIn", "matchTime": "2022-04-28T00:00:00+08:00", "statuslastupdated": "2022-04-28T00:40:13+08:00", "inplaydelay": "true", "channel": [{"order": 1, "channelID": "638", "channelNameCH": "NOW 638\u53f0", "channelNameEN": "NOW 638"}], "liveEvent": {"ilcLiveDisplay": true, "hasLiveInfo": true, "isIncomplete": false, "matchIDbetradar": "32958241", "matchstate": "FirstHalf", "stateTS": "2022-04-28T00:02:54+08:00", "liveevent": [{"order": 1, "minutesElasped": "12", "actionType": "Regular", "playerNameCH": "\u67cf\u4fdd\u8def\u99ac\u5c3c", "playerNameEN": "Pablo Mari", "homeaway": "Away"}, {"order": 2, "minutesElasped": "16", "actionType": "YellowCard", "playerNameCH": "\u7d10\u6c40\u514b", "playerNameEN": "Bram Nuytinck", "homeaway": "Away"}, {"order": 3, "minutesElasped": "36", "actionType": "Regular", "playerNameCH": "\u8b1d\u62c9\u7279\u8fea\u9b6f\u8cbb", "playerNameEN": "Gerard Deulofeu", "homeaway": "Away"}]}, "accumulatedscore": [{"periodvalue": "FirstHalf", "periodstatus": "Interim", "home": "0", "away": "2"}], "livescore": {"home": "0", "away": "2"}, "cornerresult": "4", "hasWebTV": false, "hasOdds": false, "chlodds": {"LINELIST": [{"LINENUM": "1", "MAINLINE": "true", "LINESTATUS": "1", "LINEORDER": "1", "LINE": "9.5/9.5", "H": "100@1.63", "L": "100@2.13"}, {"LINENUM": "2", "MAINLINE": "false", "LINESTATUS": "1", "LINEORDER": "2", "LINE": "10.5/10.5", "L": "100@1.60", "H": "100@2.19"}], "ID": "82e19373-99bc-406d-9789-4eae8d780cf8", "POOLSTATUS": "Selling", "ET": "0", "INPLAY": "true", "ALLUP": "true", "Cur": "1"}, "hasExtraTimePools": false, "results": {}, "definedPools": ["HAD", "FHA", "CRS", "FCS", "FTS", "OOE", "TTG", "HFT", "HHA", "HDC", "HIL", "FHL", "CHL", "NTS"], "inplayPools": ["HAD", "FHA", "HIL", "CHL", "CRS", "FCS", "NTS"]}]