[{"matchID": "e9542d92-f5dc-4445-98ba-4b32e7107ba7", "matchIDinofficial": "20220502MON1", "matchNum": "1", "matchDate": "2022-05-02+08:00", "matchDay": "MON", "coupon": {"couponID": "3", "couponShortName": "MON", "couponNameCH": "\u5468\u4e00\u8cfd\u4e8b", "couponNameEN": "Monday Matches"}, "league": {"leagueID": "101", "leagueShortName": "ED3", "leagueNameCH": "\u82f1\u683c\u862d\u4e59\u7d44\u806f\u8cfd", "leagueNameEN": "Eng League 2"}, "homeTeam": {"teamID": "2643", "teamNameCH": "\u6c99\u798f\u7279\u57ce", "teamNameEN": "Salford City"}, "awayTeam": {"teamID": "271", "teamNameCH": "\u66fc\u65af\u83f2", "teamNameEN": "Mansfield"}, "matchStatus": "ResultIn", "matchTime": "2022-05-02T19:30:00+08:00", "statuslastupdated": "2022-05-02T19:46:30+08:00", "inplaydelay": "true", "channel": [{"order": 1, "channelID": "C662", "channelNameCH": "\u6709\u7dda662\u53f0", "channelNameEN": "i-CABLE 662"}, {"order": 2, "channelID": "C602", "channelNameCH": "\u6709\u7dda602\u53f0", "channelNameEN": "i-CABLE 602"}], "liveEvent": {"ilcLiveDisplay": true, "hasLiveInfo": true, "isIncomplete": true, "matchIDbetradar": "", "matchstate": "FirstHalf", "stateTS": "2022-05-02T19:30:57+08:00", "liveevent": [{"order": 1, "minutesElasped": "2", "actionType": "Regular", "playerNameCH": "\u6258\u6069\u5e03\u723e, \u55ac\u4e39", "playerNameEN": "Jordan Turnbull", "homeaway": "Home"}]}, "accumulatedscore": [{"periodvalue": "FirstHalf", "periodstatus": "Interim", "home": "1", "away": "1"}], "livescore": {"home": "1", "away": "1"}, "cornerresult": "0", "hasWebTV": false, "hasOdds": false, "chlodds": {"LINELIST": [{"LINENUM": "2", "MAINLINE": "false", "LINESTATUS": "1", "LINEORDER": "2", "LINE": "8.5/8.5", "L": "100@1.45", "H": "100@2.55"}, {"LINENUM": "1", "MAINLINE": "true", "LINESTATUS": "1", "LINEORDER": "1", "LINE": "7.5/7.5", "L": "100@1.80", "H": "100@1.90"}], "ID": "adc9f83e-4c98-4c68-9df3-b2b250e2e0df", "POOLSTATUS": "Selling", "ET": "0", "INPLAY": "true", "ALLUP": "true", "Cur": "1"}, "hasExtraTimePools": false, "results": {}, "definedPools": ["HAD", "FHA", "CRS", "FCS", "FTS", "OOE", "TTG", "HFT", "HHA", "HDC", "HIL", "FHL", "CHL", "NTS"], "inplayPools": ["HAD", "FHA", "HIL", "CHL", "CRS", "FCS", "NTS"]}]