[{"matchID": "1e5468bf-004a-4529-884f-5507f56de193", "matchIDinofficial": "20220427WED26", "matchNum": "26", "matchDate": "2022-04-27+08:00", "matchDay": "WED", "coupon": {"couponID": "5", "couponShortName": "WED", "couponNameCH": "\u5468\u4e09\u8cfd\u4e8b", "couponNameEN": "Wednesday Matches"}, "league": {"leagueID": "2", "leagueShortName": "ISA", "leagueNameCH": "\u610f\u5927\u5229\u7532\u7d44\u806f\u8cfd", "leagueNameEN": "Italian Division 1"}, "homeTeam": {"teamID": "41", "teamNameCH": "\u535a\u6d1b\u5c3c\u4e9e", "teamNameEN": "Bologna"}, "awayTeam": {"teamID": "45", "teamNameCH": "\u570b\u969b\u7c73\u862d", "teamNameEN": "Inter Milan"}, "matchStatus": "ResultIn", "matchTime": "2022-04-28T02:15:00+08:00", "statuslastupdated": "2022-04-28T04:07:58+08:00", "inplaydelay": "true", "channel": [{"order": 1, "channelID": "638", "channelNameCH": "NOW 638\u53f0", "channelNameEN": "NOW 638"}], "liveEvent": {"ilcLiveDisplay": true, "hasLiveInfo": true, "isIncomplete": false, "matchIDbetradar": "32958245", "matchstate": "SecondHalf", "stateTS": "2022-04-28T03:22:21+08:00", "liveevent": [{"order": 1, "minutesElasped": "3", "actionType": "Regular", "playerNameCH": "\u6bd4\u5217\u932b", "playerNameEN": "Ivan Perisic", "homeaway": "Away"}, {"order": 2, "minutesElasped": "28", "actionType": "Regular", "playerNameCH": "\u963f\u62ff\u5967\u675c\u57df", "playerNameEN": "Marko Arnautovic", "homeaway": "Home"}, {"order": 3, "minutesElasped": "55", "actionType": "YellowCard", "playerNameCH": "\u963f\u62ff\u5967\u675c\u57df", "playerNameEN": "Marko Arnautovic", "homeaway": "Home"}, {"order": 4, "minutesElasped": "56", "actionType": "YellowCard", "playerNameCH": "\u5c3c\u9ad8\u8def\u5df4\u5217\u62ff", "playerNameEN": "Nicolo Barella", "homeaway": "Away"}, {"order": 5, "minutesElasped": "70", "actionType": "YellowCard", "playerNameCH": "\u675c\u8cbb\u65af", "playerNameEN": "Denzel Dumfries", "homeaway": "Away"}, {"order": 6, "minutesElasped": "79", "actionType": "YellowCard", "playerNameCH": "\u67e5\u6f22\u5974\u53e4", "playerNameEN": "Hakan Calhanoglu", "homeaway": "Away"}, {"order": 7, "minutesElasped": "81", "actionType": "Regular", "playerNameCH": "\u5c3c\u9ad8\u62ff\u8f9b\u6851\u5c3c", "playerNameEN": "Nicola Sansone", "homeaway": "Home"}]}, "accumulatedscore": [{"periodvalue": "FirstHalf", "periodstatus": "ResultFinal", "home": "1", "away": "1"}, {"periodvalue": "SecondHalf", "periodstatus": "Interim", "home": "2", "away": "1"}], "livescore": {"home": "2", "away": "1"}, "cornerresult": "-1", "hasWebTV": false, "hasOdds": false, "chlodds": {"LINELIST": [{"LINENUM": "1", "MAINLINE": "true", "LINESTATUS": "1", "LINEORDER": "1", "LINE": "8.5/8.5", "H": "100@4.15", "L": "100@1.18"}], "ID": "a7f7e571-2db1-47d9-83e1-5485df925584", "POOLSTATUS": "FinalStopSell", "ET": "0", "INPLAY": "true", "ALLUP": "true", "Cur": "1"}, "hasExtraTimePools": false, "results": {}, "definedPools": ["HAD", "FHA", "CRS", "FCS", "FTS", "OOE", "TTG", "HFT", "HHA", "HDC", "HIL", "FHL", "CHL", "NTS"], "inplayPools": ["HAD", "FHA", "HIL", "CHL", "CRS", "FCS", "NTS"], "dhc": {"LEG1": "WED 26", "LEG1ID": "1e5468bf-004a-4529-884f-5507f56de193", "LEG2": "WED 29", "LEG2ID": "24b44221-0ac3-4f8d-a8ec-51e17ca53597", "ITEM": "1"}}, {"matchID": "24b44221-0ac3-4f8d-a8ec-51e17ca53597", "matchIDinofficial": "20220427WED29", "matchNum": "29", "matchDate": "2022-04-27+08:00", "matchDay": "WED", "coupon": {"couponID": "5", "couponShortName": "WED", "couponNameCH": "\u5468\u4e09\u8cfd\u4e8b", "couponNameEN": "Wednesday Matches"}, "league": {"leagueID": "6", "leagueShortName": "UCL", "leagueNameCH": "\u6b50\u6d32\u806f\u8cfd\u51a0\u8ecd\u76c3", "leagueNameEN": "UE Champions"}, "homeTeam": {"teamID": "12", "teamNameCH": "\u5229\u7269\u6d66", "teamNameEN": "Liverpool"}, "awayTeam": {"teamID": "75", "teamNameCH": "\u7dad\u62c9\u5229\u723e", "teamNameEN": "Villarreal"}, "matchStatus": "ResultIn", "matchTime": "2022-04-28T03:00:00+08:00", "statuslastupdated": "2022-04-28T04:06:58+08:00", "inplaydelay": "true", "channel": [{"order": 1, "channelID": "643", "channelNameCH": "NOW 643\u53f0", "channelNameEN": "NOW 643"}], "liveEvent": {"ilcLiveDisplay": true, "hasLiveInfo": true, "isIncomplete": false, "matchIDbetradar": "33181713", "matchstate": "SecondHalf", "stateTS": "2022-04-28T04:02:10+08:00", "liveevent": [{"order": 1, "minutesElasped": "32", "actionType": "YellowCard", "playerNameCH": "\u83ef\u57fa\u723e\u96f2\u8fea\u7a4d\u514b", "playerNameEN": "Virgil van Dijk", "homeaway": "Home"}, {"order": 2, "minutesElasped": "47", "actionType": "YellowCard", "playerNameCH": "\u4f69\u83ef\u65af\u827e\u65af\u5ea6\u6bd4\u502b", "playerNameEN": "Pervis Estupinan", "homeaway": "Away"}]}, "accumulatedscore": [{"periodvalue": "FirstHalf", "periodstatus": "ResultFinal", "home": "0", "away": "0"}, {"periodvalue": "SecondHalf", "periodstatus": "Interim", "home": "", "away": ""}], "livescore": {"home": "0", "away": "0"}, "cornerresult": "8", "hasWebTV": false, "hasOdds": false, "chlodds": {"LINELIST": [{"LINENUM": "1", "MAINLINE": "true", "LINESTATUS": "1", "LINEORDER": "1", "LINE": "12.5/12.5", "L": "100@2.12", "H": "100@1.64"}, {"LINENUM": "2", "MAINLINE": "false", "LINESTATUS": "1", "LINEORDER": "2", "LINE": "13.5/13.5", "H": "100@2.30", "L": "100@1.54"}], "ID": "4598b662-413c-46a6-ad39-abd1da248936", "POOLSTATUS": "Selling", "ET": "0", "INPLAY": "true", "ALLUP": "true", "Cur": "1"}, "hasExtraTimePools": false, "results": {}, "definedPools": ["HAD", "FHA", "CRS", "FCS", "FTS", "OOE", "TTG", "HFT", "HHA", "HDC", "HIL", "FHL", "CHL", "NTS"], "inplayPools": ["HAD", "FHA", "HIL", "CHL", "CRS", "FCS", "NTS"], "dhc": {"LEG1": "WED 26", "LEG1ID": "1e5468bf-004a-4529-884f-5507f56de193", "LEG2": "WED 29", "LEG2ID": "24b44221-0ac3-4f8d-a8ec-51e17ca53597", "ITEM": "1"}}]