[{"matchID": "9fbdc2b2-9be6-449b-bbfd-73401955e5b9", "matchIDinofficial": "20220419TUE6", "matchNum": "6", "matchDate": "2022-04-19+08:00", "matchDay": "TUE", "coupon": {"couponID": "4", "couponShortName": "TUE", "couponNameCH": "\u5468\u4e8c\u8cfd\u4e8b", "couponNameEN": "Tuesday Matches"}, "league": {"leagueID": "4", "leagueShortName": "SFL", "leagueNameCH": "\u897f\u73ed\u7259\u7532\u7d44\u806f\u8cfd", "leagueNameEN": "Spanish Division 1"}, "homeTeam": {"teamID": "66", "teamNameCH": "\u99ac\u7565\u5361", "teamNameEN": "Mallorca"}, "awayTeam": {"teamID": "262", "teamNameCH": "\u827e\u62c9\u7dad\u65af", "teamNameEN": "Alaves"}, "matchStatus": "ResultIn", "matchTime": "2022-04-20T01:00:00+08:00", "statuslastupdated": "2022-04-20T01:51:48+08:00", "inplaydelay": "true", "channel": [{"order": 1, "channelID": "632", "channelNameCH": "NOW 632\u53f0", "channelNameEN": "NOW 632"}], "liveEvent": {"ilcLiveDisplay": true, "hasLiveInfo": true, "isIncomplete": true, "matchIDbetradar": "27965812", "matchstate": "FirstHalf", "stateTS": "2022-04-20T01:00:46+08:00", "liveevent": [{"order": 1, "minutesElasped": "11", "actionType": "Regular", "playerNameCH": "\u5df4\u65af\u8fea\u9054\u65af", "playerNameEN": "Abdon", "homeaway": "Home"}, {"order": 2, "minutesElasped": "24", "actionType": "YellowCard", "playerNameCH": "\u4f0a\u8fea\u7d20\u5df4\u5df4", "playerNameEN": "Iddrisu Baba", "homeaway": "Home"}, {"order": 3, "minutesElasped": "35", "actionType": "YellowCard", "playerNameCH": "\u99ac\u52aa, \u52a0\u897f\u4e9e", "playerNameEN": "Manu Garcia", "homeaway": "Away"}, {"order": 4, "minutesElasped": "45", "actionType": "YellowCard", "playerNameCH": "\u827e\u65af\u5361\u862d\u7279", "playerNameEN": "Gonzalo Escalante", "homeaway": "Away"}, {"order": 5, "minutesElasped": "45", "actionType": "Regular", "playerNameCH": "\u6885\u5229\u57fa, \u7dad\u9054", "playerNameEN": "Vedat Muriqi", "homeaway": "Home"}]}, "accumulatedscore": [{"periodvalue": "FirstHalf", "periodstatus": "Interim", "home": "2", "away": "0"}], "livescore": {"home": "2", "away": "0"}, "cornerresult": "2", "hasWebTV": false, "hasOdds": false, "chlodds": {"LINELIST": [{"LINENUM": "2", "MAINLINE": "false", "LINESTATUS": "1", "LINEORDER": "2", "LINE": "7.5/7.5", "L": "100@1.28", "H": "100@3.25"}, {"LINENUM": "1", "MAINLINE": "true", "LINESTATUS": "1", "LINEORDER": "1", "LINE": "6.5/6.5", "L": "100@1.65", "H": "100@2.10"}], "ID": "44ee61db-92dc-4d79-a22b-f3b22d853fcc", "POOLSTATUS": "Selling", "ET": "0", "INPLAY": "true", "ALLUP": "true", "Cur": "1"}, "hasExtraTimePools": false, "results": {}, "definedPools": ["HAD", "FHA", "CRS", "FCS", "FTS", "OOE", "TTG", "HFT", "HHA", "HDC", "HIL", "FHL", "CHL", "NTS"], "inplayPools": ["HAD", "FHA", "HIL", "CHL", "CRS", "FCS", "NTS"]}]