[{"matchID": "1e5468bf-004a-4529-884f-5507f56de193", "matchIDinofficial": "20220427WED26", "matchNum": "26", "matchDate": "2022-04-27+08:00", "matchDay": "WED", "coupon": {"couponID": "5", "couponShortName": "WED", "couponNameCH": "\u5468\u4e09\u8cfd\u4e8b", "couponNameEN": "Wednesday Matches"}, "league": {"leagueID": "2", "leagueShortName": "ISA", "leagueNameCH": "\u610f\u5927\u5229\u7532\u7d44\u806f\u8cfd", "leagueNameEN": "Italian Division 1"}, "homeTeam": {"teamID": "41", "teamNameCH": "\u535a\u6d1b\u5c3c\u4e9e", "teamNameEN": "Bologna"}, "awayTeam": {"teamID": "45", "teamNameCH": "\u570b\u969b\u7c73\u862d", "teamNameEN": "Inter Milan"}, "matchStatus": "ResultIn", "matchTime": "2022-04-28T02:15:00+08:00", "statuslastupdated": "2022-04-28T03:50:50+08:00", "inplaydelay": "true", "channel": [{"order": 1, "channelID": "638", "channelNameCH": "NOW 638\u53f0", "channelNameEN": "NOW 638"}], "liveEvent": {"ilcLiveDisplay": true, "hasLiveInfo": true, "isIncomplete": false, "matchIDbetradar": "32958245", "matchstate": "SecondHalf", "stateTS": "2022-04-28T03:22:21+08:00", "liveevent": [{"order": 1, "minutesElasped": "3", "actionType": "Regular", "playerNameCH": "\u6bd4\u5217\u932b", "playerNameEN": "Ivan Perisic", "homeaway": "Away"}, {"order": 2, "minutesElasped": "28", "actionType": "Regular", "playerNameCH": "\u963f\u62ff\u5967\u675c\u57df", "playerNameEN": "Marko Arnautovic", "homeaway": "Home"}, {"order": 3, "minutesElasped": "55", "actionType": "YellowCard", "playerNameCH": "\u963f\u62ff\u5967\u675c\u57df", "playerNameEN": "Marko Arnautovic", "homeaway": "Home"}, {"order": 4, "minutesElasped": "56", "actionType": "YellowCard", "playerNameCH": "\u5c3c\u9ad8\u8def\u5df4\u5217\u62ff", "playerNameEN": "Nicolo Barella", "homeaway": "Away"}, {"order": 5, "minutesElasped": "70", "actionType": "YellowCard", "playerNameCH": "\u675c\u8cbb\u65af", "playerNameEN": "Denzel Dumfries", "homeaway": "Away"}]}, "accumulatedscore": [{"periodvalue": "FirstHalf", "periodstatus": "ResultFinal", "home": "1", "away": "1"}, {"periodvalue": "SecondHalf", "periodstatus": "Interim", "home": "", "away": ""}], "livescore": {"home": "1", "away": "1"}, "cornerresult": "5", "hasWebTV": false, "hasOdds": false, "chlodds": {"LINELIST": [{"LINENUM": "1", "MAINLINE": "true", "LINESTATUS": "1", "LINEORDER": "1", "LINE": "6.5/6.5", "H": "100@1.52", "L": "100@2.35"}, {"LINENUM": "2", "MAINLINE": "false", "LINESTATUS": "1", "LINEORDER": "2", "LINE": "7.5/7.5", "L": "100@1.45", "H": "100@2.55"}], "ID": "a7f7e571-2db1-47d9-83e1-5485df925584", "POOLSTATUS": "Selling", "ET": "0", "INPLAY": "true", "ALLUP": "true", "Cur": "1"}, "hasExtraTimePools": false, "results": {}, "definedPools": ["HAD", "FHA", "CRS", "FCS", "FTS", "OOE", "TTG", "HFT", "HHA", "HDC", "HIL", "FHL", "CHL", "NTS"], "inplayPools": ["HAD", "FHA", "HIL", "CHL", "CRS", "FCS", "NTS"], "dhc": {"LEG1": "WED 26", "LEG1ID": "1e5468bf-004a-4529-884f-5507f56de193", "LEG2": "WED 29", "LEG2ID": "24b44221-0ac3-4f8d-a8ec-51e17ca53597", "ITEM": "1"}}]