[{"matchID": "3ce09395-9f1d-429c-814f-1c33d298bcac", "matchIDinofficial": "20220420WED25", "matchNum": "25", "matchDate": "2022-04-20+08:00", "matchDay": "WED", "coupon": {"couponID": "5", "couponShortName": "WED", "couponNameCH": "\u5468\u4e09\u8cfd\u4e8b", "couponNameEN": "Wednesday Matches"}, "league": {"leagueID": "1", "leagueShortName": "EPL", "leagueNameCH": "\u82f1\u683c\u862d\u8d85\u7d1a\u806f\u8cfd", "leagueNameEN": "Eng Premier"}, "homeTeam": {"teamID": "7", "teamNameCH": "\u8eca\u8def\u58eb", "teamNameEN": "Chelsea"}, "awayTeam": {"teamID": "1", "teamNameCH": "\u963f\u4ed9\u5974", "teamNameEN": "Arsenal"}, "matchStatus": "ResultIn", "matchTime": "2022-04-21T02:45:00+08:00", "statuslastupdated": "2022-04-21T04:05:30+08:00", "inplaydelay": "true", "channel": [{"order": 1, "channelID": "621", "channelNameCH": "NOW 621\u53f0", "channelNameEN": "NOW 621"}, {"order": 2, "channelID": "611", "channelNameCH": "NOW 611\u53f0", "channelNameEN": "NOW 611"}], "liveEvent": {"ilcLiveDisplay": true, "hasLiveInfo": true, "isIncomplete": false, "matchIDbetradar": "32679857", "matchstate": "SecondHalf", "stateTS": "2022-04-21T03:48:51+08:00", "liveevent": [{"order": 1, "minutesElasped": "13", "actionType": "Regular", "playerNameCH": "\u5c3c\u57fa\u8fea\u4e9e", "playerNameEN": "Eddie Nketiah", "homeaway": "Away"}, {"order": 2, "minutesElasped": "17", "actionType": "Regular", "playerNameCH": "\u8fea\u59c6\u83ef\u62ff", "playerNameEN": "Timo Werner", "homeaway": "Home"}, {"order": 3, "minutesElasped": "27", "actionType": "Regular", "playerNameCH": "\u4f0a\u7f8e\u8def\u7dad", "playerNameEN": "Emile Smith Rowe", "homeaway": "Away"}, {"order": 4, "minutesElasped": "32", "actionType": "Regular", "playerNameCH": "\u827e\u65af\u6d3e\u53e4\u9054", "playerNameEN": "Cesar Azpilicueta", "homeaway": "Home"}, {"order": 5, "minutesElasped": "57", "actionType": "Regular", "playerNameCH": "\u5c3c\u57fa\u8fea\u4e9e", "playerNameEN": "Eddie Nketiah", "homeaway": "Away"}, {"order": 6, "minutesElasped": "65", "actionType": "YellowCard", "playerNameCH": "\u99ac\u862d\u6c99\u4e9e", "playerNameEN": "Malang Sarr", "homeaway": "Home"}]}, "accumulatedscore": [{"periodvalue": "FirstHalf", "periodstatus": "ResultFinal", "home": "2", "away": "2"}, {"periodvalue": "SecondHalf", "periodstatus": "Interim", "home": "2", "away": "3"}], "livescore": {"home": "2", "away": "3"}, "cornerresult": "6", "hasWebTV": false, "hasOdds": false, "chlodds": {"LINELIST": [{"LINENUM": "2", "MAINLINE": "false", "LINESTATUS": "1", "LINEORDER": "2", "LINE": "9.5/9.5", "H": "100@4.40", "L": "100@1.16"}, {"LINENUM": "1", "MAINLINE": "true", "LINESTATUS": "1", "LINEORDER": "1", "LINE": "8.5/8.5", "H": "100@2.29", "L": "100@1.55"}], "ID": "416570bd-9500-4754-90ca-9ebb06b953a8", "POOLSTATUS": "Selling", "ET": "0", "INPLAY": "true", "ALLUP": "true", "Cur": "1"}, "hasExtraTimePools": false, "results": {}, "definedPools": ["HAD", "FHA", "CRS", "FCS", "FTS", "OOE", "TTG", "HFT", "HHA", "HDC", "HIL", "FHL", "CHL", "NTS"], "inplayPools": ["HAD", "FHA", "HIL", "CHL", "CRS", "FCS", "NTS"]}, {"matchID": "40852931-cb75-4711-b75b-c7e1c352fae1", "matchIDinofficial": "20220420WED28", "matchNum": "28", "matchDate": "2022-04-20+08:00", "matchDay": "WED", "coupon": {"couponID": "5", "couponShortName": "WED", "couponNameCH": "\u5468\u4e09\u8cfd\u4e8b", "couponNameEN": "Wednesday Matches"}, "league": {"leagueID": "11", "leagueShortName": "GSC", "leagueNameCH": "\u5fb7\u570b\u76c3", "leagueNameEN": "German Cup"}, "homeTeam": {"teamID": "1744", "teamNameCH": "RB\u840a\u6bd4\u932b", "teamNameEN": "RB Leipzig"}, "awayTeam": {"teamID": "1292", "teamNameCH": "\u67cf\u6797\u806f", "teamNameEN": "Union Berlin"}, "matchStatus": "ResultIn", "matchTime": "2022-04-21T02:45:00+08:00", "statuslastupdated": "2022-04-21T04:10:38+08:00", "inplaydelay": "true", "channel": [{"order": 1, "channelID": "77", "channelNameCH": "\u9999\u6e2f\u958b\u96fb\u899677\u53f0", "channelNameEN": "Hong Kong Open TV Ch.77"}, {"order": 2, "channelID": "C662", "channelNameCH": "\u6709\u7dda662\u53f0", "channelNameEN": "i-CABLE 662"}, {"order": 3, "channelID": "C602", "channelNameCH": "\u6709\u7dda602\u53f0", "channelNameEN": "i-CABLE 602"}], "liveEvent": {"ilcLiveDisplay": true, "hasLiveInfo": true, "isIncomplete": false, "matchIDbetradar": "32488837", "matchstate": "SecondHalf", "stateTS": "2022-04-21T03:48:34+08:00", "liveevent": [{"order": 1, "minutesElasped": "25", "actionType": "Regular", "playerNameCH": "\u78a7\u52a0", "playerNameEN": "Sheraldo Becker", "homeaway": "Away"}, {"order": 2, "minutesElasped": "35", "actionType": "YellowCard", "playerNameCH": "\u5e72\u62c9\u7279\u8cf4\u99ac", "playerNameEN": "Konrad Laimer", "homeaway": "Home"}, {"order": 3, "minutesElasped": "43", "actionType": "YellowCard", "playerNameCH": "\u7f85\u8cd3\u6d1b\u6cbb", "playerNameEN": "Robin Knoche", "homeaway": "Away"}, {"order": 4, "minutesElasped": "61", "actionType": "Penalty", "playerNameCH": "\u5b89\u9054\u65bd\u83ef", "playerNameEN": "Andre Silva", "homeaway": "Home"}]}, "accumulatedscore": [{"periodvalue": "FirstHalf", "periodstatus": "ResultFinal", "home": "0", "away": "1"}, {"periodvalue": "SecondHalf", "periodstatus": "Interim", "home": "1", "away": "1"}], "livescore": {"home": "1", "away": "1"}, "cornerresult": "3", "hasWebTV": false, "hasOdds": false, "chlodds": {"LINELIST": [{"LINENUM": "1", "MAINLINE": "true", "LINESTATUS": "1", "LINEORDER": "1", "LINE": "4.5/4.5", "H": "100@1.86", "L": "100@1.84"}, {"LINENUM": "2", "MAINLINE": "false", "LINESTATUS": "1", "LINEORDER": "2", "LINE": "5.5/5.5", "L": "100@1.21", "H": "100@3.80"}], "ID": "073803dd-8d8b-4e22-92bd-afa78c5ac21a", "POOLSTATUS": "Selling", "ET": "0", "INPLAY": "true", "ALLUP": "true", "Cur": "1"}, "hasExtraTimePools": true, "results": {}, "definedPools": ["HAD", "FHA", "CRS", "FCS", "FTS", "TQL", "OOE", "TTG", "HFT", "HHA", "HDC", "HIL", "FHL", "CHL", "NTS"], "inplayPools": ["HAD", "FHA", "TQL", "HIL", "CHL", "CRS", "FCS", "NTS"]}]