[{"matchID": "b10cb7a5-105c-4db9-be5f-c28fcc881a38", "matchIDinofficial": "20220424SUN37", "matchNum": "37", "matchDate": "2022-04-24+08:00", "matchDay": "SUN", "coupon": {"couponID": "2", "couponShortName": "SUN", "couponNameCH": "\u5468\u65e5\u8cfd\u4e8b", "couponNameEN": "Sunday Matches"}, "league": {"leagueID": "90", "leagueShortName": "ACL", "leagueNameCH": "\u4e9e\u6d32\u806f\u8cfd\u51a0\u8ecd\u76c3", "leagueNameEN": "Asian Champions League"}, "homeTeam": {"teamID": "2493", "teamNameCH": "\u67d4\u4f5bDT", "teamNameEN": "Johor DT"}, "awayTeam": {"teamID": "548", "teamNameCH": "\u5ddd\u5d0e\u524d\u92d2", "teamNameEN": "Kawasaki Frontale"}, "matchStatus": "ResultIn", "matchTime": "2022-04-24T22:00:00+08:00", "statuslastupdated": "2022-04-24T23:51:22+08:00", "inplaydelay": "true", "channel": [{"order": 1, "channelID": "ES", "channelNameCH": "ElevenSports", "channelNameEN": "ElevenSports"}], "liveEvent": {"ilcLiveDisplay": true, "hasLiveInfo": true, "isIncomplete": false, "matchIDbetradar": "32307539", "matchstate": "SecondHalf", "stateTS": "2022-04-24T23:06:14+08:00", "liveevent": [{"order": 1, "minutesElasped": "12", "actionType": "YellowCard", "playerNameCH": "\u6885\u91cc\u65af\u5967\u7576\u5c3c\u932b\u8fea", "playerNameEN": "Mauricio", "homeaway": "Home"}, {"order": 2, "minutesElasped": "14", "actionType": "Regular", "playerNameCH": "\u8107\u5742\u6cf0\u6597", "playerNameEN": "Yasuto Wakizaka", "homeaway": "Away"}, {"order": 3, "minutesElasped": "24", "actionType": "YellowCard", "playerNameCH": "\u963f\u83f2\u514b, \u7a46\u7f55\u9ed8\u5fb7", "playerNameEN": "Afiq Fazail", "homeaway": "Home"}, {"order": 4, "minutesElasped": "31", "actionType": "Regular", "playerNameCH": "\u5c0f\u6797\u60a0", "playerNameEN": "Yu Kobayashi", "homeaway": "Away"}, {"order": 5, "minutesElasped": "43", "actionType": "Regular", "playerNameCH": "\u5c0f\u6797\u60a0", "playerNameEN": "Yu Kobayashi", "homeaway": "Away"}, {"order": 6, "minutesElasped": "81", "actionType": "Regular", "playerNameCH": "\u99ac\u5947\u5c3c\u5967", "playerNameEN": "Marcinho", "homeaway": "Away"}, {"order": 7, "minutesElasped": "88", "actionType": "Regular", "playerNameCH": "\u731c\u62ff\u8fea\u666e\u6851\u683c\u8f9b", "playerNameEN": "Chanathip Songkrasin", "homeaway": "Away"}]}, "accumulatedscore": [{"periodvalue": "FirstHalf", "periodstatus": "ResultFinal", "home": "0", "away": "3"}, {"periodvalue": "SecondHalf", "periodstatus": "Interim", "home": "0", "away": "5"}], "livescore": {"home": "0", "away": "5"}, "cornerresult": "-1", "hasWebTV": false, "hasOdds": false, "chlodds": {"LINELIST": [{"LINENUM": "1", "MAINLINE": "true", "LINESTATUS": "1", "LINEORDER": "1", "LINE": "6.5/6.5", "H": "100@6.50", "L": "100@1.07"}], "ID": "a2e2b9fe-07c2-4862-95e3-34dad64f8d2c", "POOLSTATUS": "FinalStopSell", "ET": "0", "INPLAY": "true", "ALLUP": "true", "Cur": "1"}, "hasExtraTimePools": false, "results": {}, "definedPools": ["HAD", "FHA", "CRS", "FCS", "FTS", "OOE", "TTG", "HFT", "HHA", "HDC", "HIL", "FHL", "CHL", "NTS"], "inplayPools": ["HAD", "FHA", "HIL", "CHL", "CRS", "FCS", "NTS"]}, {"matchID": "5f840381-a5b0-485d-9671-e58416ead62b", "matchIDinofficial": "20220424SUN44", "matchNum": "44", "matchDate": "2022-04-24+08:00", "matchDay": "SUN", "coupon": {"couponID": "2", "couponShortName": "SUN", "couponNameCH": "\u5468\u65e5\u8cfd\u4e8b", "couponNameEN": "Sunday Matches"}, "league": {"leagueID": "1", "leagueShortName": "EPL", "leagueNameCH": "\u82f1\u683c\u862d\u8d85\u7d1a\u806f\u8cfd", "leagueNameEN": "Eng Premier"}, "homeTeam": {"teamID": "12", "teamNameCH": "\u5229\u7269\u6d66", "teamNameEN": "Liverpool"}, "awayTeam": {"teamID": "8", "teamNameCH": "\u611b\u83ef\u9813", "teamNameEN": "Everton"}, "matchStatus": "Closed", "matchTime": "2022-04-24T23:30:00+08:00", "statuslastupdated": "2022-04-24T23:30:13+08:00", "inplaydelay": "true", "channel": [{"order": 1, "channelID": "621", "channelNameCH": "NOW 621\u53f0", "channelNameEN": "NOW 621"}, {"order": 2, "channelID": "611", "channelNameCH": "NOW 611\u53f0", "channelNameEN": "NOW 611"}], "liveEvent": {"ilcLiveDisplay": true, "hasLiveInfo": true, "isIncomplete": false, "matchIDbetradar": "27751726", "matchstate": "FirstHalf", "stateTS": "2022-04-24T23:30:13+08:00", "liveevent": [{"order": 1, "minutesElasped": "25", "actionType": "YellowCard", "playerNameCH": "\u5b89\u6771\u5c3c\u54e5\u9813", "playerNameEN": "Anthony Gordon", "homeaway": "Away"}]}, "accumulatedscore": [{"periodvalue": "FirstHalf", "periodstatus": "Started", "home": "", "away": ""}], "livescore": {"home": "0", "away": "0"}, "cornerresult": "1", "hasWebTV": false, "hasOdds": false, "chlodds": {"LINELIST": [{"LINENUM": "1", "MAINLINE": "true", "LINESTATUS": "1", "LINEORDER": "1", "LINE": "8.5/8.5", "L": "100@1.95", "H": "100@1.75"}, {"LINENUM": "2", "MAINLINE": "false", "LINESTATUS": "1", "LINEORDER": "2", "LINE": "9.5/9.5", "H": "100@2.29", "L": "100@1.55"}], "ID": "a9d63055-7a28-4796-84da-b77e4c7f202a", "POOLSTATUS": "Selling", "ET": "0", "INPLAY": "true", "ALLUP": "true", "Cur": "1"}, "hasExtraTimePools": false, "results": {}, "definedPools": ["HAD", "FHA", "CRS", "FCS", "FTS", "OOE", "TTG", "HFT", "HHA", "HDC", "HIL", "FHL", "CHL", "NTS"], "inplayPools": ["HAD", "FHA", "HIL", "CHL", "CRS", "FCS", "NTS"]}]