[{"matchID": "6667786b-8f28-440b-9726-320152ec1bf5", "matchIDinofficial": "20220503TUE11", "matchNum": "11", "matchDate": "2022-05-03+08:00", "matchDay": "TUE", "coupon": {"couponID": "4", "couponShortName": "TUE", "couponNameCH": "\u5468\u4e8c\u8cfd\u4e8b", "couponNameEN": "Tuesday Matches"}, "league": {"leagueID": "6", "leagueShortName": "UCL", "leagueNameCH": "\u6b50\u6d32\u806f\u8cfd\u51a0\u8ecd\u76c3", "leagueNameEN": "UE Champions"}, "homeTeam": {"teamID": "75", "teamNameCH": "\u7dad\u62c9\u5229\u723e", "teamNameEN": "Villarreal"}, "awayTeam": {"teamID": "12", "teamNameCH": "\u5229\u7269\u6d66", "teamNameEN": "Liverpool"}, "matchStatus": "ResultIn", "matchTime": "2022-05-04T03:00:00+08:00", "statuslastupdated": "2022-05-04T04:13:51+08:00", "inplaydelay": "true", "channel": [{"order": 1, "channelID": "643", "channelNameCH": "NOW 643\u53f0", "channelNameEN": "NOW 643"}], "liveEvent": {"ilcLiveDisplay": true, "hasLiveInfo": true, "isIncomplete": false, "matchIDbetradar": "33181715", "matchstate": "SecondHalf", "stateTS": "2022-05-04T04:03:27+08:00", "liveevent": [{"order": 1, "minutesElasped": "3", "actionType": "Regular", "playerNameCH": "\u4fdd\u62ff\u723e\u8fea\u4e9e", "playerNameEN": "Boulaye Dia", "homeaway": "Home"}, {"order": 2, "minutesElasped": "41", "actionType": "Regular", "playerNameCH": "\u9ad8\u57fa\u9023", "playerNameEN": "Francis Coquelin", "homeaway": "Home"}]}, "accumulatedscore": [{"periodvalue": "FirstHalf", "periodstatus": "ResultFinal", "home": "2", "away": "0"}, {"periodvalue": "SecondHalf", "periodstatus": "Interim", "home": "", "away": ""}], "livescore": {"home": "2", "away": "0"}, "cornerresult": "1", "hasWebTV": false, "hasOdds": false, "chlodds": {"LINELIST": [{"LINENUM": "2", "MAINLINE": "false", "LINESTATUS": "1", "LINEORDER": "2", "LINE": "6.5/6.5", "L": "100@1.31", "H": "100@3.10"}, {"LINENUM": "1", "MAINLINE": "true", "LINESTATUS": "1", "LINEORDER": "1", "LINE": "5.5/5.5", "H": "100@2.05", "L": "100@1.68"}], "ID": "d59733b9-a6a7-4334-84f3-fd478e66464e", "POOLSTATUS": "Selling", "ET": "0", "INPLAY": "true", "ALLUP": "true", "Cur": "1"}, "hasExtraTimePools": true, "results": {}, "definedPools": ["HAD", "FHA", "CRS", "FCS", "FTS", "TQL", "OOE", "TTG", "HFT", "HHA", "HDC", "HIL", "FHL", "CHL", "NTS"], "inplayPools": ["HAD", "FHA", "TQL", "HIL", "CHL", "CRS", "FCS", "NTS"]}]