[{"matchID": "af4ad157-212a-4d70-839e-bab58ad3f550", "matchIDinofficial": "20220430SAT5", "matchNum": "5", "matchDate": "2022-04-30+08:00", "matchDay": "SAT", "coupon": {"couponID": "1", "couponShortName": "SAT", "couponNameCH": "\u5468\u516d\u8cfd\u4e8b", "couponNameEN": "Saturday Matches"}, "league": {"leagueID": "87", "leagueShortName": "JD2", "leagueNameCH": "\u65e5\u672c\u4e59\u7d44\u806f\u8cfd", "leagueNameEN": "Japanese Division 2"}, "homeTeam": {"teamID": "2201", "teamNameCH": "FC\u7409\u7403", "teamNameEN": "FC Ryukyu"}, "awayTeam": {"teamID": "540", "teamNameCH": "\u65b0\u6f5f\u5929\u9d5d", "teamNameEN": "Albirex Niigata"}, "matchStatus": "ResultIn", "matchTime": "2022-04-30T17:00:00+08:00", "statuslastupdated": "2022-04-30T18:05:30+08:00", "inplaydelay": "true", "channel": [{"order": 1, "channelID": "GX", "channelNameCH": "GoalX app", "channelNameEN": "GoalX app"}, {"order": 2, "channelID": "HKJC", "channelNameCH": "HKJC TV app", "channelNameEN": "HKJC TV app"}], "liveEvent": {"ilcLiveDisplay": true, "hasLiveInfo": true, "isIncomplete": false, "matchIDbetradar": "", "matchstate": "SecondHalf", "stateTS": "2022-04-30T18:05:30+08:00", "liveevent": [{"order": 1, "minutesElasped": "10", "actionType": "Regular", "playerNameCH": "", "playerNameEN": "Yuki Kusano", "homeaway": "Home"}, {"order": 2, "minutesElasped": "45", "actionType": "Penalty", "playerNameCH": "\u9ad8\u6728\u5584\u6717", "playerNameEN": "Yoshiaki Takagi", "homeaway": "Away"}]}, "accumulatedscore": [{"periodvalue": "FirstHalf", "periodstatus": "ResultFinal", "home": "1", "away": "1"}, {"periodvalue": "SecondHalf", "periodstatus": "Started", "home": "", "away": ""}], "livescore": {"home": "1", "away": "1"}, "cornerresult": "0", "hasWebTV": false, "hasOdds": false, "chlodds": {"LINELIST": [{"LINENUM": "2", "MAINLINE": "false", "LINESTATUS": "1", "LINEORDER": "2", "LINE": "5.5/5.5", "L": "100@1.49", "H": "100@2.43"}, {"LINENUM": "1", "MAINLINE": "true", "LINESTATUS": "1", "LINEORDER": "1", "LINE": "4.5/4.5", "L": "100@1.94", "H": "100@1.76"}], "ID": "87429b3b-a172-409d-bd9d-66c06f3b2a92", "POOLSTATUS": "Selling", "ET": "0", "INPLAY": "true", "ALLUP": "true", "Cur": "1"}, "hasExtraTimePools": false, "results": {}, "definedPools": ["HAD", "FHA", "CRS", "FCS", "FTS", "OOE", "TTG", "HFT", "HHA", "HDC", "HIL", "FHL", "CHL", "NTS"], "inplayPools": ["HAD", "FHA", "HIL", "CHL", "CRS", "FCS", "NTS"]}, {"matchID": "7a54a816-448e-450c-9beb-8de071065505", "matchIDinofficial": "20220430SAT6", "matchNum": "6", "matchDate": "2022-04-30+08:00", "matchDay": "SAT", "coupon": {"couponID": "1", "couponShortName": "SAT", "couponNameCH": "\u5468\u516d\u8cfd\u4e8b", "couponNameEN": "Saturday Matches"}, "league": {"leagueID": "90", "leagueShortName": "ACL", "leagueNameCH": "\u4e9e\u6d32\u806f\u8cfd\u51a0\u8ecd\u76c3", "leagueNameEN": "Asian Champions League"}, "homeTeam": {"teamID": "2493", "teamNameCH": "\u67d4\u4f5bDT", "teamNameEN": "Johor DT"}, "awayTeam": {"teamID": "1108", "teamNameCH": "\u851a\u5c71\u73fe\u4ee3", "teamNameEN": "Ulsan Hyundai"}, "matchStatus": "ResultIn", "matchTime": "2022-04-30T17:00:00+08:00", "statuslastupdated": "2022-04-30T18:04:45+08:00", "inplaydelay": "true", "channel": [{"order": 1, "channelID": "ES", "channelNameCH": "ElevenSports", "channelNameEN": "ElevenSports"}], "liveEvent": {"ilcLiveDisplay": true, "hasLiveInfo": true, "isIncomplete": false, "matchIDbetradar": "32307549", "matchstate": "SecondHalf", "stateTS": "2022-04-30T18:04:45+08:00", "liveevent": [{"order": 1, "minutesElasped": "4", "actionType": "YellowCard", "playerNameCH": "\u5143\u6597\u624d", "playerNameEN": "Won Du-jae", "homeaway": "Away"}, {"order": 2, "minutesElasped": "5", "actionType": "Regular", "playerNameCH": "\u674e\u5b89\u5ea6\u97cb\u62ff\u57fa\u65af", "playerNameEN": "Leandro Velazquez", "homeaway": "Home"}, {"order": 3, "minutesElasped": "6", "actionType": "Regular", "playerNameCH": "\u5929\u91ce\u7d14", "playerNameEN": "Jun Amano", "homeaway": "Away"}, {"order": 4, "minutesElasped": "43", "actionType": "YellowCard", "playerNameCH": "\u674e\u572d\u6210", "playerNameEN": "Lee Gyu-sung", "homeaway": "Away"}]}, "accumulatedscore": [{"periodvalue": "FirstHalf", "periodstatus": "ResultFinal", "home": "1", "away": "1"}, {"periodvalue": "SecondHalf", "periodstatus": "Started", "home": "", "away": ""}], "livescore": {"home": "1", "away": "1"}, "cornerresult": "5", "hasWebTV": false, "hasOdds": false, "chlodds": {"LINELIST": [{"LINENUM": "1", "MAINLINE": "true", "LINESTATUS": "1", "LINEORDER": "1", "LINE": "9.5/9.5", "H": "100@1.70", "L": "100@2.02"}, {"LINENUM": "2", "MAINLINE": "false", "LINESTATUS": "1", "LINEORDER": "2", "LINE": "10.5/10.5", "H": "100@2.27", "L": "100@1.56"}], "ID": "722e2aa7-a781-4f6b-b415-20194c7e1a5c", "POOLSTATUS": "Selling", "ET": "0", "INPLAY": "true", "ALLUP": "true", "Cur": "1"}, "hasExtraTimePools": false, "results": {}, "definedPools": ["HAD", "FHA", "CRS", "FCS", "FTS", "OOE", "TTG", "HFT", "HHA", "HDC", "HIL", "FHL", "CHL", "NTS"], "inplayPools": ["HAD", "FHA", "HIL", "CHL", "CRS", "FCS", "NTS"]}, {"matchID": "4a273a08-d9ad-4b14-8e22-e4b7427c8aee", "matchIDinofficial": "20220430SAT8", "matchNum": "8", "matchDate": "2022-04-30+08:00", "matchDay": "SAT", "coupon": {"couponID": "1", "couponShortName": "SAT", "couponNameCH": "\u5468\u516d\u8cfd\u4e8b", "couponNameEN": "Saturday Matches"}, "league": {"leagueID": "89", "leagueShortName": "AD1", "leagueNameCH": "\u6fb3\u6d32\u8077\u696d\u806f\u8cfd", "leagueNameEN": "Australian Division 1"}, "homeTeam": {"teamID": "1114", "teamNameCH": "\u963f\u5fb7\u840a\u5fb7\u806f", "teamNameEN": "Adelaide Utd"}, "awayTeam": {"teamID": "1156", "teamNameCH": "\u5e03\u91cc\u65af\u73ed\u7345\u543c", "teamNameEN": "Brisbane Roar"}, "matchStatus": "ResultIn", "matchTime": "2022-04-30T17:45:00+08:00", "statuslastupdated": "2022-04-30T18:02:54+08:00", "inplaydelay": "true", "channel": [{"order": 1, "channelID": "MTS", "channelNameCH": "\u7121\u7dda myTV SUPER", "channelNameEN": "TVB myTV SUPER"}], "liveEvent": {"ilcLiveDisplay": true, "hasLiveInfo": true, "isIncomplete": false, "matchIDbetradar": "30903639", "matchstate": "FirstHalf", "stateTS": "2022-04-30T17:45:28+08:00", "liveevent": [{"order": 1, "minutesElasped": "15", "actionType": "Regular", "playerNameCH": "\u4f50\u6cbb\u5e03\u6b77\u6d3b\u7279", "playerNameEN": "George Blackwood", "homeaway": "Home"}, {"order": 2, "minutesElasped": "18", "actionType": "YellowCard", "playerNameCH": "\u52de\u57fa\u4f0a\u96f2\u5974\u57df", "playerNameEN": "Luke Ivanovic", "homeaway": "Away"}]}, "accumulatedscore": [{"periodvalue": "FirstHalf", "periodstatus": "Interim", "home": "1", "away": "0"}], "livescore": {"home": "1", "away": "0"}, "cornerresult": "1", "hasWebTV": false, "hasOdds": false, "chlodds": {"LINELIST": [{"LINENUM": "2", "MAINLINE": "false", "LINESTATUS": "1", "LINEORDER": "2", "LINE": "10.5/10.5", "L": "100@1.46", "H": "100@2.50"}, {"LINENUM": "1", "MAINLINE": "true", "LINESTATUS": "1", "LINEORDER": "1", "LINE": "9.5/9.5", "H": "100@1.97", "L": "100@1.74"}], "ID": "7678e856-9c0f-47b8-891c-dab008f84c0e", "POOLSTATUS": "Selling", "ET": "0", "INPLAY": "true", "ALLUP": "true", "Cur": "1"}, "hasExtraTimePools": false, "results": {}, "definedPools": ["HAD", "FHA", "CRS", "FCS", "FTS", "OOE", "TTG", "HFT", "HHA", "HDC", "HIL", "FHL", "CHL", "NTS"], "inplayPools": ["HAD", "FHA", "HIL", "CHL", "CRS", "FCS", "NTS"]}]