[{"matchID": "f33b5890-a873-4121-9681-267f6ad78867", "matchIDinofficial": "20220416SAT46", "matchNum": "46", "matchDate": "2022-04-16+08:00", "matchDay": "SAT", "coupon": {"couponID": "1", "couponShortName": "SAT", "couponNameCH": "\u5468\u516d\u8cfd\u4e8b", "couponNameEN": "Saturday Matches"}, "league": {"leagueID": "2", "leagueShortName": "ISA", "leagueNameCH": "\u610f\u5927\u5229\u7532\u7d44\u806f\u8cfd", "leagueNameEN": "Italian Division 1"}, "homeTeam": {"teamID": "46", "teamNameCH": "\u7956\u96f2\u9054\u65af", "teamNameEN": "Juventus"}, "awayTeam": {"teamID": "41", "teamNameCH": "\u535a\u6d1b\u5c3c\u4e9e", "teamNameEN": "Bologna"}, "matchStatus": "Closed", "matchTime": "2022-04-17T00:30:00+08:00", "statuslastupdated": "2022-04-17T00:32:50+08:00", "inplaydelay": "true", "channel": [{"order": 1, "channelID": "638", "channelNameCH": "NOW 638\u53f0", "channelNameEN": "NOW 638"}], "liveEvent": {"ilcLiveDisplay": true, "hasLiveInfo": true, "isIncomplete": false, "matchIDbetradar": "28160476", "matchstate": "FirstHalf", "stateTS": "2022-04-17T00:32:50+08:00", "liveevent": [{"order": 1, "minutesElasped": "13", "actionType": "YellowCard", "playerNameCH": "", "playerNameEN": "Arthur Theate", "homeaway": "Away"}, {"order": 2, "minutesElasped": "18", "actionType": "YellowCard", "playerNameCH": "\u53f2\u96f2\u8c9d\u6cbb", "playerNameEN": "Mattias Svanberg", "homeaway": "Away"}, {"order": 3, "minutesElasped": "31", "actionType": "YellowCard", "playerNameCH": "\u53e4\u9054\u5ea6", "playerNameEN": "Juan Cuadrado", "homeaway": "Home"}]}, "accumulatedscore": [{"periodvalue": "FirstHalf", "periodstatus": "Started", "home": "", "away": ""}], "livescore": {"home": "0", "away": "0"}, "cornerresult": "3", "hasWebTV": false, "hasOdds": false, "chlodds": {"LINELIST": [{"LINENUM": "1", "MAINLINE": "true", "LINESTATUS": "1", "LINEORDER": "1", "LINE": "8.5/8.5", "H": "100@1.69", "L": "100@2.04"}, {"LINENUM": "2", "MAINLINE": "false", "LINESTATUS": "1", "LINEORDER": "2", "LINE": "9.5/9.5", "L": "100@1.54", "H": "100@2.30"}], "ID": "8413a0f5-e556-4fc3-a5ec-b519171592c8", "POOLSTATUS": "Selling", "ET": "0", "INPLAY": "true", "ALLUP": "true", "Cur": "1"}, "hasExtraTimePools": false, "results": {}, "definedPools": ["HAD", "FHA", "CRS", "FCS", "FTS", "OOE", "TTG", "HFT", "HHA", "HDC", "HIL", "FHL", "CHL", "NTS"], "inplayPools": ["HAD", "FHA", "HIL", "CHL", "CRS", "FCS", "NTS"]}]