[{"matchID": "55da434b-a10b-47b7-8240-54a77442dd25", "matchIDinofficial": "20220430SAT69", "matchNum": "69", "matchDate": "2022-04-30+08:00", "matchDay": "SAT", "coupon": {"couponID": "1", "couponShortName": "SAT", "couponNameCH": "\u5468\u516d\u8cfd\u4e8b", "couponNameEN": "Saturday Matches"}, "league": {"leagueID": "2", "leagueShortName": "ISA", "leagueNameCH": "\u610f\u5927\u5229\u7532\u7d44\u806f\u8cfd", "leagueNameEN": "Italian Division 1"}, "homeTeam": {"teamID": "54", "teamNameCH": "\u68ee\u591a\u5229\u4e9e", "teamNameEN": "Sampdoria"}, "awayTeam": {"teamID": "677", "teamNameCH": "\u71b1\u62ff\u4e9e", "teamNameEN": "Genoa"}, "matchStatus": "ResultIn", "matchTime": "2022-05-01T00:00:00+08:00", "statuslastupdated": "2022-05-01T01:22:52+08:00", "inplaydelay": "true", "channel": [{"order": 1, "channelID": "638", "channelNameCH": "NOW 638\u53f0", "channelNameEN": "NOW 638"}], "liveEvent": {"ilcLiveDisplay": true, "hasLiveInfo": true, "isIncomplete": false, "matchIDbetradar": "28160524", "matchstate": "SecondHalf", "stateTS": "2022-05-01T01:07:39+08:00", "liveevent": [{"order": 1, "minutesElasped": "25", "actionType": "Regular", "playerNameCH": "\u6c99\u6bd4\u5c3c", "playerNameEN": "Abdelhamid Sabiri", "homeaway": "Home"}, {"order": 2, "minutesElasped": "32", "actionType": "YellowCard", "playerNameCH": "\u5967\u9054\u8def", "playerNameEN": "Emil Audero", "homeaway": "Home"}, {"order": 3, "minutesElasped": "51", "actionType": "YellowCard", "playerNameCH": "\u7c21\u9054\u83ef", "playerNameEN": "Antonio Candreva", "homeaway": "Home"}]}, "accumulatedscore": [{"periodvalue": "FirstHalf", "periodstatus": "ResultFinal", "home": "1", "away": "0"}, {"periodvalue": "SecondHalf", "periodstatus": "Interim", "home": "", "away": ""}], "livescore": {"home": "1", "away": "0"}, "cornerresult": "-1", "hasWebTV": false, "hasOdds": false, "chlodds": {"LINELIST": [{"LINENUM": "1", "MAINLINE": "true", "LINESTATUS": "1", "LINEORDER": "1", "LINE": "4.5/4.5", "L": "100@1.85", "H": "100@1.85"}, {"LINENUM": "2", "MAINLINE": "false", "LINESTATUS": "1", "LINEORDER": "2", "LINE": "5.5/5.5", "L": "100@1.30", "H": "100@3.15"}], "ID": "2152a6c9-e9fd-4bc6-9758-d94ff1759ee3", "POOLSTATUS": "NotSelling", "ET": "0", "INPLAY": "true", "ALLUP": "true", "Cur": "1"}, "hasExtraTimePools": false, "results": {}, "definedPools": ["HAD", "FHA", "CRS", "FCS", "FTS", "OOE", "TTG", "HFT", "HHA", "HDC", "HIL", "FHL", "CHL", "NTS"], "inplayPools": ["HAD", "FHA", "HIL", "CHL", "CRS", "FCS", "NTS"]}]