[{"matchID": "9f40834d-8513-4bde-bd3c-7a9872e4b881", "matchIDinofficial": "20220417SUN60", "matchNum": "60", "matchDate": "2022-04-17+08:00", "matchDay": "SUN", "coupon": {"couponID": "2", "couponShortName": "SUN", "couponNameCH": "\u5468\u65e5\u8cfd\u4e8b", "couponNameEN": "Sunday Matches"}, "league": {"leagueID": "4", "leagueShortName": "SFL", "leagueNameCH": "\u897f\u73ed\u7259\u7532\u7d44\u806f\u8cfd", "leagueNameEN": "Spanish Division 1"}, "homeTeam": {"teamID": "72", "teamNameCH": "\u897f\u7dad\u723e", "teamNameEN": "Sevilla"}, "awayTeam": {"teamID": "69", "teamNameCH": "\u7687\u5bb6\u99ac\u5fb7\u91cc", "teamNameEN": "Real Madrid"}, "matchStatus": "ResultIn", "matchTime": "2022-04-18T03:00:00+08:00", "statuslastupdated": "2022-04-18T04:53:07+08:00", "inplaydelay": "true", "channel": [{"order": 1, "channelID": "632", "channelNameCH": "NOW 632\u53f0", "channelNameEN": "NOW 632"}, {"order": 2, "channelID": "611", "channelNameCH": "NOW 611\u53f0", "channelNameEN": "NOW 611"}], "liveEvent": {"ilcLiveDisplay": true, "hasLiveInfo": true, "isIncomplete": false, "matchIDbetradar": "27965800", "matchstate": "SecondHalf", "stateTS": "2022-04-18T04:05:02+08:00", "liveevent": [{"order": 1, "minutesElasped": "21", "actionType": "Regular", "playerNameCH": "\u62ff\u5091\u8fea\u932b", "playerNameEN": "Ivan Rakitic", "homeaway": "Home"}, {"order": 2, "minutesElasped": "25", "actionType": "Regular", "playerNameCH": "\u62c9\u7f8e\u62ff", "playerNameEN": "Erik Lamela", "homeaway": "Home"}, {"order": 3, "minutesElasped": "31", "actionType": "YellowCard", "playerNameCH": "\u5361\u99ac\u96f2\u52a0", "playerNameEN": "Eduardo Camavinga", "homeaway": "Away"}, {"order": 4, "minutesElasped": "39", "actionType": "YellowCard", "playerNameCH": "\u5b89\u6771\u5c3c\u99ac\u8fea\u723e", "playerNameEN": "Anthony Martial", "homeaway": "Home"}, {"order": 5, "minutesElasped": "50", "actionType": "Regular", "playerNameCH": "\u6d1b\u8fea\u9ad8\u9ad8\u65af", "playerNameEN": "Rodrygo", "homeaway": "Away"}, {"order": 6, "minutesElasped": "78", "actionType": "YellowCard", "playerNameCH": "\u62ff\u7956\u8cbb\u5357\u8fea\u65af", "playerNameEN": "Nacho Fernandez", "homeaway": "Away"}, {"order": 7, "minutesElasped": "81", "actionType": "YellowCard", "playerNameCH": "\u8fea\u4e9e\u9ad8\u5361\u8def\u58eb", "playerNameEN": "Diego Carlos", "homeaway": "Home"}, {"order": 8, "minutesElasped": "82", "actionType": "Regular", "playerNameCH": "\u62ff\u7956\u8cbb\u5357\u8fea\u65af", "playerNameEN": "Nacho Fernandez", "homeaway": "Away"}, {"order": 9, "minutesElasped": "83", "actionType": "YellowCard", "playerNameCH": "\u5967\u5229\u83ef\u6258\u5229\u65af", "playerNameEN": "Oliver Torres", "homeaway": "Home"}, {"order": 10, "minutesElasped": "90", "actionType": "Regular", "playerNameCH": "\u8cd3\u65bd\u99ac", "playerNameEN": "Karim Benzema", "homeaway": "Away"}]}, "accumulatedscore": [{"periodvalue": "FirstHalf", "periodstatus": "ResultFinal", "home": "2", "away": "0"}, {"periodvalue": "SecondHalf", "periodstatus": "Interim", "home": "2", "away": "3"}], "livescore": {"home": "2", "away": "3"}, "cornerresult": "-1", "hasWebTV": false, "hasOdds": false, "chlodds": {"LINELIST": [{"LINENUM": "1", "MAINLINE": "true", "LINESTATUS": "1", "LINEORDER": "1", "LINE": "4.5/4.5", "L": "100@1.18", "H": "100@4.15"}], "ID": "8e50a461-3fb9-4788-a987-9fd5c6036750", "POOLSTATUS": "FinalStopSell", "ET": "0", "INPLAY": "true", "ALLUP": "true", "Cur": "1"}, "hasExtraTimePools": false, "results": {}, "definedPools": ["HAD", "FHA", "CRS", "FCS", "FTS", "OOE", "TTG", "HFT", "HHA", "HDC", "HIL", "FHL", "CHL", "NTS"], "inplayPools": ["HAD", "FHA", "HIL", "CHL", "CRS", "FCS", "NTS"], "dhc": {"LEG1": "SUN 59", "LEG1ID": "d9b54278-8e7b-4f77-aff7-ef1d9b4d8caf", "LEG2": "SUN 60", "LEG2ID": "9f40834d-8513-4bde-bd3c-7a9872e4b881", "ITEM": "1"}}]