[{"matchID": "32e5397a-4fbf-43af-b927-cd5be9ba4dae", "matchIDinofficial": "20220416SAT30", "matchNum": "30", "matchDate": "2022-04-16+08:00", "matchDay": "SAT", "coupon": {"couponID": "1", "couponShortName": "SAT", "couponNameCH": "\u5468\u516d\u8cfd\u4e8b", "couponNameEN": "Saturday Matches"}, "league": {"leagueID": "1", "leagueShortName": "EPL", "leagueNameCH": "\u82f1\u683c\u862d\u8d85\u7d1a\u806f\u8cfd", "leagueNameEN": "Eng Premier"}, "homeTeam": {"teamID": "14", "teamNameCH": "\u66fc\u806f", "teamNameEN": "Manchester Utd"}, "awayTeam": {"teamID": "199", "teamNameCH": "\u8afe\u57df\u6cbb", "teamNameEN": "Norwich"}, "matchStatus": "ResultIn", "matchTime": "2022-04-16T22:00:00+08:00", "statuslastupdated": "2022-04-16T23:59:28+08:00", "inplaydelay": "true", "channel": [{"order": 1, "channelID": "621", "channelNameCH": "NOW 621\u53f0", "channelNameEN": "NOW 621"}], "liveEvent": {"ilcLiveDisplay": true, "hasLiveInfo": true, "isIncomplete": false, "matchIDbetradar": "27751698", "matchstate": "EndedAfterFT", "stateTS": "2022-04-16T23:04:51+08:00", "liveevent": [{"order": 1, "minutesElasped": "7", "actionType": "Regular", "playerNameCH": "\u57fa\u65af\u5766\u5974\u6717\u62ff\u5ea6", "playerNameEN": "Cristiano Ronaldo", "homeaway": "Home"}, {"order": 2, "minutesElasped": "32", "actionType": "Regular", "playerNameCH": "\u57fa\u65af\u5766\u5974\u6717\u62ff\u5ea6", "playerNameEN": "Cristiano Ronaldo", "homeaway": "Home"}, {"order": 3, "minutesElasped": "45", "actionType": "Regular", "playerNameCH": "\u57fa\u862d\u675c\u7dad\u723e", "playerNameEN": "Kieran Dowell", "homeaway": "Away"}, {"order": 4, "minutesElasped": "52", "actionType": "Regular", "playerNameCH": "\u8fea\u59c6\u666e\u57fa", "playerNameEN": "Teemu Pukki", "homeaway": "Away"}, {"order": 5, "minutesElasped": "76", "actionType": "Regular", "playerNameCH": "\u57fa\u65af\u5766\u5974\u6717\u62ff\u5ea6", "playerNameEN": "Cristiano Ronaldo", "homeaway": "Home"}]}, "accumulatedscore": [{"periodvalue": "FirstHalf", "periodstatus": "ResultFinal", "home": "2", "away": "1"}, {"periodvalue": "SecondHalf", "periodstatus": "ResultFinal", "home": "3", "away": "2"}], "livescore": {"home": "3", "away": "2"}, "cornerresult": "-1", "hasWebTV": false, "hasOdds": false, "chlodds": {"LINELIST": [{"LINENUM": "1", "MAINLINE": "true", "LINESTATUS": "1", "LINEORDER": "1", "LINE": "14.5/14.5", "H": "100@5.10", "L": "100@1.12"}], "ID": "5fa59ebb-63da-47ef-82f9-62a0d6d7a2b6", "POOLSTATUS": "FinalStopSell", "ET": "0", "INPLAY": "true", "ALLUP": "true", "Cur": "1"}, "hasExtraTimePools": false, "results": {}, "definedPools": ["HAD", "FHA", "CRS", "FCS", "FTS", "OOE", "TTG", "HFT", "HHA", "HDC", "HIL", "FHL", "CHL", "NTS"], "inplayPools": ["HAD", "FHA", "HIL", "CHL", "CRS", "FCS", "NTS"]}, {"matchID": "befe7b16-5112-421d-b2f0-c3e74d2b7544", "matchIDinofficial": "20220416SAT36", "matchNum": "36", "matchDate": "2022-04-16+08:00", "matchDay": "SAT", "coupon": {"couponID": "1", "couponShortName": "SAT", "couponNameCH": "\u5468\u516d\u8cfd\u4e8b", "couponNameEN": "Saturday Matches"}, "league": {"leagueID": "5", "leagueShortName": "EFA", "leagueNameCH": "\u82f1\u683c\u862d\u8db3\u7e3d\u76c3", "leagueNameEN": "FA Cup"}, "homeTeam": {"teamID": "13", "teamNameCH": "\u66fc\u57ce", "teamNameEN": "Manchester City"}, "awayTeam": {"teamID": "12", "teamNameCH": "\u5229\u7269\u6d66", "teamNameEN": "Liverpool"}, "matchStatus": "ResultIn", "matchTime": "2022-04-16T22:30:00+08:00", "statuslastupdated": "2022-04-16T23:59:09+08:00", "inplaydelay": "true", "neutralgroundvenue": {"neutralgroundvenueNameCH": "\u502b\u6566\u6eab\u5e03\u840a\u7403\u5834", "neutralgroundvenueNameEN": "Wembley Stadium, London"}, "channel": [{"order": 1, "channelID": "MTS", "channelNameCH": "\u7121\u7dda myTV SUPER", "channelNameEN": "TVB myTV SUPER"}], "liveEvent": {"ilcLiveDisplay": true, "hasLiveInfo": true, "isIncomplete": false, "matchIDbetradar": "32776689", "matchstate": "SecondHalf", "stateTS": "2022-04-16T23:33:46+08:00", "liveevent": [{"order": 1, "minutesElasped": "9", "actionType": "Regular", "playerNameCH": "\u4f0a\u5df4\u5e0c\u99ac\u5e72\u62ff\u8fea", "playerNameEN": "Ibrahima Konate", "homeaway": "Away"}, {"order": 2, "minutesElasped": "17", "actionType": "Regular", "playerNameCH": "\u6c99\u8fea\u5967\u6587\u5c3c", "playerNameEN": "Sadio Mane", "homeaway": "Away"}, {"order": 3, "minutesElasped": "27", "actionType": "YellowCard", "playerNameCH": "\u52a0\u6bd4\u723e\u6377\u897f\u65af", "playerNameEN": "Gabriel Jesus", "homeaway": "Home"}, {"order": 4, "minutesElasped": "37", "actionType": "YellowCard", "playerNameCH": "\u6cd5\u8cd3\u5974\u6cf0\u83ef\u5229\u65af", "playerNameEN": "Fabinho", "homeaway": "Away"}, {"order": 5, "minutesElasped": "45", "actionType": "Regular", "playerNameCH": "\u6c99\u8fea\u5967\u6587\u5c3c", "playerNameEN": "Sadio Mane", "homeaway": "Away"}, {"order": 6, "minutesElasped": "47", "actionType": "Regular", "playerNameCH": "\u57fa\u4e9e\u5229\u6b8a", "playerNameEN": "Jack Grealish", "homeaway": "Home"}, {"order": 7, "minutesElasped": "48", "actionType": "YellowCard", "playerNameCH": "\u62ff\u6bd4\u57fa\u9054", "playerNameEN": "Naby Keita", "homeaway": "Away"}, {"order": 8, "minutesElasped": "57", "actionType": "YellowCard", "playerNameCH": "\u8cbb\u862d\u7538\u5974", "playerNameEN": "Fernandinho", "homeaway": "Home"}, {"order": 9, "minutesElasped": "61", "actionType": "YellowCard", "playerNameCH": "\u6c99\u8fea\u5967\u6587\u5c3c", "playerNameEN": "Sadio Mane", "homeaway": "Away"}]}, "accumulatedscore": [{"periodvalue": "FirstHalf", "periodstatus": "ResultFinal", "home": "0", "away": "3"}, {"periodvalue": "SecondHalf", "periodstatus": "Interim", "home": "1", "away": "3"}], "livescore": {"home": "1", "away": "3"}, "cornerresult": "6", "hasWebTV": false, "hasOdds": false, "chlodds": {"LINELIST": [{"LINENUM": "1", "MAINLINE": "true", "LINESTATUS": "1", "LINEORDER": "1", "LINE": "8.5/8.5", "H": "100@2.35", "L": "100@1.52"}, {"LINENUM": "2", "MAINLINE": "false", "LINESTATUS": "1", "LINEORDER": "2", "LINE": "9.5/9.5", "L": "100@1.15", "H": "100@4.55"}], "ID": "15bf4ceb-cc62-4947-9a58-9098bce30b4c", "POOLSTATUS": "Selling", "ET": "0", "INPLAY": "true", "ALLUP": "true", "Cur": "1"}, "hasExtraTimePools": true, "results": {}, "definedPools": ["HAD", "FHA", "CRS", "FCS", "FTS", "TQL", "OOE", "TTG", "HFT", "HHA", "HDC", "HIL", "FHL", "CHL", "NTS"], "inplayPools": ["HAD", "FHA", "TQL", "HIL", "CHL", "CRS", "FCS", "NTS"]}]