[{"matchID": "c7ccd06d-ec2e-4741-b466-2769826620a0", "matchIDinofficial": "20220417SUN53", "matchNum": "53", "matchDate": "2022-04-17+08:00", "matchDay": "SUN", "coupon": {"couponID": "2", "couponShortName": "SUN", "couponNameCH": "\u5468\u65e5\u8cfd\u4e8b", "couponNameEN": "Sunday Matches"}, "league": {"leagueID": "4", "leagueShortName": "SFL", "leagueNameCH": "\u897f\u73ed\u7259\u7532\u7d44\u806f\u8cfd", "leagueNameEN": "Spanish Division 1"}, "homeTeam": {"teamID": "61", "teamNameCH": "\u7562\u723e\u5305", "teamNameEN": "Bilbao"}, "awayTeam": {"teamID": "62", "teamNameCH": "\u5207\u723e\u9054", "teamNameEN": "Celta Vigo"}, "matchStatus": "ResultIn", "matchTime": "2022-04-18T00:30:00+08:00", "statuslastupdated": "2022-04-18T01:37:04+08:00", "inplaydelay": "true", "channel": [{"order": 1, "channelID": "632", "channelNameCH": "NOW 632\u53f0", "channelNameEN": "NOW 632"}], "liveEvent": {"ilcLiveDisplay": true, "hasLiveInfo": true, "isIncomplete": false, "matchIDbetradar": "27965788", "matchstate": "SecondHalf", "stateTS": "2022-04-18T01:32:19+08:00", "liveevent": [{"order": 1, "minutesElasped": "11", "actionType": "Regular", "playerNameCH": "\u4f0a\u4e9e\u9ad8\u827e\u65af\u5df4\u65af", "playerNameEN": "Iago Aspas", "homeaway": "Away"}, {"order": 2, "minutesElasped": "37", "actionType": "Regular", "playerNameCH": "\u6cd5\u862d\u8c9d\u5766", "playerNameEN": "Fran Beltran", "homeaway": "Away"}, {"order": 3, "minutesElasped": "41", "actionType": "YellowCard", "playerNameCH": "\u67cf\u6c99\u6717\u6587", "playerNameEN": "Alex Petxa", "homeaway": "Home"}]}, "accumulatedscore": [{"periodvalue": "FirstHalf", "periodstatus": "ResultFinal", "home": "0", "away": "2"}, {"periodvalue": "SecondHalf", "periodstatus": "Interim", "home": "", "away": ""}], "livescore": {"home": "0", "away": "2"}, "cornerresult": "5", "hasWebTV": false, "hasOdds": false, "chlodds": {"LINELIST": [{"LINENUM": "1", "MAINLINE": "true", "LINESTATUS": "1", "LINEORDER": "1", "LINE": "9.5/9.5", "L": "100@1.70", "H": "100@2.02"}, {"LINENUM": "2", "MAINLINE": "false", "LINESTATUS": "1", "LINEORDER": "2", "LINE": "10.5/10.5", "H": "100@3.10", "L": "100@1.31"}], "ID": "3d72ddc0-dc52-424e-b3d4-342d41621bc7", "POOLSTATUS": "Selling", "ET": "0", "INPLAY": "true", "ALLUP": "true", "Cur": "1"}, "hasExtraTimePools": false, "results": {}, "definedPools": ["HAD", "FHA", "CRS", "FCS", "FTS", "OOE", "TTG", "HFT", "HHA", "HDC", "HIL", "FHL", "CHL", "NTS"], "inplayPools": ["HAD", "FHA", "HIL", "CHL", "CRS", "FCS", "NTS"]}]