[{"matchID": "7afdadf6-1221-4936-a485-1a0f21c9418b", "matchIDinofficial": "20220417SUN22", "matchNum": "22", "matchDate": "2022-04-17+08:00", "matchDay": "SUN", "coupon": {"couponID": "2", "couponShortName": "SUN", "couponNameCH": "\u5468\u65e5\u8cfd\u4e8b", "couponNameEN": "Sunday Matches"}, "league": {"leagueID": "4", "leagueShortName": "SFL", "leagueNameCH": "\u897f\u73ed\u7259\u7532\u7d44\u806f\u8cfd", "leagueNameEN": "Spanish Division 1"}, "homeTeam": {"teamID": "1707", "teamNameCH": "CF\u683c\u862d\u7d0d\u9054", "teamNameEN": "CF Granada"}, "awayTeam": {"teamID": "264", "teamNameCH": "\u5229\u96f2\u7279", "teamNameEN": "Levante"}, "matchStatus": "ResultIn", "matchTime": "2022-04-17T20:00:00+08:00", "statuslastupdated": "2022-04-17T21:09:18+08:00", "inplaydelay": "true", "channel": [{"order": 1, "channelID": "632", "channelNameCH": "NOW 632\u53f0", "channelNameEN": "NOW 632"}], "liveEvent": {"ilcLiveDisplay": true, "hasLiveInfo": true, "isIncomplete": false, "matchIDbetradar": "27965796", "matchstate": "SecondHalf", "stateTS": "2022-04-17T21:06:43+08:00", "liveevent": [{"order": 1, "minutesElasped": "17", "actionType": "Regular", "playerNameCH": "\u4e39\u5c3c\u9ad8\u7f8e\u65af", "playerNameEN": "Dani Gomez", "homeaway": "Away"}, {"order": 2, "minutesElasped": "35", "actionType": "YellowCard", "playerNameCH": "\u57df\u9640\u8fea\u4e9e\u65af", "playerNameEN": "Victor Diaz", "homeaway": "Home"}, {"order": 3, "minutesElasped": "40", "actionType": "YellowCard", "playerNameCH": "\u5c3c\u66fc\u67e5\u62c9\u5ea6\u67e5", "playerNameEN": "Nemanja Radoja", "homeaway": "Away"}, {"order": 4, "minutesElasped": "44", "actionType": "YellowCard", "playerNameCH": "\u8b1d\u66fc\u5c71\u9f4a\u58eb", "playerNameEN": "German Sanchez", "homeaway": "Home"}]}, "accumulatedscore": [{"periodvalue": "FirstHalf", "periodstatus": "ResultFinal", "home": "0", "away": "1"}, {"periodvalue": "SecondHalf", "periodstatus": "Interim", "home": "", "away": ""}], "livescore": {"home": "0", "away": "1"}, "cornerresult": "7", "hasWebTV": false, "hasOdds": false, "chlodds": {"LINELIST": [{"LINENUM": "2", "MAINLINE": "false", "LINESTATUS": "1", "LINEORDER": "2", "LINE": "12.5/12.5", "L": "100@1.38", "H": "100@2.80"}, {"LINENUM": "1", "MAINLINE": "true", "LINESTATUS": "1", "LINEORDER": "1", "LINE": "11.5/11.5", "H": "100@1.92", "L": "100@1.78"}], "ID": "8b9b9fbb-2111-43d6-bd36-8d72ea93f8a4", "POOLSTATUS": "Selling", "ET": "0", "INPLAY": "true", "ALLUP": "true", "Cur": "1"}, "hasExtraTimePools": false, "results": {}, "definedPools": ["HAD", "FHA", "CRS", "FCS", "FTS", "OOE", "TTG", "HFT", "HHA", "HDC", "HIL", "FHL", "CHL", "NTS"], "inplayPools": ["HAD", "FHA", "HIL", "CHL", "CRS", "FCS", "NTS"]}]