[{"matchID": "b4259d27-ad18-4cbb-af1f-0435dce4cf46", "matchIDinofficial": "20220418MON39", "matchNum": "39", "matchDate": "2022-04-18+08:00", "matchDay": "MON", "coupon": {"couponID": "3", "couponShortName": "MON", "couponNameCH": "\u5468\u4e00\u8cfd\u4e8b", "couponNameEN": "Monday Matches"}, "league": {"leagueID": "59", "leagueShortName": "NTL", "leagueNameCH": "\u632a\u5a01\u8d85\u7d1a\u806f\u8cfd", "leagueNameEN": "Norwegian Division 1"}, "homeTeam": {"teamID": "613", "teamNameCH": "\u6ce2\u675c\u57fa\u6797\u7279", "teamNameEN": "Bodo Glimt"}, "awayTeam": {"teamID": "295", "teamNameCH": "\u83ef\u62c9\u502b\u52a0", "teamNameEN": "Valerenga"}, "matchStatus": "ResultIn", "matchTime": "2022-04-19T02:00:00+08:00", "statuslastupdated": "2022-04-19T03:19:59+08:00", "inplaydelay": "true", "channel": [{"order": 1, "channelID": "ES", "channelNameCH": "ElevenSports", "channelNameEN": "ElevenSports"}], "liveEvent": {"ilcLiveDisplay": true, "hasLiveInfo": true, "isIncomplete": false, "matchIDbetradar": "31601955", "matchstate": "SecondHalf", "stateTS": "2022-04-19T03:01:50+08:00", "liveevent": [{"order": 1, "minutesElasped": "36", "actionType": "Regular", "playerNameCH": "\u8607\u723e\u5df4\u6839", "playerNameEN": "Ola Solbakken", "homeaway": "Home"}, {"order": 2, "minutesElasped": "41", "actionType": "Regular", "playerNameCH": "\u68b3\u7279\u5c3c\u65af", "playerNameEN": "Ulrik Saltnes", "homeaway": "Home"}, {"order": 3, "minutesElasped": "61", "actionType": "YellowCard", "playerNameCH": "\u51f1\u5df4\u9813", "playerNameEN": "Marius Hoibraten", "homeaway": "Home"}, {"order": 4, "minutesElasped": "62", "actionType": "Regular", "playerNameCH": "Runar Espejord", "playerNameEN": "Runar Espejord", "homeaway": "Home"}]}, "accumulatedscore": [{"periodvalue": "FirstHalf", "periodstatus": "ResultFinal", "home": "2", "away": "0"}, {"periodvalue": "SecondHalf", "periodstatus": "Interim", "home": "3", "away": "0"}], "livescore": {"home": "3", "away": "0"}, "cornerresult": "8", "hasWebTV": false, "hasOdds": false, "chlodds": {"LINELIST": [{"LINENUM": "2", "MAINLINE": "false", "LINESTATUS": "1", "LINEORDER": "2", "LINE": "11.5/11.5", "L": "100@1.49", "H": "100@2.43"}, {"LINENUM": "1", "MAINLINE": "true", "LINESTATUS": "1", "LINEORDER": "1", "LINE": "10.5/10.5", "L": "100@2.29", "H": "100@1.55"}], "ID": "148d62d9-6971-470d-a75f-d9e2e43d733b", "POOLSTATUS": "Selling", "ET": "0", "INPLAY": "true", "ALLUP": "true", "Cur": "1"}, "hasExtraTimePools": false, "results": {}, "definedPools": ["HAD", "FHA", "CRS", "FCS", "FTS", "OOE", "TTG", "HFT", "HHA", "HDC", "HIL", "FHL", "CHL", "NTS"], "inplayPools": ["HAD", "FHA", "HIL", "CHL", "CRS", "FCS", "NTS"]}, {"matchID": "126a9070-8521-48f6-89a0-2195eabd9f92", "matchIDinofficial": "20220418MON42", "matchNum": "42", "matchDate": "2022-04-18+08:00", "matchDay": "MON", "coupon": {"couponID": "3", "couponShortName": "MON", "couponNameCH": "\u5468\u4e00\u8cfd\u4e8b", "couponNameEN": "Monday Matches"}, "league": {"leagueID": "2", "leagueShortName": "ISA", "leagueNameCH": "\u610f\u5927\u5229\u7532\u7d44\u806f\u8cfd", "leagueNameEN": "Italian Division 1"}, "homeTeam": {"teamID": "340", "teamNameCH": "\u963f\u7279\u862d\u5927", "teamNameEN": "Atalanta"}, "awayTeam": {"teamID": "1764", "teamNameCH": "\u7dad\u7f85\u7d0d", "teamNameEN": "Verona"}, "matchStatus": "Closed", "matchTime": "2022-04-19T03:00:00+08:00", "statuslastupdated": "2022-04-19T03:01:49+08:00", "inplaydelay": "true", "channel": [{"order": 1, "channelID": "638", "channelNameCH": "NOW 638\u53f0", "channelNameEN": "NOW 638"}], "liveEvent": {"ilcLiveDisplay": true, "hasLiveInfo": true, "isIncomplete": false, "matchIDbetradar": "28160470", "matchstate": "FirstHalf", "stateTS": "2022-04-19T03:01:49+08:00", "liveevent": [{"order": 1, "minutesElasped": "9", "actionType": "YellowCard", "playerNameCH": "\u54e5\u5229\u723e\u6839\u9054", "playerNameEN": "Koray Gunter", "homeaway": "Away"}]}, "accumulatedscore": [{"periodvalue": "FirstHalf", "periodstatus": "Started", "home": "", "away": ""}], "livescore": {"home": "0", "away": "0"}, "cornerresult": "3", "hasWebTV": false, "hasOdds": false, "chlodds": {"LINELIST": [{"LINENUM": "2", "MAINLINE": "false", "LINESTATUS": "1", "LINEORDER": "2", "LINE": "11.5/11.5", "H": "100@2.07", "L": "100@1.67"}, {"LINENUM": "1", "MAINLINE": "true", "LINESTATUS": "1", "LINEORDER": "1", "LINE": "10.5/10.5", "L": "100@2.00", "H": "100@1.72"}], "ID": "7c2e7173-02e1-4a51-aea3-80b3406d10c2", "POOLSTATUS": "Selling", "ET": "0", "INPLAY": "true", "ALLUP": "true", "Cur": "1"}, "hasExtraTimePools": false, "results": {}, "definedPools": ["HAD", "FHA", "CRS", "FCS", "FTS", "OOE", "TTG", "HFT", "HHA", "HDC", "HIL", "FHL", "CHL", "NTS"], "inplayPools": ["HAD", "FHA", "HIL", "CHL", "CRS", "FCS", "NTS"], "dhc": {"LEG1": "MON 41", "LEG1ID": "e0717085-f2bc-4f7c-8462-1aa6d56cf670", "LEG2": "MON 42", "LEG2ID": "126a9070-8521-48f6-89a0-2195eabd9f92", "ITEM": "1"}}]