[{"matchID": "e43c775f-e8b7-4407-8f76-9562d071a71d", "matchIDinofficial": "20220424SUN63", "matchNum": "63", "matchDate": "2022-04-24+08:00", "matchDay": "SUN", "coupon": {"couponID": "2", "couponShortName": "SUN", "couponNameCH": "\u5468\u65e5\u8cfd\u4e8b", "couponNameEN": "Sunday Matches"}, "league": {"leagueID": "2", "leagueShortName": "ISA", "leagueNameCH": "\u610f\u5927\u5229\u7532\u7d44\u806f\u8cfd", "leagueNameEN": "Italian Division 1"}, "homeTeam": {"teamID": "47", "teamNameCH": "\u62c9\u7d20", "teamNameEN": "Lazio"}, "awayTeam": {"teamID": "39", "teamNameCH": "AC\u7c73\u862d", "teamNameEN": "AC Milan"}, "matchStatus": "ResultIn", "matchTime": "2022-04-25T02:45:00+08:00", "statuslastupdated": "2022-04-25T03:22:54+08:00", "inplaydelay": "true", "channel": [{"order": 1, "channelID": "638", "channelNameCH": "NOW 638\u53f0", "channelNameEN": "NOW 638"}], "liveEvent": {"ilcLiveDisplay": true, "hasLiveInfo": true, "isIncomplete": false, "matchIDbetradar": "28160500", "matchstate": "FirstHalf", "stateTS": "2022-04-25T02:46:23+08:00", "liveevent": [{"order": 1, "minutesElasped": "4", "actionType": "Regular", "playerNameCH": "\u6069\u83ab\u6bd4\u5c3c", "playerNameEN": "Ciro Immobile", "homeaway": "Home"}, {"order": 2, "minutesElasped": "8", "actionType": "YellowCard", "playerNameCH": "\u53f2\u9054\u9ad8\u6c99", "playerNameEN": "Thomas Strakosha", "homeaway": "Home"}, {"order": 3, "minutesElasped": "26", "actionType": "YellowCard", "playerNameCH": "\u6e6f\u59c6\u5229", "playerNameEN": "Fikayo Tomori", "homeaway": "Away"}]}, "accumulatedscore": [{"periodvalue": "FirstHalf", "periodstatus": "Interim", "home": "1", "away": "0"}], "livescore": {"home": "1", "away": "0"}, "cornerresult": "-1", "hasWebTV": false, "hasOdds": false, "chlodds": {"LINELIST": [{"LINENUM": "1", "MAINLINE": "true", "LINESTATUS": "1", "LINEORDER": "1", "LINE": "8.5/8.5", "H": "100@2.10", "L": "100@1.65"}, {"LINENUM": "2", "MAINLINE": "false", "LINESTATUS": "1", "LINEORDER": "2", "LINE": "9.5/9.5", "L": "100@1.33", "H": "100@3.00"}], "ID": "c735d7e9-a890-432c-bc8b-d7ef5ac7e383", "POOLSTATUS": "Selling", "ET": "0", "INPLAY": "true", "ALLUP": "true", "Cur": "1"}, "hasExtraTimePools": false, "results": {}, "definedPools": ["HAD", "FHA", "CRS", "FCS", "FTS", "OOE", "TTG", "HFT", "HHA", "HDC", "HIL", "FHL", "CHL", "NTS"], "inplayPools": ["HAD", "FHA", "HIL", "CHL", "CRS", "FCS", "NTS"]}]