[{"matchID": "28a1d803-7e70-42d4-a23c-54f862562d99", "matchIDinofficial": "20220504WED12", "matchNum": "12", "matchDate": "2022-05-04+08:00", "matchDay": "WED", "coupon": {"couponID": "5", "couponShortName": "WED", "couponNameCH": "\u5468\u4e09\u8cfd\u4e8b", "couponNameEN": "Wednesday Matches"}, "league": {"leagueID": "87", "leagueShortName": "JD2", "leagueNameCH": "\u65e5\u672c\u4e59\u7d44\u806f\u8cfd", "leagueNameEN": "Japanese Division 2"}, "homeTeam": {"teamID": "1180", "teamNameCH": "\u6aea\u6728SC", "teamNameEN": "Tochigi SC"}, "awayTeam": {"teamID": "1037", "teamNameCH": "\u5c71\u5f62\u5c71\u795e", "teamNameEN": "Montedio Yamagata"}, "matchStatus": "ResultIn", "matchTime": "2022-05-04T15:00:00+08:00", "statuslastupdated": "2022-05-04T16:46:51+08:00", "inplaydelay": "true", "channel": [{"order": 1, "channelID": "C662", "channelNameCH": "\u6709\u7dda662\u53f0", "channelNameEN": "i-CABLE 662"}, {"order": 2, "channelID": "C602", "channelNameCH": "\u6709\u7dda602\u53f0", "channelNameEN": "i-CABLE 602"}], "liveEvent": {"ilcLiveDisplay": true, "hasLiveInfo": true, "isIncomplete": true, "matchIDbetradar": "", "matchstate": "SecondHalf", "stateTS": "2022-05-04T16:04:40+08:00", "liveevent": [{"order": 1, "minutesElasped": "13", "actionType": "Regular", "playerNameCH": "\u8fea\u62c9\u6258\u5229", "playerNameEN": "Guilherme Augusto Alves Dellatorre", "homeaway": "Away"}]}, "accumulatedscore": [{"periodvalue": "FirstHalf", "periodstatus": "ResultFinal", "home": "0", "away": "1"}, {"periodvalue": "SecondHalf", "periodstatus": "Interim", "home": "1", "away": "1"}], "livescore": {"home": "1", "away": "1"}, "cornerresult": "-1", "hasWebTV": false, "hasOdds": false, "chlodds": {"LINELIST": [{"LINENUM": "1", "MAINLINE": "true", "LINESTATUS": "1", "LINEORDER": "1", "LINE": "7.5/7.5", "H": "100@4.05", "L": "100@1.19"}], "ID": "84417d5d-7d0e-4fd4-a51a-ac256483d757", "POOLSTATUS": "FinalStopSell", "ET": "0", "INPLAY": "true", "ALLUP": "true", "Cur": "1"}, "hasExtraTimePools": false, "results": {}, "definedPools": ["HAD", "FHA", "CRS", "FCS", "FTS", "OOE", "TTG", "HFT", "HHA", "HDC", "HIL", "FHL", "CHL", "NTS"], "inplayPools": ["HAD", "FHA", "HIL", "CHL", "CRS", "FCS", "NTS"]}]