[{"matchID": "92818ec5-b49b-4e50-aad3-771b60ca2f5d", "matchIDinofficial": "20220423SAT16", "matchNum": "16", "matchDate": "2022-04-23+08:00", "matchDay": "SAT", "coupon": {"couponID": "1", "couponShortName": "SAT", "couponNameCH": "\u5468\u516d\u8cfd\u4e8b", "couponNameEN": "Saturday Matches"}, "league": {"leagueID": "89", "leagueShortName": "AD1", "leagueNameCH": "\u6fb3\u6d32\u8077\u696d\u806f\u8cfd", "leagueNameEN": "Australian Division 1"}, "homeTeam": {"teamID": "1154", "teamNameCH": "\u7d10\u5361\u7d20\u5674\u5c04\u6a5f", "teamNameEN": "Newcastle Jets"}, "awayTeam": {"teamID": "1153", "teamNameCH": "\u4e2d\u5cb8\u6c34\u624b", "teamNameEN": "Central Coast Mariners"}, "matchStatus": "ResultIn", "matchTime": "2022-04-23T17:45:00+08:00", "statuslastupdated": "2022-04-23T19:24:07+08:00", "inplaydelay": "true", "channel": [{"order": 1, "channelID": "MTS", "channelNameCH": "\u7121\u7dda myTV SUPER", "channelNameEN": "TVB myTV SUPER"}], "liveEvent": {"ilcLiveDisplay": true, "hasLiveInfo": true, "isIncomplete": false, "matchIDbetradar": "30903629", "matchstate": "SecondHalf", "stateTS": "2022-04-23T18:55:18+08:00", "liveevent": [{"order": 1, "minutesElasped": "19", "actionType": "Regular", "playerNameCH": "\u6469\u5229\u8212\u67e5", "playerNameEN": "Matheus Moresche", "homeaway": "Away"}, {"order": 2, "minutesElasped": "22", "actionType": "YellowCard", "playerNameCH": "\u7956\u6587", "playerNameEN": "Matthew Jurman", "homeaway": "Home"}, {"order": 3, "minutesElasped": "30", "actionType": "Regular", "playerNameCH": "\u7a4d\u81e3\u7518\u660e\u65af", "playerNameEN": "Jason Cummings", "homeaway": "Away"}, {"order": 4, "minutesElasped": "34", "actionType": "Penalty", "playerNameCH": "\u7a4d\u81e3\u7518\u660e\u65af", "playerNameEN": "Jason Cummings", "homeaway": "Away"}, {"order": 5, "minutesElasped": "46", "actionType": "Regular", "playerNameCH": "\u83ab\u62c9\u57fa\u65af", "playerNameEN": "Lucas Mauragis", "homeaway": "Home"}, {"order": 6, "minutesElasped": "50", "actionType": "OwnGoal", "playerNameCH": "\u7a4d\u53ca\u6cd5\u62ff\u723e", "playerNameEN": "Jacob Farrell", "homeaway": "Home"}, {"order": 7, "minutesElasped": "55", "actionType": "YellowCard", "playerNameCH": "\u4f50\u6566\u827e\u65af", "playerNameEN": "Jordan Elsey", "homeaway": "Home"}, {"order": 8, "minutesElasped": "69", "actionType": "YellowCard", "playerNameCH": "\u8def\u6613\u65af\u7c73\u62ff", "playerNameEN": "Lewis Miller", "homeaway": "Away"}]}, "accumulatedscore": [{"periodvalue": "FirstHalf", "periodstatus": "ResultFinal", "home": "0", "away": "3"}, {"periodvalue": "SecondHalf", "periodstatus": "Interim", "home": "2", "away": "3"}], "livescore": {"home": "2", "away": "3"}, "cornerresult": "-1", "hasWebTV": false, "hasOdds": false, "chlodds": {"LINELIST": [{"LINENUM": "1", "MAINLINE": "true", "LINESTATUS": "1", "LINEORDER": "1", "LINE": "6.5/6.5", "H": "100@2.68", "L": "100@1.41"}], "ID": "b4c9cefa-6efd-434f-b19c-ad22da76afdb", "POOLSTATUS": "NotSelling", "ET": "0", "INPLAY": "true", "ALLUP": "true", "Cur": "1"}, "hasExtraTimePools": false, "results": {}, "definedPools": ["HAD", "FHA", "CRS", "FCS", "FTS", "OOE", "TTG", "HFT", "HHA", "HDC", "HIL", "FHL", "CHL", "NTS"], "inplayPools": ["HAD", "FHA", "HIL", "CHL", "CRS", "FCS", "NTS"]}, {"matchID": "74b8dae4-be31-4f79-9f80-9540c4db99ef", "matchIDinofficial": "20220423SAT17", "matchNum": "17", "matchDate": "2022-04-23+08:00", "matchDay": "SAT", "coupon": {"couponID": "1", "couponShortName": "SAT", "couponNameCH": "\u5468\u516d\u8cfd\u4e8b", "couponNameEN": "Saturday Matches"}, "league": {"leagueID": "15", "leagueShortName": "SPL", "leagueNameCH": "\u8607\u683c\u862d\u8d85\u7d1a\u806f\u8cfd", "leagueNameEN": "Scottish Premier"}, "homeTeam": {"teamID": "257", "teamNameCH": "\u99ac\u745f\u97cb\u723e", "teamNameEN": "Motherwell"}, "awayTeam": {"teamID": "98", "teamNameCH": "\u683c\u62c9\u65af\u54e5\u6d41\u6d6a", "teamNameEN": "Rangers"}, "matchStatus": "ResultIn", "matchTime": "2022-04-23T19:00:00+08:00", "statuslastupdated": "2022-04-23T19:30:27+08:00", "inplaydelay": "true", "channel": [{"order": 1, "channelID": "639", "channelNameCH": "NOW 639 \u53f0", "channelNameEN": "NOW 639"}], "liveEvent": {"ilcLiveDisplay": true, "hasLiveInfo": true, "isIncomplete": true, "matchIDbetradar": "33160025", "matchstate": "FirstHalf", "stateTS": "2022-04-23T19:00:45+08:00", "liveevent": [{"order": 1, "minutesElasped": "14", "actionType": "OwnGoal", "playerNameCH": "\u51f1\u5229, \u9023\u59c6", "playerNameEN": "Liam Kelly", "homeaway": "Away"}, {"order": 2, "minutesElasped": "28", "actionType": "RedCard", "playerNameCH": "\u5df4\u6d1b\u6839", "playerNameEN": "Leon Balogun", "homeaway": "Away"}, {"order": 3, "minutesElasped": "31", "actionType": "YellowCard", "playerNameCH": "\u5b89\u7956\u62c9", "playerNameEN": "Juhani Ojala", "homeaway": "Home"}]}, "accumulatedscore": [{"periodvalue": "FirstHalf", "periodstatus": "Interim", "home": "0", "away": "1"}], "livescore": {"home": "0", "away": "1"}, "cornerresult": "-1", "hasWebTV": false, "hasOdds": false, "chlodds": {"LINELIST": [{"LINENUM": "1", "MAINLINE": "true", "LINESTATUS": "1", "LINEORDER": "1", "LINE": "9.5/9.5", "H": "100@1.94", "L": "100@1.76"}, {"LINENUM": "2", "MAINLINE": "false", "LINESTATUS": "1", "LINEORDER": "2", "LINE": "10.5/10.5", "H": "100@2.68", "L": "100@1.41"}], "ID": "f7854cf6-198f-4ce6-ae85-a04327650f5a", "POOLSTATUS": "NotSelling", "ET": "0", "INPLAY": "true", "ALLUP": "true", "Cur": "1"}, "hasExtraTimePools": false, "results": {}, "definedPools": ["HAD", "FHA", "CRS", "FCS", "FTS", "OOE", "TTG", "HFT", "HHA", "HDC", "HIL", "FHL", "CHL", "NTS"], "inplayPools": ["HAD", "FHA", "HIL", "CHL", "CRS", "FCS", "NTS"]}, {"matchID": "3d45ab53-b7cf-4ea5-b38b-57262cf7525c", "matchIDinofficial": "20220423SAT19", "matchNum": "19", "matchDate": "2022-04-23+08:00", "matchDay": "SAT", "coupon": {"couponID": "1", "couponShortName": "SAT", "couponNameCH": "\u5468\u516d\u8cfd\u4e8b", "couponNameEN": "Saturday Matches"}, "league": {"leagueID": "1", "leagueShortName": "EPL", "leagueNameCH": "\u82f1\u683c\u862d\u8d85\u7d1a\u806f\u8cfd", "leagueNameEN": "Eng Premier"}, "homeTeam": {"teamID": "1", "teamNameCH": "\u963f\u4ed9\u5974", "teamNameEN": "Arsenal"}, "awayTeam": {"teamID": "14", "teamNameCH": "\u66fc\u806f", "teamNameEN": "Manchester Utd"}, "matchStatus": "ResultIn", "matchTime": "2022-04-23T19:30:00+08:00", "statuslastupdated": "2022-04-23T19:34:43+08:00", "inplaydelay": "true", "channel": [{"order": 1, "channelID": "621", "channelNameCH": "NOW 621\u53f0", "channelNameEN": "NOW 621"}, {"order": 2, "channelID": "611", "channelNameCH": "NOW 611\u53f0", "channelNameEN": "NOW 611"}], "liveEvent": {"ilcLiveDisplay": true, "hasLiveInfo": true, "isIncomplete": false, "matchIDbetradar": "27751712", "matchstate": "FirstHalf", "stateTS": "2022-04-23T19:30:30+08:00", "liveevent": [{"order": 1, "minutesElasped": "3", "actionType": "Regular", "playerNameCH": "\u7d10\u5974\u6cf0\u83ef\u5229\u65af", "playerNameEN": "Nuno Tavares", "homeaway": "Home"}]}, "accumulatedscore": [{"periodvalue": "FirstHalf", "periodstatus": "Interim", "home": "1", "away": "0"}], "livescore": {"home": "1", "away": "0"}, "cornerresult": "-1", "hasWebTV": false, "hasOdds": false, "chlodds": {"LINELIST": [{"LINENUM": "1", "MAINLINE": "true", "LINESTATUS": "1", "LINEORDER": "1", "LINE": "10.5/10.5", "H": "100@1.98", "L": "100@1.73"}, {"LINENUM": "2", "MAINLINE": "false", "LINESTATUS": "1", "LINEORDER": "2", "LINE": "11.5/11.5", "H": "100@2.55", "L": "100@1.45"}], "ID": "f01b7197-c1b0-44b7-94e4-6e46fb6e54b1", "POOLSTATUS": "NotSelling", "ET": "0", "INPLAY": "true", "ALLUP": "true", "Cur": "1"}, "hasExtraTimePools": false, "results": {}, "definedPools": ["HAD", "FHA", "CRS", "FCS", "FTS", "OOE", "TTG", "HFT", "HHA", "HDC", "HIL", "FHL", "CHL", "NTS"], "inplayPools": ["HAD", "FHA", "HIL", "CHL", "CRS", "FCS", "NTS"]}]