[{"matchID": "ca4c287b-6cc7-43f7-9b2b-6a1b5d8b6297", "matchIDinofficial": "20220508SUN20", "matchNum": "20", "matchDate": "2022-05-08+08:00", "matchDay": "SUN", "coupon": {"couponID": "2", "couponShortName": "SUN", "couponNameCH": "\u5468\u65e5\u8cfd\u4e8b", "couponNameEN": "Sunday Matches"}, "league": {"leagueID": "89", "leagueShortName": "AD1", "leagueNameCH": "\u6fb3\u6d32\u8077\u696d\u806f\u8cfd", "leagueNameEN": "Australian Division 1"}, "homeTeam": {"teamID": "1114", "teamNameCH": "\u963f\u5fb7\u840a\u5fb7\u806f", "teamNameEN": "Adelaide Utd"}, "awayTeam": {"teamID": "3270", "teamNameCH": "\u897f\u90e8\u806f", "teamNameEN": "Western Utd"}, "matchStatus": "ResultIn", "matchTime": "2022-05-08T16:20:00+08:00", "statuslastupdated": "2022-05-08T17:31:02+08:00", "inplaydelay": "true", "channel": [{"order": 1, "channelID": "MTS", "channelNameCH": "\u7121\u7dda myTV SUPER", "channelNameEN": "TVB myTV SUPER"}], "liveEvent": {"ilcLiveDisplay": true, "hasLiveInfo": true, "isIncomplete": false, "matchIDbetradar": "30903627", "matchstate": "SecondHalf", "stateTS": "2022-05-08T17:25:32+08:00", "liveevent": [{"order": 1, "minutesElasped": "5", "actionType": "Regular", "playerNameCH": "\u96f2\u7d20\u8cc0\u723e\u65af", "playerNameEN": "Dylan Wenzel-Halls", "homeaway": "Away"}, {"order": 2, "minutesElasped": "14", "actionType": "Regular", "playerNameCH": "\u67e5\u7dad\u4e9e\u76e7\u6bd4\u65af", "playerNameEN": "Javi Lopez", "homeaway": "Home"}, {"order": 3, "minutesElasped": "20", "actionType": "YellowCard", "playerNameCH": "\u963f\u6b77\u5c71\u5927\u666e\u6ce2\u57df", "playerNameEN": "Alexandar Popovic", "homeaway": "Home"}, {"order": 4, "minutesElasped": "41", "actionType": "YellowCard", "playerNameCH": "\u963f\u6b77\u5c71\u5927\u6bd4\u7956\u57df", "playerNameEN": "Aleksandar Prijovic", "homeaway": "Away"}, {"order": 5, "minutesElasped": "51", "actionType": "Regular", "playerNameCH": "\u8cf4\u6069\u57fa\u5716", "playerNameEN": "Ryan Kitto", "homeaway": "Home"}]}, "accumulatedscore": [{"periodvalue": "FirstHalf", "periodstatus": "ResultFinal", "home": "1", "away": "1"}, {"periodvalue": "SecondHalf", "periodstatus": "Interim", "home": "2", "away": "1"}], "livescore": {"home": "2", "away": "1"}, "cornerresult": "5", "hasWebTV": false, "hasOdds": false, "chlodds": {"LINELIST": [{"LINENUM": "1", "MAINLINE": "true", "LINESTATUS": "1", "LINEORDER": "1", "LINE": "9.5/9.5", "L": "100@1.70", "H": "100@2.02"}, {"LINENUM": "2", "MAINLINE": "false", "LINESTATUS": "1", "LINEORDER": "2", "LINE": "10.5/10.5", "H": "100@2.95", "L": "100@1.34"}], "ID": "eb8a47f4-88ee-4bae-8b8b-7838f4956e11", "POOLSTATUS": "Selling", "ET": "0", "INPLAY": "true", "ALLUP": "true", "Cur": "1"}, "hasExtraTimePools": false, "results": {}, "definedPools": ["HAD", "FHA", "CRS", "FCS", "FTS", "OOE", "TTG", "HFT", "HHA", "HDC", "HIL", "FHL", "CHL", "NTS"], "inplayPools": ["HAD", "FHA", "HIL", "CHL", "CRS", "FCS", "NTS"]}]