[{"matchID": "af8aa6c0-27ea-41f3-818a-3e8d08eb0820", "matchIDinofficial": "20220419TUE27", "matchNum": "27", "matchDate": "2022-04-19+08:00", "matchDay": "TUE", "coupon": {"couponID": "4", "couponShortName": "TUE", "couponNameCH": "\u5468\u4e8c\u8cfd\u4e8b", "couponNameEN": "Tuesday Matches"}, "league": {"leagueID": "1", "leagueShortName": "EPL", "leagueNameCH": "\u82f1\u683c\u862d\u8d85\u7d1a\u806f\u8cfd", "leagueNameEN": "Eng Premier"}, "homeTeam": {"teamID": "12", "teamNameCH": "\u5229\u7269\u6d66", "teamNameEN": "Liverpool"}, "awayTeam": {"teamID": "14", "teamNameCH": "\u66fc\u806f", "teamNameEN": "Manchester Utd"}, "matchStatus": "ResultIn", "matchTime": "2022-04-20T03:00:00+08:00", "statuslastupdated": "2022-04-20T04:07:25+08:00", "inplaydelay": "true", "channel": [{"order": 1, "channelID": "621", "channelNameCH": "NOW 621\u53f0", "channelNameEN": "NOW 621"}, {"order": 2, "channelID": "611", "channelNameCH": "NOW 611\u53f0", "channelNameEN": "NOW 611"}], "liveEvent": {"ilcLiveDisplay": true, "hasLiveInfo": true, "isIncomplete": false, "matchIDbetradar": "32679895", "matchstate": "SecondHalf", "stateTS": "2022-04-20T04:05:55+08:00", "liveevent": [{"order": 1, "minutesElasped": "5", "actionType": "Regular", "playerNameCH": "\u8def\u6613\u65af\u8fea\u4e9e\u65af", "playerNameEN": "Luis Diaz", "homeaway": "Home"}, {"order": 2, "minutesElasped": "22", "actionType": "Regular", "playerNameCH": "\u7a46\u7f55\u9ed8\u5fb7\u6c99\u62ff", "playerNameEN": "Mohamed Salah", "homeaway": "Home"}]}, "accumulatedscore": [{"periodvalue": "FirstHalf", "periodstatus": "ResultFinal", "home": "2", "away": "0"}, {"periodvalue": "SecondHalf", "periodstatus": "Interim", "home": "", "away": ""}], "livescore": {"home": "2", "away": "0"}, "cornerresult": "9", "hasWebTV": false, "hasOdds": false, "chlodds": {"LINELIST": [{"LINENUM": "1", "MAINLINE": "true", "LINESTATUS": "1", "LINEORDER": "1", "LINE": "12.5/12.5", "L": "100@1.56", "H": "100@2.27"}, {"LINENUM": "2", "MAINLINE": "false", "LINESTATUS": "1", "LINEORDER": "2", "LINE": "13.5/13.5", "H": "100@3.80", "L": "100@1.21"}], "ID": "5d100ec4-2235-4a1f-80c8-a6181961c30c", "POOLSTATUS": "Selling", "ET": "0", "INPLAY": "true", "ALLUP": "true", "Cur": "1"}, "hasExtraTimePools": false, "results": {}, "definedPools": ["HAD", "FHA", "CRS", "FCS", "FTS", "OOE", "TTG", "HFT", "HHA", "HDC", "HIL", "FHL", "CHL", "NTS"], "inplayPools": ["HAD", "FHA", "HIL", "CHL", "CRS", "FCS", "NTS"], "dhc": {"LEG1": "TUE 27", "LEG1ID": "af8aa6c0-27ea-41f3-818a-3e8d08eb0820", "LEG2": "TUE 31", "LEG2ID": "54f3cf11-3bdc-4daa-a168-317d111b6dd5", "ITEM": "1"}}, {"matchID": "c28275f3-efde-4180-ad8e-95eb1748ddc6", "matchIDinofficial": "20220419TUE29", "matchNum": "29", "matchDate": "2022-04-19+08:00", "matchDay": "TUE", "coupon": {"couponID": "4", "couponShortName": "TUE", "couponNameCH": "\u5468\u4e8c\u8cfd\u4e8b", "couponNameEN": "Tuesday Matches"}, "league": {"leagueID": "9", "leagueShortName": "IFC", "leagueNameCH": "\u610f\u5927\u5229\u76c3", "leagueNameEN": "Italian Cup"}, "homeTeam": {"teamID": "45", "teamNameCH": "\u570b\u969b\u7c73\u862d", "teamNameEN": "Inter Milan"}, "awayTeam": {"teamID": "39", "teamNameCH": "AC\u7c73\u862d", "teamNameEN": "AC Milan"}, "matchStatus": "ResultIn", "matchTime": "2022-04-20T03:00:00+08:00", "statuslastupdated": "2022-04-20T04:21:44+08:00", "inplaydelay": "true", "channel": [{"order": 1, "channelID": "C661", "channelNameCH": "\u6709\u7dda661\u53f0", "channelNameEN": "i-CABLE 661"}, {"order": 2, "channelID": "C601", "channelNameCH": "\u6709\u7dda601\u53f0", "channelNameEN": "i-CABLE 601"}], "liveEvent": {"ilcLiveDisplay": true, "hasLiveInfo": true, "isIncomplete": false, "matchIDbetradar": "32030535", "matchstate": "SecondHalf", "stateTS": "2022-04-20T04:07:37+08:00", "liveevent": [{"order": 1, "minutesElasped": "4", "actionType": "Regular", "playerNameCH": "\u62ff\u9054\u8def\u99ac\u5929\u5c3c\u65af", "playerNameEN": "Lautaro Martinez", "homeaway": "Home"}, {"order": 2, "minutesElasped": "35", "actionType": "YellowCard", "playerNameCH": "\u8fea\u5967\u9774\u5357\u8fea\u65af", "playerNameEN": "Theo Hernandez", "homeaway": "Away"}, {"order": 3, "minutesElasped": "40", "actionType": "Regular", "playerNameCH": "\u62ff\u9054\u8def\u99ac\u5929\u5c3c\u65af", "playerNameEN": "Lautaro Martinez", "homeaway": "Home"}, {"order": 4, "minutesElasped": "50", "actionType": "YellowCard", "playerNameCH": "\u53f2\u5805\u5c3c\u4e9e", "playerNameEN": "Milan Skriniar", "homeaway": "Home"}]}, "accumulatedscore": [{"periodvalue": "FirstHalf", "periodstatus": "ResultFinal", "home": "2", "away": "0"}, {"periodvalue": "SecondHalf", "periodstatus": "Interim", "home": "", "away": ""}], "livescore": {"home": "2", "away": "0"}, "cornerresult": "10", "hasWebTV": false, "hasOdds": false, "chlodds": {"LINELIST": [{"LINENUM": "1", "MAINLINE": "true", "LINESTATUS": "1", "LINEORDER": "1", "LINE": "13.5/13.5", "H": "100@2.07", "L": "100@1.67"}, {"LINENUM": "2", "MAINLINE": "false", "LINESTATUS": "1", "LINEORDER": "2", "LINE": "14.5/14.5", "L": "100@1.26", "H": "100@3.40"}], "ID": "7f2602ec-02ca-4084-bafa-65d111ac97af", "POOLSTATUS": "Selling", "ET": "0", "INPLAY": "true", "ALLUP": "true", "Cur": "1"}, "hasExtraTimePools": true, "results": {}, "definedPools": ["HAD", "FHA", "CRS", "FCS", "FTS", "TQL", "OOE", "TTG", "HFT", "HHA", "HDC", "HIL", "FHL", "CHL", "NTS"], "inplayPools": ["HAD", "FHA", "TQL", "HIL", "CHL", "CRS", "FCS", "NTS"]}]