[{"matchID": "46893e59-48ac-4cc0-ba08-94939967c4f7", "matchIDinofficial": "20220415FRI62", "matchNum": "62", "matchDate": "2022-04-15+08:00", "matchDay": "FRI", "coupon": {"couponID": "7", "couponShortName": "FRI", "couponNameCH": "\u5468\u4e94\u8cfd\u4e8b", "couponNameEN": "Friday Matches"}, "league": {"leagueID": "124", "leagueShortName": "MXL", "leagueNameCH": "\u58a8\u897f\u54e5\u8d85\u7d1a\u806f\u8cfd", "leagueNameEN": "Mexican Premier"}, "homeTeam": {"teamID": "2041", "teamNameCH": "\u8fea\u7956\u4e9e\u62ff", "teamNameEN": "Tijuana"}, "awayTeam": {"teamID": "875", "teamNameCH": "CF \u963f\u7f8e\u5229\u52a0", "teamNameEN": "CF America"}, "matchStatus": "ResultIn", "matchTime": "2022-04-16T10:06:00+08:00", "statuslastupdated": "2022-04-16T12:00:06+08:00", "inplaydelay": "true", "channel": [{"order": 1, "channelID": "GX", "channelNameCH": "GoalX app", "channelNameEN": "GoalX app"}, {"order": 2, "channelID": "HKJC", "channelNameCH": "HKJC TV app", "channelNameEN": "HKJC TV app"}], "liveEvent": {"ilcLiveDisplay": true, "hasLiveInfo": true, "isIncomplete": false, "matchIDbetradar": "31019057", "matchstate": "SecondHalf", "stateTS": "2022-04-16T11:12:34+08:00", "liveevent": [{"order": 1, "minutesElasped": "7", "actionType": "OwnGoal", "playerNameCH": "\u6cd5\u53e4\u5ea6\u8cbb\u96f7\u62c9", "playerNameEN": "Facundo Ferreyra", "homeaway": "Away"}, {"order": 2, "minutesElasped": "11", "actionType": "Regular", "playerNameCH": "\u8d0a\u5fb7\u96c5\u65af, \u4e9e\u6b77\u514b\u65af", "playerNameEN": "Alex Zendejas", "homeaway": "Away"}, {"order": 3, "minutesElasped": "31", "actionType": "Regular", "playerNameCH": "\u83ef\u91d1\u8499\u7279\u897f\u8afe\u65af", "playerNameEN": "Joaquin Montecinos", "homeaway": "Home"}, {"order": 4, "minutesElasped": "39", "actionType": "YellowCard", "playerNameCH": "\u7f85\u6e23\u99ac\u5929\u5c3c\u65af", "playerNameEN": "Roger Martinez", "homeaway": "Away"}, {"order": 5, "minutesElasped": "42", "actionType": "YellowCard", "playerNameCH": "\u8d0a\u5fb7\u96c5\u65af, \u4e9e\u6b77\u514b\u65af", "playerNameEN": "Alex Zendejas", "homeaway": "Away"}, {"order": 6, "minutesElasped": "68", "actionType": "YellowCard", "playerNameCH": "\u827e\u65af\u57fa\u76e7\u6bd4\u65af", "playerNameEN": "Lisandro Lopez", "homeaway": "Home"}, {"order": 7, "minutesElasped": "79", "actionType": "YellowCard", "playerNameCH": "\u83ef\u8fea\u99ac\u8def\u6717\u62ff", "playerNameEN": "Vladimir Lorona", "homeaway": "Home"}, {"order": 8, "minutesElasped": "84", "actionType": "Penalty", "playerNameCH": "\u827e\u83ef\u8def\u8cbb\u5ea6\u9ad8", "playerNameEN": "Alvaro Fidalgo", "homeaway": "Away"}, {"order": 9, "minutesElasped": "90", "actionType": "YellowCard", "playerNameCH": "\u5df4\u6069\u5b89\u53e4\u8def", "playerNameEN": "Brayan Angulo", "homeaway": "Home"}]}, "accumulatedscore": [{"periodvalue": "FirstHalf", "periodstatus": "ResultFinal", "home": "1", "away": "2"}, {"periodvalue": "SecondHalf", "periodstatus": "Interim", "home": "1", "away": "3"}], "livescore": {"home": "1", "away": "3"}, "cornerresult": "-1", "hasWebTV": false, "hasOdds": false, "chlodds": {"LINELIST": [{"LINENUM": "1", "MAINLINE": "true", "LINESTATUS": "1", "LINEORDER": "1", "LINE": "12.5/12.5", "H": "100@4.40", "L": "100@1.16"}], "ID": "130047ef-f56c-4198-b564-7af814d30d68", "POOLSTATUS": "FinalStopSell", "ET": "0", "INPLAY": "true", "ALLUP": "true", "Cur": "1"}, "hasExtraTimePools": false, "results": {}, "definedPools": ["HAD", "FHA", "CRS", "FCS", "FTS", "OOE", "TTG", "HFT", "HHA", "HDC", "HIL", "FHL", "CHL", "NTS"], "inplayPools": ["HAD", "FHA", "HIL", "CHL", "CRS", "FCS", "NTS"]}]