[{"matchID": "7ca1a666-0604-442a-80f7-ac61e235d77f", "matchIDinofficial": "20220418MON34", "matchNum": "34", "matchDate": "2022-04-18+08:00", "matchDay": "MON", "coupon": {"couponID": "3", "couponShortName": "MON", "couponNameCH": "\u5468\u4e00\u8cfd\u4e8b", "couponNameEN": "Monday Matches"}, "league": {"leagueID": "2", "leagueShortName": "ISA", "leagueNameCH": "\u610f\u5927\u5229\u7532\u7d44\u806f\u8cfd", "leagueNameEN": "Italian Division 1"}, "homeTeam": {"teamID": "764", "teamNameCH": "\u62ff\u73bb\u91cc", "teamNameEN": "Napoli"}, "awayTeam": {"teamID": "53", "teamNameCH": "\u7f85\u99ac", "teamNameEN": "Roma"}, "matchStatus": "ResultIn", "matchTime": "2022-04-19T01:00:00+08:00", "statuslastupdated": "2022-04-19T01:25:15+08:00", "inplaydelay": "true", "channel": [{"order": 1, "channelID": "638", "channelNameCH": "NOW 638\u53f0", "channelNameEN": "NOW 638"}], "liveEvent": {"ilcLiveDisplay": true, "hasLiveInfo": true, "isIncomplete": false, "matchIDbetradar": "28160482", "matchstate": "FirstHalf", "stateTS": "2022-04-19T01:00:58+08:00", "liveevent": [{"order": 1, "minutesElasped": "11", "actionType": "Penalty", "playerNameCH": "\u6069\u65af\u6cbb\u5c3c", "playerNameEN": "Lorenzo Insigne", "homeaway": "Home"}, {"order": 2, "minutesElasped": "17", "actionType": "YellowCard", "playerNameCH": "\u767d\u8cf4\u4ec1\u57fa\u65af\u5766\u8fea", "playerNameEN": "Bryan Cristante", "homeaway": "Away"}]}, "accumulatedscore": [{"periodvalue": "FirstHalf", "periodstatus": "Interim", "home": "1", "away": "0"}], "livescore": {"home": "1", "away": "0"}, "cornerresult": "3", "hasWebTV": false, "hasOdds": false, "chlodds": {"LINELIST": [{"LINENUM": "1", "MAINLINE": "true", "LINESTATUS": "1", "LINEORDER": "1", "LINE": "9.5/9.5", "L": "100@1.95", "H": "100@1.75"}, {"LINENUM": "2", "MAINLINE": "false", "LINESTATUS": "1", "LINEORDER": "2", "LINE": "10.5/10.5", "L": "100@1.53", "H": "100@2.33"}], "ID": "d4ebc5af-4738-4589-89c6-42b5d10c6f88", "POOLSTATUS": "Selling", "ET": "0", "INPLAY": "true", "ALLUP": "true", "Cur": "1"}, "hasExtraTimePools": false, "results": {}, "definedPools": ["HAD", "FHA", "CRS", "FCS", "FTS", "OOE", "TTG", "HFT", "HHA", "HDC", "HIL", "FHL", "CHL", "NTS"], "inplayPools": ["HAD", "FHA", "HIL", "CHL", "CRS", "FCS", "NTS"]}]