[{"matchID": "7ca1a666-0604-442a-80f7-ac61e235d77f", "matchIDinofficial": "20220418MON34", "matchNum": "34", "matchDate": "2022-04-18+08:00", "matchDay": "MON", "coupon": {"couponID": "3", "couponShortName": "MON", "couponNameCH": "\u5468\u4e00\u8cfd\u4e8b", "couponNameEN": "Monday Matches"}, "league": {"leagueID": "2", "leagueShortName": "ISA", "leagueNameCH": "\u610f\u5927\u5229\u7532\u7d44\u806f\u8cfd", "leagueNameEN": "Italian Division 1"}, "homeTeam": {"teamID": "764", "teamNameCH": "\u62ff\u73bb\u91cc", "teamNameEN": "Napoli"}, "awayTeam": {"teamID": "53", "teamNameCH": "\u7f85\u99ac", "teamNameEN": "Roma"}, "matchStatus": "ResultIn", "matchTime": "2022-04-19T01:00:00+08:00", "statuslastupdated": "2022-04-19T02:39:40+08:00", "inplaydelay": "true", "channel": [{"order": 1, "channelID": "638", "channelNameCH": "NOW 638\u53f0", "channelNameEN": "NOW 638"}], "liveEvent": {"ilcLiveDisplay": true, "hasLiveInfo": true, "isIncomplete": false, "matchIDbetradar": "28160482", "matchstate": "SecondHalf", "stateTS": "2022-04-19T02:06:43+08:00", "liveevent": [{"order": 1, "minutesElasped": "11", "actionType": "Penalty", "playerNameCH": "\u6069\u65af\u6cbb\u5c3c", "playerNameEN": "Lorenzo Insigne", "homeaway": "Home"}, {"order": 2, "minutesElasped": "17", "actionType": "YellowCard", "playerNameCH": "\u767d\u8cf4\u4ec1\u57fa\u65af\u5766\u8fea", "playerNameEN": "Bryan Cristante", "homeaway": "Away"}, {"order": 3, "minutesElasped": "37", "actionType": "YellowCard", "playerNameCH": "\u9ad8\u5217\u5df4\u5c3c", "playerNameEN": "Kalidou Koulibaly", "homeaway": "Home"}, {"order": 4, "minutesElasped": "52", "actionType": "YellowCard", "playerNameCH": "\u624e\u8afe\u5229", "playerNameEN": "Alessandro Zanoli", "homeaway": "Home"}, {"order": 5, "minutesElasped": "62", "actionType": "YellowCard", "playerNameCH": "\u590f\u69ae\u7f85\u8f9b\u5974", "playerNameEN": "Hirving Lozano", "homeaway": "Home"}, {"order": 6, "minutesElasped": "64", "actionType": "YellowCard", "playerNameCH": "\u6069\u65af\u6cbb\u5c3c", "playerNameEN": "Lorenzo Insigne", "homeaway": "Home"}, {"order": 7, "minutesElasped": "71", "actionType": "YellowCard", "playerNameCH": "\u5c3c\u9ad8\u8def\u8f9b\u5c3c\u5967\u8def", "playerNameEN": "Nicolo Zaniolo", "homeaway": "Away"}]}, "accumulatedscore": [{"periodvalue": "FirstHalf", "periodstatus": "ResultFinal", "home": "1", "away": "0"}, {"periodvalue": "SecondHalf", "periodstatus": "Interim", "home": "", "away": ""}], "livescore": {"home": "1", "away": "0"}, "cornerresult": "-1", "hasWebTV": false, "hasOdds": false, "chlodds": {"LINELIST": [{"LINENUM": "1", "MAINLINE": "true", "LINESTATUS": "1", "LINEORDER": "1", "LINE": "9.5/9.5", "L": "100@1.81", "H": "100@1.89"}, {"LINENUM": "2", "MAINLINE": "false", "LINESTATUS": "1", "LINEORDER": "2", "LINE": "10.5/10.5", "L": "100@1.20", "H": "100@3.90"}], "ID": "d4ebc5af-4738-4589-89c6-42b5d10c6f88", "POOLSTATUS": "Selling", "ET": "0", "INPLAY": "true", "ALLUP": "true", "Cur": "1"}, "hasExtraTimePools": false, "results": {}, "definedPools": ["HAD", "FHA", "CRS", "FCS", "FTS", "OOE", "TTG", "HFT", "HHA", "HDC", "HIL", "FHL", "CHL", "NTS"], "inplayPools": ["HAD", "FHA", "HIL", "CHL", "CRS", "FCS", "NTS"]}, {"matchID": "b4259d27-ad18-4cbb-af1f-0435dce4cf46", "matchIDinofficial": "20220418MON39", "matchNum": "39", "matchDate": "2022-04-18+08:00", "matchDay": "MON", "coupon": {"couponID": "3", "couponShortName": "MON", "couponNameCH": "\u5468\u4e00\u8cfd\u4e8b", "couponNameEN": "Monday Matches"}, "league": {"leagueID": "59", "leagueShortName": "NTL", "leagueNameCH": "\u632a\u5a01\u8d85\u7d1a\u806f\u8cfd", "leagueNameEN": "Norwegian Division 1"}, "homeTeam": {"teamID": "613", "teamNameCH": "\u6ce2\u675c\u57fa\u6797\u7279", "teamNameEN": "Bodo Glimt"}, "awayTeam": {"teamID": "295", "teamNameCH": "\u83ef\u62c9\u502b\u52a0", "teamNameEN": "Valerenga"}, "matchStatus": "ResultIn", "matchTime": "2022-04-19T02:00:00+08:00", "statuslastupdated": "2022-04-19T02:41:33+08:00", "inplaydelay": "true", "channel": [{"order": 1, "channelID": "ES", "channelNameCH": "ElevenSports", "channelNameEN": "ElevenSports"}], "liveEvent": {"ilcLiveDisplay": true, "hasLiveInfo": true, "isIncomplete": false, "matchIDbetradar": "31601955", "matchstate": "FirstHalf", "stateTS": "2022-04-19T02:00:20+08:00", "liveevent": [{"order": 1, "minutesElasped": "36", "actionType": "Regular", "playerNameCH": "\u8607\u723e\u5df4\u6839", "playerNameEN": "Ola Solbakken", "homeaway": "Home"}, {"order": 2, "minutesElasped": "40", "actionType": "Regular", "playerNameCH": "\u68b3\u7279\u5c3c\u65af", "playerNameEN": "Ulrik Saltnes", "homeaway": "Home"}]}, "accumulatedscore": [{"periodvalue": "FirstHalf", "periodstatus": "Interim", "home": "2", "away": "0"}], "livescore": {"home": "2", "away": "0"}, "cornerresult": "7", "hasWebTV": false, "hasOdds": false, "chlodds": {"LINELIST": [{"LINENUM": "2", "MAINLINE": "false", "LINESTATUS": "1", "LINEORDER": "2", "LINE": "13.5/13.5", "L": "100@1.47", "H": "100@2.48"}, {"LINENUM": "1", "MAINLINE": "true", "LINESTATUS": "1", "LINEORDER": "1", "LINE": "12.5/12.5", "L": "100@1.92", "H": "100@1.78"}], "ID": "148d62d9-6971-470d-a75f-d9e2e43d733b", "POOLSTATUS": "NotSelling", "ET": "0", "INPLAY": "true", "ALLUP": "true", "Cur": "1"}, "hasExtraTimePools": false, "results": {}, "definedPools": ["HAD", "FHA", "CRS", "FCS", "FTS", "OOE", "TTG", "HFT", "HHA", "HDC", "HIL", "FHL", "CHL", "NTS"], "inplayPools": ["HAD", "FHA", "HIL", "CHL", "CRS", "FCS", "NTS"]}]