[{"matchID": "f988b608-8b5c-4a86-be3d-95fa48f90bd2", "matchIDinofficial": "20220508SUN96", "matchNum": "96", "matchDate": "2022-05-08+08:00", "matchDay": "SUN", "coupon": {"couponID": "2", "couponShortName": "SUN", "couponNameCH": "\u5468\u65e5\u8cfd\u4e8b", "couponNameEN": "Sunday Matches"}, "league": {"leagueID": "124", "leagueShortName": "MXL", "leagueNameCH": "\u58a8\u897f\u54e5\u8d85\u7d1a\u806f\u8cfd", "leagueNameEN": "Mexican Premier"}, "homeTeam": {"teamID": "639", "teamNameCH": "\u74dc\u9054\u62c9\u54c8\u62c9", "teamNameEN": "Guadalajara"}, "awayTeam": {"teamID": "1780", "teamNameCH": "\u666e\u99ac\u65af", "teamNameEN": "Pumas UNAM"}, "matchStatus": "ResultIn", "matchTime": "2022-05-09T08:15:00+08:00", "statuslastupdated": "2022-05-09T09:01:00+08:00", "inplaydelay": "true", "channel": [{"order": 1, "channelID": "GX", "channelNameCH": "GoalX app", "channelNameEN": "GoalX app"}, {"order": 2, "channelID": "HKJC", "channelNameCH": "HKJC TV app", "channelNameEN": "HKJC TV app"}], "liveEvent": {"ilcLiveDisplay": true, "hasLiveInfo": true, "isIncomplete": false, "matchIDbetradar": "33477733", "matchstate": "FirstHalf", "stateTS": "2022-05-09T08:18:35+08:00", "liveevent": [{"order": 1, "minutesElasped": "8", "actionType": "YellowCard", "playerNameCH": "\u7dad\u62ff\u8fea", "playerNameEN": "Efrain Velarde", "homeaway": "Away"}, {"order": 2, "minutesElasped": "12", "actionType": "Regular", "playerNameCH": "\u514b\u91cc\u65af\u8482\u5b89", "playerNameEN": "Cristian Calderon", "homeaway": "Home"}, {"order": 3, "minutesElasped": "19", "actionType": "Regular", "playerNameCH": "\u8fea\u5967\u6208", "playerNameEN": "Diogo", "homeaway": "Away"}]}, "accumulatedscore": [{"periodvalue": "FirstHalf", "periodstatus": "Interim", "home": "1", "away": "1"}], "livescore": {"home": "1", "away": "1"}, "cornerresult": "5", "hasWebTV": false, "hasOdds": false, "chlodds": {"LINELIST": [{"LINENUM": "2", "MAINLINE": "false", "LINESTATUS": "1", "LINEORDER": "2", "LINE": "10.5/10.5", "H": "100@2.27", "L": "100@1.56"}, {"LINENUM": "1", "MAINLINE": "true", "LINESTATUS": "1", "LINEORDER": "1", "LINE": "9.5/9.5", "L": "100@2.13", "H": "100@1.63"}], "ID": "3cb499f1-5e1d-4f59-b365-fbd5846e63fd", "POOLSTATUS": "Selling", "ET": "0", "INPLAY": "true", "ALLUP": "true", "Cur": "1"}, "hasExtraTimePools": false, "results": {}, "definedPools": ["HAD", "FHA", "CRS", "FCS", "FTS", "TQL", "OOE", "TTG", "HFT", "HHA", "HDC", "HIL", "FHL", "CHL", "NTS"], "inplayPools": ["HAD", "FHA", "TQL", "HIL", "CHL", "CRS", "FCS", "NTS"]}]