[{"matchID": "781d762f-90cf-4550-a601-ee0f23fd7a2a", "matchIDinofficial": "20220421THU16", "matchNum": "16", "matchDate": "2022-04-21+08:00", "matchDay": "THU", "coupon": {"couponID": "6", "couponShortName": "THU", "couponNameCH": "\u5468\u56db\u8cfd\u4e8b", "couponNameEN": "Thursday Matches"}, "league": {"leagueID": "1", "leagueShortName": "EPL", "leagueNameCH": "\u82f1\u683c\u862d\u8d85\u7d1a\u806f\u8cfd", "leagueNameEN": "Eng Premier"}, "homeTeam": {"teamID": "193", "teamNameCH": "\u822c\u5c3c", "teamNameEN": "Burnley"}, "awayTeam": {"teamID": "18", "teamNameCH": "\u4fee\u54b8\u9813", "teamNameEN": "Southampton"}, "matchStatus": "ResultIn", "matchTime": "2022-04-22T02:45:00+08:00", "statuslastupdated": "2022-04-22T03:31:27+08:00", "inplaydelay": "true", "channel": [{"order": 1, "channelID": "621", "channelNameCH": "NOW 621\u53f0", "channelNameEN": "NOW 621"}], "liveEvent": {"ilcLiveDisplay": true, "hasLiveInfo": true, "isIncomplete": false, "matchIDbetradar": "32679869", "matchstate": "FirstHalf", "stateTS": "2022-04-22T02:45:24+08:00", "liveevent": [{"order": 1, "minutesElasped": "12", "actionType": "Regular", "playerNameCH": "\u5e72\u62ff\u7f85\u62d4\u65af", "playerNameEN": "Connor Roberts", "homeaway": "Home"}, {"order": 2, "minutesElasped": "38", "actionType": "YellowCard", "playerNameCH": "\u7a4d\u514b\u78ba\u514b", "playerNameEN": "Jack Cork", "homeaway": "Home"}, {"order": 3, "minutesElasped": "44", "actionType": "Regular", "playerNameCH": "\u67ef\u6797\u65af, \u5167\u68ee", "playerNameEN": "Nathan Collins", "homeaway": "Home"}]}, "accumulatedscore": [{"periodvalue": "FirstHalf", "periodstatus": "Interim", "home": "2", "away": "0"}], "livescore": {"home": "2", "away": "0"}, "cornerresult": "7", "hasWebTV": false, "hasOdds": false, "chlodds": {"LINELIST": [{"LINENUM": "2", "MAINLINE": "false", "LINESTATUS": "1", "LINEORDER": "2", "LINE": "13.5/13.5", "L": "100@1.44", "H": "100@2.58"}, {"LINENUM": "1", "MAINLINE": "true", "LINESTATUS": "1", "LINEORDER": "1", "LINE": "12.5/12.5", "H": "100@1.89", "L": "100@1.81"}], "ID": "d5fe1e1b-8f27-47da-937b-7788312e2588", "POOLSTATUS": "Selling", "ET": "0", "INPLAY": "true", "ALLUP": "true", "Cur": "1"}, "hasExtraTimePools": false, "results": {}, "definedPools": ["HAD", "FHA", "CRS", "FCS", "FTS", "OOE", "TTG", "HFT", "HHA", "HDC", "HIL", "FHL", "CHL", "NTS"], "inplayPools": ["HAD", "FHA", "HIL", "CHL", "CRS", "FCS", "NTS"], "dhc": {"LEG1": "THU 16", "LEG1ID": "781d762f-90cf-4550-a601-ee0f23fd7a2a", "LEG2": "THU 20", "LEG2ID": "71cfc385-5f1d-4206-beeb-a82e597f075d", "ITEM": "1"}, "hfm": {"LEG1": "THU 9", "LEG1ID": "6050c362-4b3a-4c5f-a27e-6828840760a7", "LEG2": "THU 10", "LEG2ID": "fbd9266f-8c4e-4787-a264-b1e1342e35ec", "LEG3": "THU 13", "LEG3ID": "94ed0285-43d7-4074-ab02-9bd01afeacef", "LEG4": "THU 14", "LEG4ID": "fcb732c9-66f9-4b5e-bf61-449d8ffae509", "LEG5": "THU 16", "LEG5ID": "781d762f-90cf-4550-a601-ee0f23fd7a2a", "LEG6": "THU 20", "LEG6ID": "71cfc385-5f1d-4206-beeb-a82e597f075d", "ITEM": "1"}}]