[{"matchID": "313e6669-13bb-4f87-9f1f-7b0c448be219", "matchIDinofficial": "20220424SUN20", "matchNum": "20", "matchDate": "2022-04-24+08:00", "matchDay": "SUN", "coupon": {"couponID": "2", "couponShortName": "SUN", "couponNameCH": "\u5468\u65e5\u8cfd\u4e8b", "couponNameEN": "Sunday Matches"}, "league": {"leagueID": "1", "leagueShortName": "EPL", "leagueNameCH": "\u82f1\u683c\u862d\u8d85\u7d1a\u806f\u8cfd", "leagueNameEN": "Eng Premier"}, "homeTeam": {"teamID": "7", "teamNameCH": "\u8eca\u8def\u58eb", "teamNameEN": "Chelsea"}, "awayTeam": {"teamID": "185", "teamNameCH": "\u97cb\u65af\u54b8", "teamNameEN": "West Ham"}, "matchStatus": "ResultIn", "matchTime": "2022-04-24T21:00:00+08:00", "statuslastupdated": "2022-04-24T22:46:43+08:00", "inplaydelay": "true", "channel": [{"order": 1, "channelID": "621", "channelNameCH": "NOW 621\u53f0", "channelNameEN": "NOW 621"}], "liveEvent": {"ilcLiveDisplay": true, "hasLiveInfo": true, "isIncomplete": false, "matchIDbetradar": "27751720", "matchstate": "SecondHalf", "stateTS": "2022-04-24T22:04:14+08:00", "liveevent": [{"order": 1, "minutesElasped": "82", "actionType": "YellowCard", "playerNameCH": "\u99ac\u9ad8\u65af\u963f\u6717\u7d20", "playerNameEN": "Marcos Alonso", "homeaway": "Home"}, {"order": 2, "minutesElasped": "84", "actionType": "YellowCard", "playerNameCH": "\u5947\u6cbb\u6234\u81e3", "playerNameEN": "Craig Dawson", "homeaway": "Away"}, {"order": 3, "minutesElasped": "86", "actionType": "RedCard", "playerNameCH": "\u5947\u6cbb\u6234\u81e3", "playerNameEN": "Craig Dawson", "homeaway": "Away"}]}, "accumulatedscore": [{"periodvalue": "FirstHalf", "periodstatus": "ResultFinal", "home": "0", "away": "0"}, {"periodvalue": "SecondHalf", "periodstatus": "Interim", "home": "", "away": ""}], "livescore": {"home": "0", "away": "0"}, "cornerresult": "-1", "hasWebTV": false, "hasOdds": false, "chlodds": {"LINELIST": [{"LINENUM": "1", "MAINLINE": "true", "LINESTATUS": "1", "LINEORDER": "1", "LINE": "5.5/5.5", "L": "100@1.05", "H": "100@7.50"}], "ID": "3b09563e-6a31-4338-8e45-9149610197e7", "POOLSTATUS": "FinalStopSell", "ET": "0", "INPLAY": "true", "ALLUP": "true", "Cur": "1"}, "hasExtraTimePools": false, "results": {}, "definedPools": ["HAD", "FHA", "CRS", "FCS", "FTS", "OOE", "TTG", "HFT", "HHA", "HDC", "HIL", "FHL", "CHL", "NTS"], "inplayPools": ["HAD", "FHA", "HIL", "CHL", "CRS", "FCS", "NTS"], "dhc": {"LEG1": "SUN 20", "LEG1ID": "313e6669-13bb-4f87-9f1f-7b0c448be219", "LEG2": "SUN 21", "LEG2ID": "d9db5e86-8eec-4969-a78e-f1496a673cde", "ITEM": "1"}, "hfm": {"LEG1": "SUN 20", "LEG1ID": "313e6669-13bb-4f87-9f1f-7b0c448be219", "LEG2": "SUN 21", "LEG2ID": "d9db5e86-8eec-4969-a78e-f1496a673cde", "LEG3": "SUN 22", "LEG3ID": "4573be2f-417b-494b-8b93-1e3b7c1f9e59", "LEG4": "SUN 23", "LEG4ID": "ecaf93e8-1757-45f6-98e5-d81d2a423981", "LEG5": "SUN 24", "LEG5ID": "432d7a62-63dd-400a-9b3a-e6eef0edea07", "LEG6": "SUN 25", "LEG6ID": "127caf95-8444-485b-99ae-3cbf5c9b9710", "ITEM": "1"}}, {"matchID": "d9db5e86-8eec-4969-a78e-f1496a673cde", "matchIDinofficial": "20220424SUN21", "matchNum": "21", "matchDate": "2022-04-24+08:00", "matchDay": "SUN", "coupon": {"couponID": "2", "couponShortName": "SUN", "couponNameCH": "\u5468\u65e5\u8cfd\u4e8b", "couponNameEN": "Sunday Matches"}, "league": {"leagueID": "1", "leagueShortName": "EPL", "leagueNameCH": "\u82f1\u683c\u862d\u8d85\u7d1a\u806f\u8cfd", "leagueNameEN": "Eng Premier"}, "homeTeam": {"teamID": "193", "teamNameCH": "\u822c\u5c3c", "teamNameEN": "Burnley"}, "awayTeam": {"teamID": "20", "teamNameCH": "\u72fc\u968a", "teamNameEN": "Wolves"}, "matchStatus": "ResultIn", "matchTime": "2022-04-24T21:00:00+08:00", "statuslastupdated": "2022-04-24T22:47:41+08:00", "inplaydelay": "true", "channel": [{"order": 1, "channelID": "622", "channelNameCH": "NOW 622\u53f0", "channelNameEN": "NOW 622"}], "liveEvent": {"ilcLiveDisplay": true, "hasLiveInfo": true, "isIncomplete": false, "matchIDbetradar": "27751718", "matchstate": "SecondHalf", "stateTS": "2022-04-24T22:02:32+08:00", "liveevent": [{"order": 1, "minutesElasped": "33", "actionType": "YellowCard", "playerNameCH": "\u99ac\u8fea\u7dad\u9054", "playerNameEN": "Matej Vydra", "homeaway": "Home"}, {"order": 2, "minutesElasped": "62", "actionType": "Regular", "playerNameCH": "\u99ac\u8fea\u7dad\u9054", "playerNameEN": "Matej Vydra", "homeaway": "Home"}, {"order": 3, "minutesElasped": "77", "actionType": "YellowCard", "playerNameCH": "\u67e5\u7406\u6cf0\u840a", "playerNameEN": "Charlie Taylor", "homeaway": "Home"}, {"order": 4, "minutesElasped": "90", "actionType": "YellowCard", "playerNameCH": "\u67cf\u5ea6\u5c3c\u5716", "playerNameEN": "Pedro Neto", "homeaway": "Away"}, {"order": 5, "minutesElasped": "90", "actionType": "YellowCard", "playerNameCH": "\u827e\u6b8a\u5229\u73ed\u5c3c\u65af", "playerNameEN": "Ashley Barnes", "homeaway": "Home"}]}, "accumulatedscore": [{"periodvalue": "FirstHalf", "periodstatus": "ResultFinal", "home": "0", "away": "0"}, {"periodvalue": "SecondHalf", "periodstatus": "Interim", "home": "1", "away": "0"}], "livescore": {"home": "1", "away": "0"}, "cornerresult": "-1", "hasWebTV": false, "hasOdds": false, "chlodds": {"LINELIST": [{"LINENUM": "1", "MAINLINE": "true", "LINESTATUS": "1", "LINEORDER": "1", "LINE": "10.5/10.5", "H": "100@4.90", "L": "100@1.13"}], "ID": "40ed9a3f-d09d-4827-b756-28e492c9aa1b", "POOLSTATUS": "FinalStopSell", "ET": "0", "INPLAY": "true", "ALLUP": "true", "Cur": "1"}, "hasExtraTimePools": false, "results": {}, "definedPools": ["HAD", "FHA", "CRS", "FCS", "FTS", "OOE", "TTG", "HFT", "HHA", "HDC", "HIL", "FHL", "CHL", "NTS"], "inplayPools": ["HAD", "FHA", "HIL", "CHL", "CRS", "FCS", "NTS"], "dhc": {"LEG1": "SUN 20", "LEG1ID": "313e6669-13bb-4f87-9f1f-7b0c448be219", "LEG2": "SUN 21", "LEG2ID": "d9db5e86-8eec-4969-a78e-f1496a673cde", "ITEM": "1"}, "hfm": {"LEG1": "SUN 20", "LEG1ID": "313e6669-13bb-4f87-9f1f-7b0c448be219", "LEG2": "SUN 21", "LEG2ID": "d9db5e86-8eec-4969-a78e-f1496a673cde", "LEG3": "SUN 22", "LEG3ID": "4573be2f-417b-494b-8b93-1e3b7c1f9e59", "LEG4": "SUN 23", "LEG4ID": "ecaf93e8-1757-45f6-98e5-d81d2a423981", "LEG5": "SUN 24", "LEG5ID": "432d7a62-63dd-400a-9b3a-e6eef0edea07", "LEG6": "SUN 25", "LEG6ID": "127caf95-8444-485b-99ae-3cbf5c9b9710", "ITEM": "1"}}, {"matchID": "4573be2f-417b-494b-8b93-1e3b7c1f9e59", "matchIDinofficial": "20220424SUN22", "matchNum": "22", "matchDate": "2022-04-24+08:00", "matchDay": "SUN", "coupon": {"couponID": "2", "couponShortName": "SUN", "couponNameCH": "\u5468\u65e5\u8cfd\u4e8b", "couponNameEN": "Sunday Matches"}, "league": {"leagueID": "1", "leagueShortName": "EPL", "leagueNameCH": "\u82f1\u683c\u862d\u8d85\u7d1a\u806f\u8cfd", "leagueNameEN": "Eng Premier"}, "homeTeam": {"teamID": "175", "teamNameCH": "\u767d\u79ae\u9813", "teamNameEN": "Brighton"}, "awayTeam": {"teamID": "18", "teamNameCH": "\u4fee\u54b8\u9813", "teamNameEN": "Southampton"}, "matchStatus": "ResultIn", "matchTime": "2022-04-24T21:00:00+08:00", "statuslastupdated": "2022-04-24T22:51:32+08:00", "inplaydelay": "true", "channel": [{"order": 1, "channelID": "623", "channelNameCH": "NOW 623\u53f0", "channelNameEN": "NOW 623"}], "liveEvent": {"ilcLiveDisplay": true, "hasLiveInfo": true, "isIncomplete": false, "matchIDbetradar": "27751716", "matchstate": "SecondHalf", "stateTS": "2022-04-24T22:06:26+08:00", "liveevent": [{"order": 1, "minutesElasped": "2", "actionType": "Regular", "playerNameCH": "\u97cb\u78a7\u514b", "playerNameEN": "Danny Welbeck", "homeaway": "Home"}, {"order": 2, "minutesElasped": "44", "actionType": "OwnGoal", "playerNameCH": "\u7a46\u7f55\u9ed8\u5fb7\u6c99\u5229\u7d20", "playerNameEN": "Mohammed Salisu", "homeaway": "Home"}, {"order": 3, "minutesElasped": "45", "actionType": "YellowCard", "playerNameCH": "\u53e4\u53e4\u5217\u62ff", "playerNameEN": "Marc Cucurella", "homeaway": "Home"}, {"order": 4, "minutesElasped": "45", "actionType": "Regular", "playerNameCH": "\u79be\u7279\u666e\u65af", "playerNameEN": "James Ward Prowse", "homeaway": "Away"}, {"order": 5, "minutesElasped": "54", "actionType": "Regular", "playerNameCH": "\u79be\u7279\u666e\u65af", "playerNameEN": "James Ward Prowse", "homeaway": "Away"}]}, "accumulatedscore": [{"periodvalue": "FirstHalf", "periodstatus": "ResultFinal", "home": "2", "away": "1"}, {"periodvalue": "SecondHalf", "periodstatus": "Interim", "home": "2", "away": "2"}], "livescore": {"home": "2", "away": "2"}, "cornerresult": "-1", "hasWebTV": false, "hasOdds": false, "chlodds": {"LINELIST": [{"LINENUM": "1", "MAINLINE": "true", "LINESTATUS": "1", "LINEORDER": "1", "LINE": "13.5/13.5", "H": "100@4.90", "L": "100@1.13"}], "ID": "a73087c9-c2d7-4f40-97c0-1b7c0770579d", "POOLSTATUS": "FinalStopSell", "ET": "0", "INPLAY": "true", "ALLUP": "true", "Cur": "1"}, "hasExtraTimePools": false, "results": {}, "definedPools": ["HAD", "FHA", "CRS", "FCS", "FTS", "OOE", "TTG", "HFT", "HHA", "HDC", "HIL", "FHL", "CHL", "NTS"], "inplayPools": ["HAD", "FHA", "HIL", "CHL", "CRS", "FCS", "NTS"], "hfm": {"LEG1": "SUN 20", "LEG1ID": "313e6669-13bb-4f87-9f1f-7b0c448be219", "LEG2": "SUN 21", "LEG2ID": "d9db5e86-8eec-4969-a78e-f1496a673cde", "LEG3": "SUN 22", "LEG3ID": "4573be2f-417b-494b-8b93-1e3b7c1f9e59", "LEG4": "SUN 23", "LEG4ID": "ecaf93e8-1757-45f6-98e5-d81d2a423981", "LEG5": "SUN 24", "LEG5ID": "432d7a62-63dd-400a-9b3a-e6eef0edea07", "LEG6": "SUN 25", "LEG6ID": "127caf95-8444-485b-99ae-3cbf5c9b9710", "ITEM": "1"}}]