[{"matchID": "9423a6a8-0f2c-422b-a8f8-ca3c1cdf9651", "matchIDinofficial": "20220418MON1", "matchNum": "1", "matchDate": "2022-04-18+08:00", "matchDay": "MON", "coupon": {"couponID": "3", "couponShortName": "MON", "couponNameCH": "\u5468\u4e00\u8cfd\u4e8b", "couponNameEN": "Monday Matches"}, "league": {"leagueID": "90", "leagueShortName": "ACL", "leagueNameCH": "\u4e9e\u6d32\u806f\u8cfd\u51a0\u8ecd\u76c3", "leagueNameEN": "Asian Champions League"}, "homeTeam": {"teamID": "971", "teamNameCH": "FC\u5ee3\u5dde", "teamNameEN": "FC Guangzhou"}, "awayTeam": {"teamID": "548", "teamNameCH": "\u5ddd\u5d0e\u524d\u92d2", "teamNameEN": "Kawasaki Frontale"}, "matchStatus": "ResultIn", "matchTime": "2022-04-18T17:00:00+08:00", "statuslastupdated": "2022-04-18T17:28:33+08:00", "inplaydelay": "true", "neutralgroundvenue": {"neutralgroundvenueNameCH": "\u99ac\u4f86\u897f\u4e9e\u4e39\u65af\u91cc\u62ff\u7763\u54c8\u5409\u54c8\u6851\u5c24\u8afe\u65af\u7403\u5834", "neutralgroundvenueNameEN": "Tan Sri Dato Haji Hassan Yunos Stadium, Johor Bahru, Malaysia"}, "channel": [{"order": 1, "channelID": "ES", "channelNameCH": "ElevenSports", "channelNameEN": "ElevenSports"}], "liveEvent": {"ilcLiveDisplay": true, "hasLiveInfo": true, "isIncomplete": false, "matchIDbetradar": "32307531", "matchstate": "FirstHalf", "stateTS": "2022-04-18T17:00:28+08:00", "liveevent": [{"order": 1, "minutesElasped": "7", "actionType": "Regular", "playerNameCH": "\u77e5\u5ff5\u6176", "playerNameEN": "Kei Chinen", "homeaway": "Away"}, {"order": 2, "minutesElasped": "10", "actionType": "YellowCard", "playerNameCH": "", "playerNameEN": "Renji Matsui", "homeaway": "Away"}, {"order": 3, "minutesElasped": "12", "actionType": "Regular", "playerNameCH": "\u77e5\u5ff5\u6176", "playerNameEN": "Kei Chinen", "homeaway": "Away"}, {"order": 4, "minutesElasped": "15", "actionType": "Regular", "playerNameCH": "\u8eca\u5c4b\u7d33\u592a\u90ce", "playerNameEN": "Shintaro Kurumaya", "homeaway": "Away"}, {"order": 5, "minutesElasped": "21", "actionType": "Regular", "playerNameCH": "\u5c0f\u6797\u60a0", "playerNameEN": "Yu Kobayashi", "homeaway": "Away"}]}, "accumulatedscore": [{"periodvalue": "FirstHalf", "periodstatus": "Interim", "home": "0", "away": "4"}], "livescore": {"home": "0", "away": "4"}, "cornerresult": "6", "hasWebTV": false, "hasOdds": false, "chlodds": {"LINELIST": [{"LINENUM": "1", "MAINLINE": "true", "LINESTATUS": "1", "LINEORDER": "1", "LINE": "12.5/12.5", "L": "100@1.79", "H": "100@1.91"}, {"LINENUM": "2", "MAINLINE": "false", "LINESTATUS": "1", "LINEORDER": "2", "LINE": "13.5/13.5", "L": "100@1.48", "H": "100@2.45"}], "ID": "618336d7-22e2-49dc-b233-2fac40299d06", "POOLSTATUS": "Selling", "ET": "0", "INPLAY": "true", "ALLUP": "true", "Cur": "1"}, "hasExtraTimePools": false, "results": {}, "definedPools": ["HAD", "FHA", "CRS", "FCS", "FTS", "OOE", "TTG", "HFT", "HHA", "HIL", "FHL", "CHL", "NTS"], "inplayPools": ["HAD", "FHA", "HIL", "CHL", "CRS", "FCS", "NTS"]}]