[{"matchID": "6cc5185d-2f92-45e9-87ee-615c5134333d", "matchIDinofficial": "20220423SAT67", "matchNum": "67", "matchDate": "2022-04-23+08:00", "matchDay": "SAT", "coupon": {"couponID": "1", "couponShortName": "SAT", "couponNameCH": "\u5468\u516d\u8cfd\u4e8b", "couponNameEN": "Saturday Matches"}, "league": {"leagueID": "14", "leagueShortName": "FFL", "leagueNameCH": "\u6cd5\u570b\u7532\u7d44\u806f\u8cfd", "leagueNameEN": "French Division 1"}, "homeTeam": {"teamID": "88", "teamNameCH": "\u91cc\u6602", "teamNameEN": "Lyon"}, "awayTeam": {"teamID": "215", "teamNameCH": "\u8499\u5f7c\u5229\u57c3", "teamNameEN": "Montpellier"}, "matchStatus": "ResultIn", "matchTime": "2022-04-23T23:00:00+08:00", "statuslastupdated": "2022-04-24T00:05:36+08:00", "inplaydelay": "true", "channel": [{"order": 1, "channelID": "639", "channelNameCH": "NOW 639 \u53f0", "channelNameEN": "NOW 639"}, {"order": 2, "channelID": "714", "channelNameCH": "NOW 714\u53f0", "channelNameEN": "NOW 714"}], "liveEvent": {"ilcLiveDisplay": true, "hasLiveInfo": true, "isIncomplete": false, "matchIDbetradar": "27885350", "matchstate": "SecondHalf", "stateTS": "2022-04-24T00:03:57+08:00", "liveevent": [{"order": 1, "minutesElasped": "26", "actionType": "Regular", "playerNameCH": "\u7a46\u6c99\u8fea\u6bd4\u5229", "playerNameEN": "Moussa Dembele", "homeaway": "Home"}, {"order": 2, "minutesElasped": "28", "actionType": "YellowCard", "playerNameCH": "\u5967\u7d04\u9ad8", "playerNameEN": "Ambroise Oyongo", "homeaway": "Away"}, {"order": 3, "minutesElasped": "42", "actionType": "YellowCard", "playerNameCH": "\u5c3c\u9ad8\u62c9\u65af\u54e5\u85a9", "playerNameEN": "Nicolas Cozza", "homeaway": "Away"}, {"order": 4, "minutesElasped": "43", "actionType": "Regular", "playerNameCH": "\u6cf0\u4e9e\u9ad8\u6587\u8fea\u65af", "playerNameEN": "Thiago Mendes", "homeaway": "Home"}, {"order": 5, "minutesElasped": "45", "actionType": "Regular", "playerNameCH": "\u83ef\u5e0c", "playerNameEN": "Sepe Elye Wahi", "homeaway": "Away"}, {"order": 6, "minutesElasped": "45", "actionType": "Penalty", "playerNameCH": "\u6c99\u96f2\u5c3c\u4e9e", "playerNameEN": "Teji Savanier", "homeaway": "Away"}]}, "accumulatedscore": [{"periodvalue": "FirstHalf", "periodstatus": "ResultFinal", "home": "2", "away": "2"}, {"periodvalue": "SecondHalf", "periodstatus": "Interim", "home": "", "away": ""}], "livescore": {"home": "2", "away": "2"}, "cornerresult": "6", "hasWebTV": false, "hasOdds": false, "chlodds": {"LINELIST": [{"LINENUM": "2", "MAINLINE": "false", "LINESTATUS": "1", "LINEORDER": "2", "LINE": "11.5/11.5", "L": "100@1.29", "H": "100@3.20"}, {"LINENUM": "1", "MAINLINE": "true", "LINESTATUS": "1", "LINEORDER": "1", "LINE": "10.5/10.5", "H": "100@2.10", "L": "100@1.65"}], "ID": "5d723745-9167-4265-989d-fe1e651e6c00", "POOLSTATUS": "Selling", "ET": "0", "INPLAY": "true", "ALLUP": "true", "Cur": "1"}, "hasExtraTimePools": false, "results": {}, "definedPools": ["HAD", "FHA", "CRS", "FCS", "FTS", "OOE", "TTG", "HFT", "HHA", "HDC", "HIL", "FHL", "CHL", "NTS"], "inplayPools": ["HAD", "FHA", "HIL", "CHL", "CRS", "FCS", "NTS"]}, {"matchID": "471f87cc-b89e-48b2-b00b-33ebdcedf4f1", "matchIDinofficial": "20220423SAT68", "matchNum": "68", "matchDate": "2022-04-23+08:00", "matchDay": "SAT", "coupon": {"couponID": "1", "couponShortName": "SAT", "couponNameCH": "\u5468\u516d\u8cfd\u4e8b", "couponNameEN": "Saturday Matches"}, "league": {"leagueID": "2", "leagueShortName": "ISA", "leagueNameCH": "\u610f\u5927\u5229\u7532\u7d44\u806f\u8cfd", "leagueNameEN": "Italian Division 1"}, "homeTeam": {"teamID": "45", "teamNameCH": "\u570b\u969b\u7c73\u862d", "teamNameEN": "Inter Milan"}, "awayTeam": {"teamID": "53", "teamNameCH": "\u7f85\u99ac", "teamNameEN": "Roma"}, "matchStatus": "Closed", "matchTime": "2022-04-24T00:00:00+08:00", "statuslastupdated": "2022-04-24T00:01:59+08:00", "inplaydelay": "true", "channel": [{"order": 1, "channelID": "638", "channelNameCH": "NOW 638\u53f0", "channelNameEN": "NOW 638"}], "liveEvent": {"ilcLiveDisplay": true, "hasLiveInfo": true, "isIncomplete": false, "matchIDbetradar": "28160498", "matchstate": "FirstHalf", "stateTS": "2022-04-24T00:01:59+08:00", "liveevent": []}, "accumulatedscore": [{"periodvalue": "FirstHalf", "periodstatus": "Started", "home": "", "away": ""}], "livescore": {"home": "0", "away": "0"}, "cornerresult": "0", "hasWebTV": false, "hasOdds": false, "chlodds": {"LINELIST": [{"LINENUM": "1", "MAINLINE": "true", "LINESTATUS": "1", "LINEORDER": "1", "LINE": "8.5/8.5", "H": "100@1.80", "L": "100@1.90"}, {"LINENUM": "2", "MAINLINE": "false", "LINESTATUS": "1", "LINEORDER": "2", "LINE": "9.5/9.5", "H": "100@2.30", "L": "100@1.54"}], "ID": "37c43612-3e6d-4a16-afd8-a1f7dedd0388", "POOLSTATUS": "Selling", "ET": "0", "INPLAY": "true", "ALLUP": "true", "Cur": "1"}, "hasExtraTimePools": false, "results": {}, "definedPools": ["HAD", "FHA", "CRS", "FCS", "FTS", "OOE", "TTG", "HFT", "HHA", "HDC", "HIL", "FHL", "CHL", "NTS"], "inplayPools": ["HAD", "FHA", "HIL", "CHL", "CRS", "FCS", "NTS"]}]