[{"matchID": "94196eff-29e4-43d9-ba09-47b97e0daef1", "matchIDinofficial": "20220420WED12", "matchNum": "12", "matchDate": "2022-04-20+08:00", "matchDay": "WED", "coupon": {"couponID": "5", "couponShortName": "WED", "couponNameCH": "\u5468\u4e09\u8cfd\u4e8b", "couponNameEN": "Wednesday Matches"}, "league": {"leagueID": "4", "leagueShortName": "SFL", "leagueNameCH": "\u897f\u73ed\u7259\u7532\u7d44\u806f\u8cfd", "leagueNameEN": "Spanish Division 1"}, "homeTeam": {"teamID": "58", "teamNameCH": "\u99ac\u5fb7\u91cc\u9ad4\u80b2\u6703", "teamNameEN": "Atletico Madrid"}, "awayTeam": {"teamID": "1707", "teamNameCH": "CF\u683c\u862d\u7d0d\u9054", "teamNameEN": "CF Granada"}, "matchStatus": "ResultIn", "matchTime": "2022-04-21T01:00:00+08:00", "statuslastupdated": "2022-04-21T02:43:14+08:00", "inplaydelay": "true", "channel": [{"order": 1, "channelID": "632", "channelNameCH": "NOW 632\u53f0", "channelNameEN": "NOW 632"}], "liveEvent": {"ilcLiveDisplay": true, "hasLiveInfo": true, "isIncomplete": false, "matchIDbetradar": "27965806", "matchstate": "SecondHalf", "stateTS": "2022-04-21T02:08:35+08:00", "liveevent": [{"order": 1, "minutesElasped": "3", "actionType": "YellowCard", "playerNameCH": "\u57fa\u5c3c", "playerNameEN": "Quini", "homeaway": "Away"}, {"order": 2, "minutesElasped": "29", "actionType": "YellowCard", "playerNameCH": "\u96f7\u5c3c\u5ea6", "playerNameEN": "Reinildo Mandava", "homeaway": "Home"}, {"order": 3, "minutesElasped": "45", "actionType": "YellowCard", "playerNameCH": "\u53f2\u63d0\u82ac\u6c99\u57df", "playerNameEN": "Stefan Savic", "homeaway": "Home"}, {"order": 4, "minutesElasped": "58", "actionType": "YellowCard", "playerNameCH": "\u6c99\u6cbb\u5967\u827e\u65af\u53e4\u8fea\u8def", "playerNameEN": "Sergio Escudero", "homeaway": "Away"}, {"order": 5, "minutesElasped": "74", "actionType": "YellowCard", "playerNameCH": "\u57df\u9640\u8fea\u4e9e\u65af", "playerNameEN": "Victor Diaz", "homeaway": "Away"}, {"order": 6, "minutesElasped": "78", "actionType": "YellowCard", "playerNameCH": "\u8fea\u4fdd\u7f85", "playerNameEN": "Rodrigo De Paul", "homeaway": "Home"}, {"order": 7, "minutesElasped": "83", "actionType": "YellowCard", "playerNameCH": "\u4f69\u4e9e\u9054\u65af", "playerNameEN": "Antonio Puertas", "homeaway": "Away"}, {"order": 8, "minutesElasped": "85", "actionType": "YellowCard", "playerNameCH": "\u79be\u6c99\u7a4d\u9ad8", "playerNameEN": "Sime Vrsaljko", "homeaway": "Home"}]}, "accumulatedscore": [{"periodvalue": "FirstHalf", "periodstatus": "ResultFinal", "home": "0", "away": "0"}, {"periodvalue": "SecondHalf", "periodstatus": "Interim", "home": "", "away": ""}], "livescore": {"home": "0", "away": "0"}, "cornerresult": "-1", "hasWebTV": false, "hasOdds": false, "chlodds": {"LINELIST": [{"LINENUM": "1", "MAINLINE": "true", "LINESTATUS": "1", "LINEORDER": "1", "LINE": "13.5/13.5", "L": "100@1.25", "H": "100@3.45"}], "ID": "b05c9b77-eb12-4a58-8753-93836c790fa7", "POOLSTATUS": "FinalStopSell", "ET": "0", "INPLAY": "true", "ALLUP": "true", "Cur": "1"}, "hasExtraTimePools": false, "results": {}, "definedPools": ["HAD", "FHA", "CRS", "FCS", "FTS", "OOE", "TTG", "HFT", "HHA", "HDC", "HIL", "FHL", "CHL", "NTS"], "inplayPools": ["HAD", "FHA", "HIL", "CHL", "CRS", "FCS", "NTS"]}, {"matchID": "6c6418b1-1c3c-4011-a91d-509c41a16422", "matchIDinofficial": "20220420WED13", "matchNum": "13", "matchDate": "2022-04-20+08:00", "matchDay": "WED", "coupon": {"couponID": "5", "couponShortName": "WED", "couponNameCH": "\u5468\u4e09\u8cfd\u4e8b", "couponNameEN": "Wednesday Matches"}, "league": {"leagueID": "14", "leagueShortName": "FFL", "leagueNameCH": "\u6cd5\u570b\u7532\u7d44\u806f\u8cfd", "leagueNameEN": "French Division 1"}, "homeTeam": {"teamID": "153", "teamNameCH": "\u6469\u7d0d\u54e5", "teamNameEN": "Monaco"}, "awayTeam": {"teamID": "217", "teamNameCH": "\u5c3c\u65af", "teamNameEN": "Nice"}, "matchStatus": "ResultIn", "matchTime": "2022-04-21T01:00:00+08:00", "statuslastupdated": "2022-04-21T02:51:00+08:00", "inplaydelay": "true", "channel": [{"order": 1, "channelID": "639", "channelNameCH": "NOW 639 \u53f0", "channelNameEN": "NOW 639"}], "liveEvent": {"ilcLiveDisplay": true, "hasLiveInfo": true, "isIncomplete": false, "matchIDbetradar": "27885338", "matchstate": "SecondHalf", "stateTS": "2022-04-21T02:05:53+08:00", "liveevent": [{"order": 1, "minutesElasped": "42", "actionType": "YellowCard", "playerNameCH": "\u4e39\u5c3c\u5229\u5967\u65af", "playerNameEN": "Flavius Daniliuc", "homeaway": "Away"}, {"order": 2, "minutesElasped": "45", "actionType": "YellowCard", "playerNameCH": "\u66f9\u4e9e\u6587\u5c3c", "playerNameEN": "Aurelien Tchouameni", "homeaway": "Home"}, {"order": 3, "minutesElasped": "45", "actionType": "Regular", "playerNameCH": "\u9ad8\u8def\u96f2", "playerNameEN": "Aleksandr Golovin", "homeaway": "Home"}, {"order": 4, "minutesElasped": "52", "actionType": "YellowCard", "playerNameCH": "\u963f\u7d20\u8fea\u6c99\u65af", "playerNameEN": "Axel Disasi", "homeaway": "Home"}, {"order": 5, "minutesElasped": "71", "actionType": "YellowCard", "playerNameCH": "\u8b1d\u81e3\u99ac\u7530\u65af", "playerNameEN": "Gelson Martins", "homeaway": "Home"}, {"order": 6, "minutesElasped": "78", "actionType": "YellowCard", "playerNameCH": "\u9ad8\u8def\u96f2", "playerNameEN": "Aleksandr Golovin", "homeaway": "Home"}, {"order": 7, "minutesElasped": "81", "actionType": "YellowCard", "playerNameCH": "\u842c\u5fb7\u68ee", "playerNameEN": "Vanderson", "homeaway": "Home"}, {"order": 8, "minutesElasped": "86", "actionType": "YellowCard", "playerNameCH": "\u5361\u592b\u862d\u675c\u6797", "playerNameEN": "Kephren Thuram Ulien", "homeaway": "Away"}]}, "accumulatedscore": [{"periodvalue": "FirstHalf", "periodstatus": "ResultFinal", "home": "1", "away": "0"}, {"periodvalue": "SecondHalf", "periodstatus": "Interim", "home": "", "away": ""}], "livescore": {"home": "1", "away": "0"}, "cornerresult": "-1", "hasWebTV": false, "hasOdds": false, "chlodds": {"LINELIST": [{"LINENUM": "1", "MAINLINE": "true", "LINESTATUS": "1", "LINEORDER": "1", "LINE": "17.5/17.5", "H": "100@5.10", "L": "100@1.12"}], "ID": "4ee85fd4-c291-4de4-8982-e34406c442b1", "POOLSTATUS": "FinalStopSell", "ET": "0", "INPLAY": "true", "ALLUP": "true", "Cur": "1"}, "hasExtraTimePools": false, "results": {}, "definedPools": ["HAD", "FHA", "CRS", "FCS", "FTS", "OOE", "TTG", "HFT", "HHA", "HDC", "HIL", "FHL", "CHL", "NTS"], "inplayPools": ["HAD", "FHA", "HIL", "CHL", "CRS", "FCS", "NTS"]}, {"matchID": "3ce09395-9f1d-429c-814f-1c33d298bcac", "matchIDinofficial": "20220420WED25", "matchNum": "25", "matchDate": "2022-04-20+08:00", "matchDay": "WED", "coupon": {"couponID": "5", "couponShortName": "WED", "couponNameCH": "\u5468\u4e09\u8cfd\u4e8b", "couponNameEN": "Wednesday Matches"}, "league": {"leagueID": "1", "leagueShortName": "EPL", "leagueNameCH": "\u82f1\u683c\u862d\u8d85\u7d1a\u806f\u8cfd", "leagueNameEN": "Eng Premier"}, "homeTeam": {"teamID": "7", "teamNameCH": "\u8eca\u8def\u58eb", "teamNameEN": "Chelsea"}, "awayTeam": {"teamID": "1", "teamNameCH": "\u963f\u4ed9\u5974", "teamNameEN": "Arsenal"}, "matchStatus": "Closed", "matchTime": "2022-04-21T02:45:00+08:00", "statuslastupdated": "2022-04-21T02:45:20+08:00", "inplaydelay": "true", "channel": [{"order": 1, "channelID": "621", "channelNameCH": "NOW 621\u53f0", "channelNameEN": "NOW 621"}, {"order": 2, "channelID": "611", "channelNameCH": "NOW 611\u53f0", "channelNameEN": "NOW 611"}], "liveEvent": {"ilcLiveDisplay": true, "hasLiveInfo": true, "isIncomplete": false, "matchIDbetradar": "32679857", "matchstate": "FirstHalf", "stateTS": "2022-04-21T02:45:20+08:00", "liveevent": []}, "accumulatedscore": [{"periodvalue": "FirstHalf", "periodstatus": "Started", "home": "", "away": ""}], "livescore": {"home": "0", "away": "0"}, "cornerresult": "-1", "hasWebTV": false, "hasOdds": false, "chlodds": {"LINELIST": [{"LINENUM": "2", "MAINLINE": "false", "LINESTATUS": "1", "LINEORDER": "2", "LINE": "12.5/12.5", "H": "100@2.40", "L": "100@1.50"}, {"LINENUM": "1", "MAINLINE": "true", "LINESTATUS": "1", "LINEORDER": "1", "LINE": "11.5/11.5", "H": "100@1.88", "L": "100@1.82"}], "ID": "416570bd-9500-4754-90ca-9ebb06b953a8", "POOLSTATUS": "NotSelling", "ET": "0", "INPLAY": "true", "ALLUP": "true", "Cur": "1"}, "hasExtraTimePools": false, "results": {}, "definedPools": ["HAD", "FHA", "CRS", "FCS", "FTS", "OOE", "TTG", "HFT", "HHA", "HDC", "HIL", "FHL", "CHL", "NTS"], "inplayPools": ["HAD", "FHA", "HIL", "CHL", "CRS", "FCS", "NTS"], "dhc": {"LEG1": "WED 25", "LEG1ID": "3ce09395-9f1d-429c-814f-1c33d298bcac", "LEG2": "WED 26", "LEG2ID": "f596ec3b-936d-42c8-b031-aae8e2d57b6e", "ITEM": "1"}, "hfm": {"LEG1": "WED 24", "LEG1ID": "9714fd3a-7658-4cdb-9cb1-e0865820649f", "LEG2": "WED 25", "LEG2ID": "3ce09395-9f1d-429c-814f-1c33d298bcac", "LEG3": "WED 26", "LEG3ID": "f596ec3b-936d-42c8-b031-aae8e2d57b6e", "LEG4": "WED 27", "LEG4ID": "906dac3e-c5fd-46b9-8c1b-7251f6ad9d64", "LEG5": "WED 29", "LEG5ID": "513fcfc9-fa40-40d7-a760-35d49c5fb12f", "LEG6": "WED 38", "LEG6ID": "ed607b37-0d38-422b-b4f9-dd51a7bf373d", "ITEM": "1"}}, {"matchID": "40852931-cb75-4711-b75b-c7e1c352fae1", "matchIDinofficial": "20220420WED28", "matchNum": "28", "matchDate": "2022-04-20+08:00", "matchDay": "WED", "coupon": {"couponID": "5", "couponShortName": "WED", "couponNameCH": "\u5468\u4e09\u8cfd\u4e8b", "couponNameEN": "Wednesday Matches"}, "league": {"leagueID": "11", "leagueShortName": "GSC", "leagueNameCH": "\u5fb7\u570b\u76c3", "leagueNameEN": "German Cup"}, "homeTeam": {"teamID": "1744", "teamNameCH": "RB\u840a\u6bd4\u932b", "teamNameEN": "RB Leipzig"}, "awayTeam": {"teamID": "1292", "teamNameCH": "\u67cf\u6797\u806f", "teamNameEN": "Union Berlin"}, "matchStatus": "Closed", "matchTime": "2022-04-21T02:45:00+08:00", "statuslastupdated": "2022-04-21T02:45:06+08:00", "inplaydelay": "true", "channel": [{"order": 1, "channelID": "77", "channelNameCH": "\u9999\u6e2f\u958b\u96fb\u899677\u53f0", "channelNameEN": "Hong Kong Open TV Ch.77"}, {"order": 2, "channelID": "C662", "channelNameCH": "\u6709\u7dda662\u53f0", "channelNameEN": "i-CABLE 662"}, {"order": 3, "channelID": "C602", "channelNameCH": "\u6709\u7dda602\u53f0", "channelNameEN": "i-CABLE 602"}], "liveEvent": {"ilcLiveDisplay": true, "hasLiveInfo": true, "isIncomplete": false, "matchIDbetradar": "32488837", "matchstate": "FirstHalf", "stateTS": "2022-04-21T02:45:06+08:00", "liveevent": []}, "accumulatedscore": [{"periodvalue": "FirstHalf", "periodstatus": "Started", "home": "", "away": ""}], "livescore": {"home": "0", "away": "0"}, "cornerresult": "0", "hasWebTV": false, "hasOdds": false, "chlodds": {"LINELIST": [{"LINENUM": "1", "MAINLINE": "true", "LINESTATUS": "1", "LINEORDER": "1", "LINE": "8.5/8.5", "H": "100@2.10", "L": "100@1.65"}, {"LINENUM": "2", "MAINLINE": "false", "LINESTATUS": "1", "LINEORDER": "2", "LINE": "9.5/9.5", "L": "100@1.37", "H": "100@2.83"}], "ID": "073803dd-8d8b-4e22-92bd-afa78c5ac21a", "POOLSTATUS": "Selling", "ET": "0", "INPLAY": "true", "ALLUP": "true", "Cur": "1"}, "hasExtraTimePools": true, "results": {}, "definedPools": ["HAD", "FHA", "CRS", "FCS", "FTS", "TQL", "OOE", "TTG", "HFT", "HHA", "HDC", "HIL", "FHL", "CHL", "NTS"], "inplayPools": ["HAD", "FHA", "TQL", "HIL", "CHL", "CRS", "FCS", "NTS"]}]