[{"matchID": "f2fc4d34-41e3-45d4-adde-4d00293f38f8", "matchIDinofficial": "20220422FRI22", "matchNum": "22", "matchDate": "2022-04-22+08:00", "matchDay": "FRI", "coupon": {"couponID": "7", "couponShortName": "FRI", "couponNameCH": "\u5468\u4e94\u8cfd\u4e8b", "couponNameEN": "Friday Matches"}, "league": {"leagueID": "29", "leagueShortName": "ED1", "leagueNameCH": "\u82f1\u683c\u862d\u51a0\u8ecd\u806f\u8cfd", "leagueNameEN": "Eng Championship"}, "homeTeam": {"teamID": "178", "teamNameCH": "\u54c8\u7279\u65af\u83f2\u723e\u5fb7", "teamNameEN": "Huddersfield"}, "awayTeam": {"teamID": "274", "teamNameCH": "\u73ed\u58eb\u5229", "teamNameEN": "Barnsley"}, "matchStatus": "ResultIn", "matchTime": "2022-04-23T02:45:00+08:00", "statuslastupdated": "2022-04-23T04:34:38+08:00", "inplaydelay": "true", "channel": [{"order": 1, "channelID": "C661", "channelNameCH": "\u6709\u7dda661\u53f0", "channelNameEN": "i-CABLE 661"}, {"order": 2, "channelID": "C601", "channelNameCH": "\u6709\u7dda601\u53f0", "channelNameEN": "i-CABLE 601"}], "liveEvent": {"ilcLiveDisplay": true, "hasLiveInfo": true, "isIncomplete": false, "matchIDbetradar": "27868008", "matchstate": "SecondHalf", "stateTS": "2022-04-23T03:49:04+08:00", "liveevent": [{"order": 1, "minutesElasped": "6", "actionType": "Regular", "playerNameCH": "\u4f50\u6566\u6d1b\u8fea\u65af", "playerNameEN": "Jordan Rhodes", "homeaway": "Home"}, {"order": 2, "minutesElasped": "45", "actionType": "Regular", "playerNameCH": "\u6258\u4f5b\u7f85, \u963f\u91cc", "playerNameEN": "Harry Toffolo", "homeaway": "Home"}, {"order": 3, "minutesElasped": "51", "actionType": "YellowCard", "playerNameCH": "\u6c83\u723e\u592b, \u99ac\u4fee", "playerNameEN": "Matty Wolfe", "homeaway": "Away"}, {"order": 4, "minutesElasped": "54", "actionType": "YellowCard", "playerNameCH": "\u9f4a\u99b3\u6797, \u9023\u59c6", "playerNameEN": "Liam Kitching", "homeaway": "Away"}, {"order": 5, "minutesElasped": "56", "actionType": "YellowCard", "playerNameCH": "\u7f85\u99ac", "playerNameEN": "Romal Palmer", "homeaway": "Away"}]}, "accumulatedscore": [{"periodvalue": "FirstHalf", "periodstatus": "ResultFinal", "home": "2", "away": "0"}, {"periodvalue": "SecondHalf", "periodstatus": "Interim", "home": "", "away": ""}], "livescore": {"home": "2", "away": "0"}, "cornerresult": "-1", "hasWebTV": false, "hasOdds": false, "chlodds": {"LINELIST": [{"LINENUM": "1", "MAINLINE": "true", "LINESTATUS": "1", "LINEORDER": "1", "LINE": "10.5/10.5", "L": "100@1.12", "H": "100@5.10"}], "ID": "f1041694-bd36-4b9a-bbfa-7b42d9b74dd4", "POOLSTATUS": "FinalStopSell", "ET": "0", "INPLAY": "true", "ALLUP": "true", "Cur": "1"}, "hasExtraTimePools": false, "results": {}, "definedPools": ["HAD", "FHA", "CRS", "FCS", "FTS", "OOE", "TTG", "HFT", "HHA", "HDC", "HIL", "FHL", "CHL", "NTS"], "inplayPools": ["HAD", "FHA", "HIL", "CHL", "CRS", "FCS", "NTS"]}]