[{"matchID": "6173c639-382c-4602-83eb-faa34177ea1d", "matchIDinofficial": "20220423SAT74", "matchNum": "74", "matchDate": "2022-04-23+08:00", "matchDay": "SAT", "coupon": {"couponID": "1", "couponShortName": "SAT", "couponNameCH": "\u5468\u516d\u8cfd\u4e8b", "couponNameEN": "Saturday Matches"}, "league": {"leagueID": "3", "leagueShortName": "GSL", "leagueNameCH": "\u5fb7\u570b\u7532\u7d44\u806f\u8cfd", "leagueNameEN": "German Division 1"}, "homeTeam": {"teamID": "22", "teamNameCH": "\u62dc\u4ec1\u6155\u5c3c\u9ed1", "teamNameEN": "Bayern Munich"}, "awayTeam": {"teamID": "25", "teamNameCH": "\u591a\u8499\u7279", "teamNameEN": "Dortmund"}, "matchStatus": "ResultIn", "matchTime": "2022-04-24T00:30:00+08:00", "statuslastupdated": "2022-04-24T02:18:45+08:00", "inplaydelay": "true", "channel": [{"order": 1, "channelID": "77", "channelNameCH": "\u9999\u6e2f\u958b\u96fb\u899677\u53f0", "channelNameEN": "Hong Kong Open TV Ch.77"}, {"order": 2, "channelID": "C661", "channelNameCH": "\u6709\u7dda661\u53f0", "channelNameEN": "i-CABLE 661"}, {"order": 3, "channelID": "C601", "channelNameCH": "\u6709\u7dda601\u53f0", "channelNameEN": "i-CABLE 601"}], "liveEvent": {"ilcLiveDisplay": true, "hasLiveInfo": true, "isIncomplete": true, "matchIDbetradar": "27883628", "matchstate": "SecondHalf", "stateTS": "2022-04-24T01:33:16+08:00", "liveevent": [{"order": 1, "minutesElasped": "15", "actionType": "Regular", "playerNameCH": "\u57fa\u62ff\u6bd4", "playerNameEN": "Serge Gnabry", "homeaway": "Home"}, {"order": 2, "minutesElasped": "30", "actionType": "Regular", "playerNameCH": "\u57fa\u62ff\u6bd4", "playerNameEN": "Serge Gnabry", "homeaway": "Home"}, {"order": 3, "minutesElasped": "34", "actionType": "Regular", "playerNameCH": "\u7f85\u62d4\u5229\u96f2\u5ea6\u592b\u65af\u57fa", "playerNameEN": "Robert Lewandowski", "homeaway": "Home"}, {"order": 4, "minutesElasped": "40", "actionType": "YellowCard", "playerNameCH": "\u5b89\u5229\u7c21\u6069", "playerNameEN": "Emre Can", "homeaway": "Away"}, {"order": 5, "minutesElasped": "52", "actionType": "Penalty", "playerNameCH": "\u5b89\u5229\u7c21\u6069", "playerNameEN": "Emre Can", "homeaway": "Away"}, {"order": 6, "minutesElasped": "83", "actionType": "Regular", "playerNameCH": "\u7a46\u65af\u4e9e\u62ff", "playerNameEN": "Jamal Musiala", "homeaway": "Home"}]}, "accumulatedscore": [{"periodvalue": "FirstHalf", "periodstatus": "ResultFinal", "home": "2", "away": "0"}, {"periodvalue": "SecondHalf", "periodstatus": "Interim", "home": "3", "away": "1"}], "livescore": {"home": "3", "away": "1"}, "cornerresult": "-1", "hasWebTV": false, "hasOdds": false, "chlodds": {"LINELIST": [{"LINENUM": "1", "MAINLINE": "true", "LINESTATUS": "1", "LINEORDER": "1", "LINE": "5.5/5.5", "L": "100@1.13", "H": "100@4.90"}], "ID": "593a707e-fb57-42b0-bb2f-1a32ce574f75", "POOLSTATUS": "FinalStopSell", "ET": "0", "INPLAY": "true", "ALLUP": "true", "Cur": "1"}, "hasExtraTimePools": false, "results": {}, "definedPools": ["HAD", "FHA", "CRS", "FCS", "FTS", "OOE", "TTG", "HFT", "HHA", "HDC", "HIL", "FHL", "CHL", "NTS"], "inplayPools": ["HAD", "FHA", "HIL", "CHL", "CRS", "FCS", "NTS"]}]