[{"matchID": "7e0d5e18-63be-4082-b057-ec5265884cdc", "matchIDinofficial": "20220508SUN18", "matchNum": "18", "matchDate": "2022-05-08+08:00", "matchDay": "SUN", "coupon": {"couponID": "2", "couponShortName": "SUN", "couponNameCH": "\u5468\u65e5\u8cfd\u4e8b", "couponNameEN": "Sunday Matches"}, "league": {"leagueID": "88", "leagueShortName": "KD1", "leagueNameCH": "\u5357\u97d3\u8077\u696d\u806f\u8cfd", "leagueNameEN": "Korean Division 1"}, "homeTeam": {"teamID": "943", "teamNameCH": "FC\u9996\u723e", "teamNameEN": "FC Seoul"}, "awayTeam": {"teamID": "2721", "teamNameCH": "FC\u6c34\u539f", "teamNameEN": "Suwon FC"}, "matchStatus": "ResultIn", "matchTime": "2022-05-08T15:30:00+08:00", "statuslastupdated": "2022-05-08T17:17:35+08:00", "inplaydelay": "true", "channel": [{"order": 1, "channelID": "85", "channelNameCH": "\u7121\u7dda85\u53f0", "channelNameEN": "TVB 85"}], "liveEvent": {"ilcLiveDisplay": true, "hasLiveInfo": true, "isIncomplete": false, "matchIDbetradar": "31561529", "matchstate": "SecondHalf", "stateTS": "2022-05-08T16:32:23+08:00", "liveevent": [{"order": 1, "minutesElasped": "21", "actionType": "YellowCard", "playerNameCH": "\u6734\u67f1\u660a", "playerNameEN": "Park Joo-ho", "homeaway": "Away"}, {"order": 2, "minutesElasped": "29", "actionType": "YellowCard", "playerNameCH": "\u5967\u65af\u99ac\u5df4\u5df4", "playerNameEN": "Osmar Barba", "homeaway": "Home"}, {"order": 3, "minutesElasped": "36", "actionType": "YellowRedCard", "playerNameCH": "\u6734\u67f1\u660a", "playerNameEN": "Park Joo-ho", "homeaway": "Away"}, {"order": 4, "minutesElasped": "63", "actionType": "Regular", "playerNameCH": "\u5967\u65af\u99ac\u5df4\u5df4", "playerNameEN": "Osmar Barba", "homeaway": "Home"}, {"order": 5, "minutesElasped": "67", "actionType": "Regular", "playerNameCH": "\u91d1\u627f\u4fca", "playerNameEN": "Kim Seung-jun", "homeaway": "Away"}, {"order": 6, "minutesElasped": "78", "actionType": "Regular", "playerNameCH": "", "playerNameEN": "Kim Shin-jin", "homeaway": "Home"}, {"order": 7, "minutesElasped": "81", "actionType": "YellowCard", "playerNameCH": "", "playerNameEN": "Kwak Yun-ho", "homeaway": "Away"}, {"order": 8, "minutesElasped": "82", "actionType": "Regular", "playerNameCH": "\u5c39\u5b97\u6842", "playerNameEN": "Yoon Jong-gyu", "homeaway": "Home"}, {"order": 9, "minutesElasped": "89", "actionType": "YellowCard", "playerNameCH": "\u6734\u6771\u771f", "playerNameEN": "Park Dong-jin", "homeaway": "Home"}]}, "accumulatedscore": [{"periodvalue": "FirstHalf", "periodstatus": "ResultFinal", "home": "0", "away": "0"}, {"periodvalue": "SecondHalf", "periodstatus": "Interim", "home": "3", "away": "1"}], "livescore": {"home": "3", "away": "1"}, "cornerresult": "-1", "hasWebTV": false, "hasOdds": false, "chlodds": {"LINELIST": [{"LINENUM": "1", "MAINLINE": "true", "LINESTATUS": "1", "LINEORDER": "1", "LINE": "9.5/9.5", "L": "100@1.14", "H": "100@4.75"}], "ID": "0ff62b03-fa8c-45fa-9519-5f3d37697770", "POOLSTATUS": "FinalStopSell", "ET": "0", "INPLAY": "true", "ALLUP": "true", "Cur": "1"}, "hasExtraTimePools": false, "results": {}, "definedPools": ["HAD", "FHA", "CRS", "FCS", "FTS", "OOE", "TTG", "HFT", "HHA", "HDC", "HIL", "FHL", "CHL", "NTS"], "inplayPools": ["HAD", "FHA", "HIL", "CHL", "CRS", "FCS", "NTS"]}]