[{"matchID": "42d30ab4-11b0-4ba3-aa96-bd9646ef9b5d", "matchIDinofficial": "20220429FRI16", "matchNum": "16", "matchDate": "2022-04-29+08:00", "matchDay": "FRI", "coupon": {"couponID": "7", "couponShortName": "FRI", "couponNameCH": "\u5468\u4e94\u8cfd\u4e8b", "couponNameEN": "Friday Matches"}, "league": {"leagueID": "16", "leagueShortName": "DFL", "leagueNameCH": "\u8377\u862d\u7532\u7d44\u806f\u8cfd", "leagueNameEN": "Dutch Division 1"}, "homeTeam": {"teamID": "229", "teamNameCH": "\u70cf\u5fb7\u52d2\u652f", "teamNameEN": "Utrecht"}, "awayTeam": {"teamID": "238", "teamNameCH": "\u5948\u6885\u4ea8", "teamNameEN": "NEC Nijmegen"}, "matchStatus": "Closed", "matchTime": "2022-04-30T02:00:00+08:00", "statuslastupdated": "2022-04-30T02:02:50+08:00", "inplaydelay": "true", "channel": [{"order": 1, "channelID": "GX", "channelNameCH": "GoalX app", "channelNameEN": "GoalX app"}, {"order": 2, "channelID": "HKJC", "channelNameCH": "HKJC TV app", "channelNameEN": "HKJC TV app"}], "liveEvent": {"ilcLiveDisplay": true, "hasLiveInfo": true, "isIncomplete": false, "matchIDbetradar": "27647272", "matchstate": "FirstHalf", "stateTS": "2022-04-30T02:02:50+08:00", "liveevent": [{"order": 1, "minutesElasped": "14", "actionType": "YellowCard", "playerNameCH": "\u7c73\u514b\u723eDuelund", "playerNameEN": "Mikkel Duelund", "homeaway": "Away"}]}, "accumulatedscore": [{"periodvalue": "FirstHalf", "periodstatus": "Started", "home": "", "away": ""}], "livescore": {"home": "0", "away": "0"}, "cornerresult": "7", "hasWebTV": false, "hasOdds": false, "chlodds": {"LINELIST": [{"LINENUM": "1", "MAINLINE": "true", "LINESTATUS": "1", "LINEORDER": "1", "LINE": "12.5/12.5", "H": "100@1.85", "L": "100@1.85"}, {"LINENUM": "2", "MAINLINE": "false", "LINESTATUS": "1", "LINEORDER": "2", "LINE": "13.5/13.5", "H": "100@2.60", "L": "100@1.43"}], "ID": "525c3d98-03b7-4136-a7ea-3cb824d57244", "POOLSTATUS": "Selling", "ET": "0", "INPLAY": "true", "ALLUP": "true", "Cur": "1"}, "hasExtraTimePools": false, "results": {}, "definedPools": ["HAD", "FHA", "CRS", "FCS", "FTS", "OOE", "TTG", "HFT", "HHA", "HDC", "HIL", "FHL", "CHL", "NTS"], "inplayPools": ["HAD", "FHA", "HIL", "CHL", "CRS", "FCS", "NTS"]}]