[{"matchID": "65ca7d3f-c6f8-4940-a8b1-e4d515342206", "matchIDinofficial": "20220505THU26", "matchNum": "26", "matchDate": "2022-05-05+08:00", "matchDay": "THU", "coupon": {"couponID": "6", "couponShortName": "THU", "couponNameCH": "\u5468\u56db\u8cfd\u4e8b", "couponNameEN": "Thursday Matches"}, "league": {"leagueID": "71", "leagueShortName": "LBC", "leagueNameCH": "\u5357\u7f8e\u81ea\u7531\u76c3", "leagueNameEN": "Copa Libertadores"}, "homeTeam": {"teamID": "636", "teamNameCH": "\u5229\u99ac\u806f", "teamNameEN": "Alianza Lima"}, "awayTeam": {"teamID": "909", "teamNameCH": "\u9ad8\u8def\u9ad8\u8def", "teamNameEN": "Colo Colo"}, "matchStatus": "ResultIn", "matchTime": "2022-05-06T10:00:00+08:00", "statuslastupdated": "2022-05-06T11:18:54+08:00", "inplaydelay": "true", "neutralgroundvenue": {"neutralgroundvenueNameCH": "\u5229\u99ac\u570b\u5bb6\u7403\u5834", "neutralgroundvenueNameEN": "Estadio Nacional, Lima"}, "channel": [{"order": 1, "channelID": "GX", "channelNameCH": "GoalX app", "channelNameEN": "GoalX app"}, {"order": 2, "channelID": "HKJC", "channelNameCH": "HKJC TV app", "channelNameEN": "HKJC TV app"}], "liveEvent": {"ilcLiveDisplay": true, "hasLiveInfo": true, "isIncomplete": false, "matchIDbetradar": "32898675", "matchstate": "SecondHalf", "stateTS": "2022-05-06T11:01:34+08:00", "liveevent": [{"order": 1, "minutesElasped": "22", "actionType": "Regular", "playerNameCH": "\u76e7\u585e\u7f85, \u80e1\u5b89, \u99ac\u4e01", "playerNameEN": "Juan Lucero", "homeaway": "Away"}, {"order": 2, "minutesElasped": "33", "actionType": "YellowCard", "playerNameCH": "\u57fa\u65af\u7538\u62c9\u83ab\u65af", "playerNameEN": "Christian Ramos", "homeaway": "Home"}, {"order": 3, "minutesElasped": "43", "actionType": "YellowCard", "playerNameCH": "\u611b\u5fb7\u83ef\u591a\u00b7\u7dad\u723e\u5207\u65af, \u7d04\u8fea", "playerNameEN": "Yordi Vilchez", "homeaway": "Home"}, {"order": 4, "minutesElasped": "46", "actionType": "Regular", "playerNameCH": "\u963f\u53e4\u723e", "playerNameEN": "Wilmer Aguirre", "homeaway": "Home"}, {"order": 5, "minutesElasped": "55", "actionType": "YellowCard", "playerNameCH": "\u827e\u65af\u8fea\u8cd3\u67cf\u7dad\u65af", "playerNameEN": "Esteban Pavez", "homeaway": "Away"}, {"order": 6, "minutesElasped": "57", "actionType": "YellowCard", "playerNameCH": "\u5967\u5e15\u4f50, \u5967\u65af\u5361", "playerNameEN": "Oscar Opazo", "homeaway": "Away"}, {"order": 7, "minutesElasped": "61", "actionType": "YellowCard", "playerNameCH": "\u6cd5\u723e\u5b54, \u99ac\u514b\u897f\u7c73\u5229\u4e9e\u8afe", "playerNameEN": "Maximiliano Falcon", "homeaway": "Away"}]}, "accumulatedscore": [{"periodvalue": "FirstHalf", "periodstatus": "ResultFinal", "home": "0", "away": "1"}, {"periodvalue": "SecondHalf", "periodstatus": "Interim", "home": "1", "away": "1"}], "livescore": {"home": "1", "away": "1"}, "cornerresult": "9", "hasWebTV": false, "hasOdds": false, "chlodds": {"LINELIST": [{"LINENUM": "2", "MAINLINE": "false", "LINESTATUS": "1", "LINEORDER": "2", "LINE": "13.5/13.5", "H": "100@3.25", "L": "100@1.28"}, {"LINENUM": "1", "MAINLINE": "true", "LINESTATUS": "1", "LINEORDER": "1", "LINE": "12.5/12.5", "L": "100@1.65", "H": "100@2.10"}], "ID": "fa1bcb44-4e94-4150-9e9b-791dd933d0ee", "POOLSTATUS": "Selling", "ET": "0", "INPLAY": "true", "ALLUP": "true", "Cur": "1"}, "hasExtraTimePools": false, "results": {}, "definedPools": ["HAD", "FHA", "CRS", "FCS", "FTS", "OOE", "TTG", "HFT", "HHA", "HDC", "HIL", "FHL", "CHL", "NTS"], "inplayPools": ["HAD", "FHA", "HIL", "CHL", "CRS", "FCS", "NTS"]}]