[{"matchID": "81450870-0ae8-4041-a5d0-4b2202ce3830", "matchIDinofficial": "20220506FRI24", "matchNum": "24", "matchDate": "2022-05-06+08:00", "matchDay": "FRI", "coupon": {"couponID": "7", "couponShortName": "FRI", "couponNameCH": "\u5468\u4e94\u8cfd\u4e8b", "couponNameEN": "Friday Matches"}, "league": {"leagueID": "14", "leagueShortName": "FFL", "leagueNameCH": "\u6cd5\u570b\u7532\u7d44\u806f\u8cfd", "leagueNameEN": "French Division 1"}, "homeTeam": {"teamID": "213", "teamNameCH": "\u91cc\u723e", "teamNameEN": "Lille"}, "awayTeam": {"teamID": "153", "teamNameCH": "\u6469\u7d0d\u54e5", "teamNameEN": "Monaco"}, "matchStatus": "ResultIn", "matchTime": "2022-05-07T03:00:00+08:00", "statuslastupdated": "2022-05-07T04:47:00+08:00", "inplaydelay": "true", "channel": [{"order": 1, "channelID": "639", "channelNameCH": "NOW 639 \u53f0", "channelNameEN": "NOW 639"}, {"order": 2, "channelID": "714", "channelNameCH": "NOW 714\u53f0", "channelNameEN": "NOW 714"}], "liveEvent": {"ilcLiveDisplay": true, "hasLiveInfo": true, "isIncomplete": false, "matchIDbetradar": "27885392", "matchstate": "SecondHalf", "stateTS": "2022-05-07T04:01:47+08:00", "liveevent": [{"order": 1, "minutesElasped": "39", "actionType": "YellowCard", "playerNameCH": "\u859b\u57fa\u65bd\u6b77", "playerNameEN": "Zeki Celik", "homeaway": "Home"}, {"order": 2, "minutesElasped": "42", "actionType": "Regular", "playerNameCH": "\u66f9\u4e9e\u6587\u5c3c", "playerNameEN": "Aurelien Tchouameni", "homeaway": "Away"}, {"order": 3, "minutesElasped": "51", "actionType": "YellowCard", "playerNameCH": "\u8377\u897f\u65b9\u8fea", "playerNameEN": "Jose Fonte", "homeaway": "Home"}, {"order": 4, "minutesElasped": "65", "actionType": "YellowCard", "playerNameCH": "\u8cd3\u8036\u9054", "playerNameEN": "Wissam Ben Yedder", "homeaway": "Away"}, {"order": 5, "minutesElasped": "69", "actionType": "Regular", "playerNameCH": "\u5b89\u7956\u9ad8\u7f8e\u65af", "playerNameEN": "Angel Gomes", "homeaway": "Home"}, {"order": 6, "minutesElasped": "75", "actionType": "Regular", "playerNameCH": "\u66f9\u4e9e\u6587\u5c3c", "playerNameEN": "Aurelien Tchouameni", "homeaway": "Away"}, {"order": 7, "minutesElasped": "87", "actionType": "YellowCard", "playerNameCH": "\u73ed\u6377\u6587\u5b89\u9054", "playerNameEN": "Benjamin Andre", "homeaway": "Home"}, {"order": 8, "minutesElasped": "90", "actionType": "YellowCard", "playerNameCH": "\u838a\u62ff\u82ac\u73ed\u5df4", "playerNameEN": "Jonathan Bamba", "homeaway": "Home"}]}, "accumulatedscore": [{"periodvalue": "FirstHalf", "periodstatus": "ResultFinal", "home": "0", "away": "1"}, {"periodvalue": "SecondHalf", "periodstatus": "Interim", "home": "1", "away": "2"}], "livescore": {"home": "1", "away": "2"}, "cornerresult": "-1", "hasWebTV": false, "hasOdds": false, "chlodds": {"LINELIST": [{"LINENUM": "1", "MAINLINE": "true", "LINESTATUS": "1", "LINEORDER": "1", "LINE": "9.5/9.5", "H": "100@5.10", "L": "100@1.12"}], "ID": "de4f6a48-21ec-469f-96b7-137981e6e498", "POOLSTATUS": "FinalStopSell", "ET": "0", "INPLAY": "true", "ALLUP": "true", "Cur": "1"}, "hasExtraTimePools": false, "results": {}, "definedPools": ["HAD", "FHA", "CRS", "FCS", "FTS", "OOE", "TTG", "HFT", "HHA", "HDC", "HIL", "FHL", "CHL", "NTS"], "inplayPools": ["HAD", "FHA", "HIL", "CHL", "CRS", "FCS", "NTS"], "hfm": {"LEG1": "FRI 19", "LEG1ID": "9201f13b-889b-49dc-935a-a8c1e309cda7", "LEG2": "FRI 20", "LEG2ID": "08bfe59d-7e26-4fbd-86ea-a77ee2d0752e", "LEG3": "FRI 21", "LEG3ID": "6f216409-53cc-484e-b1bc-11063f6a2c44", "LEG4": "FRI 22", "LEG4ID": "cdc0164c-2311-4685-b22a-6f53e0c61308", "LEG5": "FRI 23", "LEG5ID": "ea34e708-03f9-4db2-9efe-a18e2507306e", "LEG6": "FRI 24", "LEG6ID": "81450870-0ae8-4041-a5d0-4b2202ce3830", "ITEM": "1"}}]