[{"matchID": "9dcb7cc3-db84-4d7a-999f-331916c48161", "matchIDinofficial": "20220502MON15", "matchNum": "15", "matchDate": "2022-05-02+08:00", "matchDay": "MON", "coupon": {"couponID": "3", "couponShortName": "MON", "couponNameCH": "\u5468\u4e00\u8cfd\u4e8b", "couponNameEN": "Monday Matches"}, "league": {"leagueID": "1", "leagueShortName": "EPL", "leagueNameCH": "\u82f1\u683c\u862d\u8d85\u7d1a\u806f\u8cfd", "leagueNameEN": "Eng Premier"}, "homeTeam": {"teamID": "14", "teamNameCH": "\u66fc\u806f", "teamNameEN": "Manchester Utd"}, "awayTeam": {"teamID": "521", "teamNameCH": "\u8cd3\u798f\u7279", "teamNameEN": "Brentford"}, "matchStatus": "ResultIn", "matchTime": "2022-05-03T03:00:00+08:00", "statuslastupdated": "2022-05-03T04:41:23+08:00", "inplaydelay": "true", "channel": [{"order": 1, "channelID": "621", "channelNameCH": "NOW 621\u53f0", "channelNameEN": "NOW 621"}], "liveEvent": {"ilcLiveDisplay": true, "hasLiveInfo": true, "isIncomplete": true, "matchIDbetradar": "27751738", "matchstate": "SecondHalf", "stateTS": "2022-05-03T04:03:14+08:00", "liveevent": [{"order": 1, "minutesElasped": "9", "actionType": "Regular", "playerNameCH": "\u822c\u5974\u8cbb\u5357\u8fea\u65af", "playerNameEN": "Bruno Fernandes", "homeaway": "Home"}, {"order": 2, "minutesElasped": "44", "actionType": "Regular", "playerNameCH": "\u57fa\u65af\u5766\u5974\u6717\u62ff\u5ea6", "playerNameEN": "Cristiano Ronaldo", "homeaway": "Home"}, {"order": 3, "minutesElasped": "54", "actionType": "YellowCard", "playerNameCH": "\u5c3c\u66fc\u67e5\u99ac\u8fea", "playerNameEN": "Nemanja Matic", "homeaway": "Home"}, {"order": 4, "minutesElasped": "61", "actionType": "Penalty", "playerNameCH": "\u57fa\u65af\u5766\u5974\u6717\u62ff\u5ea6", "playerNameEN": "Cristiano Ronaldo", "homeaway": "Home"}, {"order": 5, "minutesElasped": "72", "actionType": "Regular", "playerNameCH": "\u83ef\u62c9\u5c3c", "playerNameEN": "Raphael Varane", "homeaway": "Home"}]}, "accumulatedscore": [{"periodvalue": "FirstHalf", "periodstatus": "ResultFinal", "home": "1", "away": "0"}, {"periodvalue": "SecondHalf", "periodstatus": "Interim", "home": "3", "away": "0"}], "livescore": {"home": "3", "away": "0"}, "cornerresult": "11", "hasWebTV": false, "hasOdds": false, "chlodds": {"LINELIST": [{"LINENUM": "1", "MAINLINE": "true", "LINESTATUS": "1", "LINEORDER": "1", "LINE": "12.5/12.5", "L": "100@1.22", "H": "100@3.70"}], "ID": "c0b3c453-fe03-4d6b-8855-ae91a5d59613", "POOLSTATUS": "Selling", "ET": "0", "INPLAY": "true", "ALLUP": "true", "Cur": "1"}, "hasExtraTimePools": false, "results": {}, "definedPools": ["HAD", "FHA", "CRS", "FCS", "FTS", "OOE", "TTG", "HFT", "HHA", "HDC", "HIL", "FHL", "CHL", "NTS"], "inplayPools": ["HAD", "FHA", "HIL", "CHL", "CRS", "FCS", "NTS"]}]