[{"matchID": "644ecac7-ac74-443f-9b20-4cbd0456a14c", "matchIDinofficial": "20220426TUE4", "matchNum": "4", "matchDate": "2022-04-26+08:00", "matchDay": "TUE", "coupon": {"couponID": "4", "couponShortName": "TUE", "couponNameCH": "\u5468\u4e8c\u8cfd\u4e8b", "couponNameEN": "Tuesday Matches"}, "league": {"leagueID": "90", "leagueShortName": "ACL", "leagueNameCH": "\u4e9e\u6d32\u806f\u8cfd\u51a0\u8ecd\u76c3", "leagueNameEN": "Asian Champions League"}, "homeTeam": {"teamID": "1842", "teamNameCH": "\u827e\u675c\u54c8\u5c3c", "teamNameEN": "Al Duhail"}, "awayTeam": {"teamID": "1020", "teamNameCH": "\u6c99\u5df4\u7f55", "teamNameEN": "Sepahan"}, "matchStatus": "Closed", "matchTime": "2022-04-27T01:15:00+08:00", "statuslastupdated": "2022-04-27T01:15:17+08:00", "inplaydelay": "true", "neutralgroundvenue": {"neutralgroundvenueNameCH": "\u6c99\u7279\u963f\u62c9\u4f2f\u5e03\u8cf4\u4ee3\u963f\u535c\u675c\u62c9\u570b\u738b\u9ad4\u80b2\u57ce\u9ad4\u80b2\u5834", "neutralgroundvenueNameEN": "King Abdullah Sport City Stadium, Buraidah, Saudi Arabia"}, "channel": [{"order": 1, "channelID": "ES", "channelNameCH": "ElevenSports", "channelNameEN": "ElevenSports"}], "liveEvent": {"ilcLiveDisplay": true, "hasLiveInfo": true, "isIncomplete": false, "matchIDbetradar": "32307275", "matchstate": "FirstHalf", "stateTS": "2022-04-27T01:15:17+08:00", "liveevent": []}, "accumulatedscore": [{"periodvalue": "FirstHalf", "periodstatus": "Started", "home": "", "away": ""}], "livescore": {"home": "0", "away": "0"}, "cornerresult": "1", "hasWebTV": false, "hasOdds": false, "chlodds": {"LINELIST": [{"LINENUM": "2", "MAINLINE": "false", "LINESTATUS": "1", "LINEORDER": "2", "LINE": "10.5/10.5", "L": "100@1.56", "H": "100@2.27"}, {"LINENUM": "1", "MAINLINE": "true", "LINESTATUS": "1", "LINEORDER": "1", "LINE": "9.5/9.5", "H": "100@1.84", "L": "100@1.86"}], "ID": "8356896e-231c-4927-b8fa-c23a6c99a277", "POOLSTATUS": "Selling", "ET": "0", "INPLAY": "true", "ALLUP": "true", "Cur": "1"}, "hasExtraTimePools": false, "results": {}, "definedPools": ["HAD", "FHA", "CRS", "FCS", "FTS", "OOE", "TTG", "HFT", "HHA", "HDC", "HIL", "FHL", "CHL", "NTS"], "inplayPools": ["HAD", "FHA", "HIL", "CHL", "CRS", "FCS", "NTS"]}]