[{"matchID": "12b338e8-a119-4638-8c37-148a46026dbc", "matchIDinofficial": "20220425MON1", "matchNum": "1", "matchDate": "2022-04-25+08:00", "matchDay": "MON", "coupon": {"couponID": "3", "couponShortName": "MON", "couponNameCH": "\u5468\u4e00\u8cfd\u4e8b", "couponNameEN": "Monday Matches"}, "league": {"leagueID": "89", "leagueShortName": "AD1", "leagueNameCH": "\u6fb3\u6d32\u8077\u696d\u806f\u8cfd", "leagueNameEN": "Australian Division 1"}, "homeTeam": {"teamID": "1156", "teamNameCH": "\u5e03\u91cc\u65af\u73ed\u7345\u543c", "teamNameEN": "Brisbane Roar"}, "awayTeam": {"teamID": "1095", "teamNameCH": "\u58a8\u723e\u672c\u52dd\u5229", "teamNameEN": "Melbourne Victory"}, "matchStatus": "ResultIn", "matchTime": "2022-04-25T12:05:00+08:00", "statuslastupdated": "2022-04-25T14:02:28+08:00", "inplaydelay": "true", "channel": [{"order": 1, "channelID": "MTS", "channelNameCH": "\u7121\u7dda myTV SUPER", "channelNameEN": "TVB myTV SUPER"}], "liveEvent": {"ilcLiveDisplay": true, "hasLiveInfo": true, "isIncomplete": false, "matchIDbetradar": "33266187", "matchstate": "SecondHalf", "stateTS": "2022-04-25T13:17:15+08:00", "liveevent": [{"order": 1, "minutesElasped": "32", "actionType": "YellowCard", "playerNameCH": "\u4f0a\u9ad8\u8def\u7f8e\u8fea\u65af", "playerNameEN": "Christopher Ikonomidis", "homeaway": "Away"}, {"order": 2, "minutesElasped": "44", "actionType": "YellowCard", "playerNameCH": "\u963f\u6b77\u65af\u6d3e\u81e3\u65af", "playerNameEN": "Alex Parsons", "homeaway": "Home"}, {"order": 3, "minutesElasped": "47", "actionType": "YellowCard", "playerNameCH": "\u963f\u514b\u5df4\u5229", "playerNameEN": "Rahmat Akbari", "homeaway": "Home"}, {"order": 4, "minutesElasped": "54", "actionType": "Regular", "playerNameCH": "\u963f\u6b77\u65af\u6d3e\u81e3\u65af", "playerNameEN": "Alex Parsons", "homeaway": "Home"}, {"order": 5, "minutesElasped": "68", "actionType": "Regular", "playerNameCH": "\u73ed\u9813\u54b8\u7f8e\u723e", "playerNameEN": "Brendan Hamill", "homeaway": "Away"}, {"order": 6, "minutesElasped": "84", "actionType": "YellowCard", "playerNameCH": "\u6bd4\u723e\u862d\u7279", "playerNameEN": "Josh Brillante", "homeaway": "Away"}, {"order": 7, "minutesElasped": "90", "actionType": "YellowCard", "playerNameCH": "\u8b1d\u723e\u5967\u6c99", "playerNameEN": "Jay O'Shea", "homeaway": "Home"}]}, "accumulatedscore": [{"periodvalue": "FirstHalf", "periodstatus": "ResultFinal", "home": "0", "away": "0"}, {"periodvalue": "SecondHalf", "periodstatus": "Interim", "home": "1", "away": "1"}], "livescore": {"home": "1", "away": "1"}, "cornerresult": "-1", "hasWebTV": false, "hasOdds": false, "chlodds": {"LINELIST": [{"LINENUM": "1", "MAINLINE": "true", "LINESTATUS": "1", "LINEORDER": "1", "LINE": "12.5/12.5", "H": "100@3.80", "L": "100@1.21"}], "ID": "1bc32615-76c6-4b70-a688-32e39d652312", "POOLSTATUS": "FinalStopSell", "ET": "0", "INPLAY": "true", "ALLUP": "true", "Cur": "1"}, "hasExtraTimePools": false, "results": {}, "definedPools": ["HAD", "FHA", "CRS", "FCS", "FTS", "OOE", "TTG", "HFT", "HHA", "HDC", "HIL", "FHL", "CHL", "NTS"], "inplayPools": ["HAD", "FHA", "HIL", "CHL", "CRS", "FCS", "NTS"]}]