[{"matchID": "d015ba6f-4a16-4e56-9475-8ea83e794c53", "matchIDinofficial": "20220505THU22", "matchNum": "22", "matchDate": "2022-05-05+08:00", "matchDay": "THU", "coupon": {"couponID": "6", "couponShortName": "THU", "couponNameCH": "\u5468\u56db\u8cfd\u4e8b", "couponNameEN": "Thursday Matches"}, "league": {"leagueID": "71", "leagueShortName": "LBC", "leagueNameCH": "\u5357\u7f8e\u81ea\u7531\u76c3", "leagueNameEN": "Copa Libertadores"}, "homeTeam": {"teamID": "3253", "teamNameCH": "\u5df4\u62c9\u5e72\u5929\u5974\u7d05\u725b", "teamNameEN": "RB Bragantino"}, "awayTeam": {"teamID": "810", "teamNameCH": "\u6c99\u58eb\u83f2", "teamNameEN": "Velez Sarsfield"}, "matchStatus": "ResultIn", "matchTime": "2022-05-06T08:00:00+08:00", "statuslastupdated": "2022-05-06T09:10:36+08:00", "inplaydelay": "true", "channel": [{"order": 1, "channelID": "GX", "channelNameCH": "GoalX app", "channelNameEN": "GoalX app"}, {"order": 2, "channelID": "HKJC", "channelNameCH": "HKJC TV app", "channelNameEN": "HKJC TV app"}], "liveEvent": {"ilcLiveDisplay": true, "hasLiveInfo": true, "isIncomplete": false, "matchIDbetradar": "32898569", "matchstate": "SecondHalf", "stateTS": "2022-05-06T09:04:21+08:00", "liveevent": [{"order": 1, "minutesElasped": "11", "actionType": "YellowCard", "playerNameCH": "\u8d6b\u5229\u5c3c\u5967", "playerNameEN": "Helinho", "homeaway": "Home"}, {"order": 2, "minutesElasped": "14", "actionType": "Regular", "playerNameCH": "\u67cf\u62c9\u5716", "playerNameEN": "Lucas Pratto", "homeaway": "Away"}, {"order": 3, "minutesElasped": "30", "actionType": "YellowCard", "playerNameCH": "", "playerNameEN": "Diego Valentin Gomez", "homeaway": "Away"}]}, "accumulatedscore": [{"periodvalue": "FirstHalf", "periodstatus": "ResultFinal", "home": "0", "away": "1"}, {"periodvalue": "SecondHalf", "periodstatus": "Interim", "home": "", "away": ""}], "livescore": {"home": "0", "away": "1"}, "cornerresult": "5", "hasWebTV": false, "hasOdds": false, "chlodds": {"LINELIST": [{"LINENUM": "1", "MAINLINE": "true", "LINESTATUS": "1", "LINEORDER": "1", "LINE": "9.5/9.5", "L": "100@1.90", "H": "100@1.80"}, {"LINENUM": "2", "MAINLINE": "false", "LINESTATUS": "1", "LINEORDER": "2", "LINE": "10.5/10.5", "H": "100@2.55", "L": "100@1.45"}], "ID": "5552486e-522f-4898-babb-5b02b09cc5a2", "POOLSTATUS": "Selling", "ET": "0", "INPLAY": "true", "ALLUP": "true", "Cur": "1"}, "hasExtraTimePools": false, "results": {}, "definedPools": ["HAD", "FHA", "CRS", "FCS", "FTS", "OOE", "TTG", "HFT", "HHA", "HDC", "HIL", "FHL", "CHL", "NTS"], "inplayPools": ["HAD", "FHA", "HIL", "CHL", "CRS", "FCS", "NTS"]}]