[{"matchID": "1a10d1b4-a49b-4c42-8ba3-631705c5bed4", "matchIDinofficial": "20220421THU4", "matchNum": "4", "matchDate": "2022-04-21+08:00", "matchDay": "THU", "coupon": {"couponID": "6", "couponShortName": "THU", "couponNameCH": "\u5468\u56db\u8cfd\u4e8b", "couponNameEN": "Thursday Matches"}, "league": {"leagueID": "90", "leagueShortName": "ACL", "leagueNameCH": "\u4e9e\u6d32\u806f\u8cfd\u51a0\u8ecd\u76c3", "leagueNameEN": "Asian Champions League"}, "homeTeam": {"teamID": "1100", "teamNameCH": "FC\u5927\u90b1", "teamNameEN": "Daegu FC"}, "awayTeam": {"teamID": "555", "teamNameCH": "\u6d66\u548c\u7d05\u947d", "teamNameEN": "Urawa Reds"}, "matchStatus": "Closed", "matchTime": "2022-04-21T22:00:00+08:00", "statuslastupdated": "2022-04-21T22:00:27+08:00", "inplaydelay": "true", "neutralgroundvenue": {"neutralgroundvenueNameCH": "\u6cf0\u570b\u6b66\u91cc\u5357\u9ad4\u80b2\u5834", "neutralgroundvenueNameEN": "Buriram Stadium, Buriram, Thailand"}, "channel": [{"order": 1, "channelID": "ES", "channelNameCH": "ElevenSports", "channelNameEN": "ElevenSports"}], "liveEvent": {"ilcLiveDisplay": true, "hasLiveInfo": true, "isIncomplete": false, "matchIDbetradar": "32307329", "matchstate": "FirstHalf", "stateTS": "2022-04-21T22:00:27+08:00", "liveevent": [{"order": 1, "minutesElasped": "19", "actionType": "YellowCard", "playerNameCH": "", "playerNameEN": "Lee Jin-yong", "homeaway": "Home"}]}, "accumulatedscore": [{"periodvalue": "FirstHalf", "periodstatus": "Started", "home": "", "away": ""}], "livescore": {"home": "0", "away": "0"}, "cornerresult": "2", "hasWebTV": false, "hasOdds": false, "chlodds": {"LINELIST": [{"LINENUM": "1", "MAINLINE": "true", "LINESTATUS": "1", "LINEORDER": "1", "LINE": "8.5/8.5", "H": "100@1.86", "L": "100@1.84"}, {"LINENUM": "2", "MAINLINE": "false", "LINESTATUS": "1", "LINEORDER": "2", "LINE": "9.5/9.5", "H": "100@2.55", "L": "100@1.45"}], "ID": "38f3c2c5-8402-4474-893a-e0c4460dcea0", "POOLSTATUS": "Selling", "ET": "0", "INPLAY": "true", "ALLUP": "true", "Cur": "1"}, "hasExtraTimePools": false, "results": {}, "definedPools": ["HAD", "FHA", "CRS", "FCS", "FTS", "OOE", "TTG", "HFT", "HHA", "HDC", "HIL", "FHL", "CHL", "NTS"], "inplayPools": ["HAD", "FHA", "HIL", "CHL", "CRS", "FCS", "NTS"]}]