[{"matchID": "c8b98c3b-9c99-4f74-86ec-e48e93c0e99c", "matchIDinofficial": "20220506FRI1", "matchNum": "1", "matchDate": "2022-05-06+08:00", "matchDay": "FRI", "coupon": {"couponID": "7", "couponShortName": "FRI", "couponNameCH": "\u5468\u4e94\u8cfd\u4e8b", "couponNameEN": "Friday Matches"}, "league": {"leagueID": "55", "leagueShortName": "JD1", "leagueNameCH": "\u65e5\u672c\u8077\u696d\u806f\u8cfd", "leagueNameEN": "Japanese Division 1"}, "homeTeam": {"teamID": "541", "teamNameCH": "\u5927\u962a\u6afb\u82b1", "teamNameEN": "Cerezo Osaka"}, "awayTeam": {"teamID": "545", "teamNameCH": "\u78d0\u7530\u5c71\u8449", "teamNameEN": "Jubilo Iwata"}, "matchStatus": "ResultIn", "matchTime": "2022-05-06T18:00:00+08:00", "statuslastupdated": "2022-05-06T19:50:39+08:00", "inplaydelay": "true", "channel": [{"order": 1, "channelID": "GX", "channelNameCH": "GoalX app", "channelNameEN": "GoalX app"}, {"order": 2, "channelID": "HKJC", "channelNameCH": "HKJC TV app", "channelNameEN": "HKJC TV app"}], "liveEvent": {"ilcLiveDisplay": true, "hasLiveInfo": true, "isIncomplete": false, "matchIDbetradar": "31767701", "matchstate": "SecondHalf", "stateTS": "2022-05-06T19:05:10+08:00", "liveevent": [{"order": 1, "minutesElasped": "32", "actionType": "Regular", "playerNameCH": "", "playerNameEN": "Seiya Maikuma", "homeaway": "Home"}, {"order": 2, "minutesElasped": "40", "actionType": "Regular", "playerNameCH": "", "playerNameEN": "Seiya Maikuma", "homeaway": "Home"}, {"order": 3, "minutesElasped": "72", "actionType": "YellowCard", "playerNameCH": "\u70ba\u7530\u5927\u8cb4", "playerNameEN": "Hirotaka Tameda", "homeaway": "Home"}, {"order": 4, "minutesElasped": "74", "actionType": "RedCard", "playerNameCH": "\u70ba\u7530\u5927\u8cb4", "playerNameEN": "Hirotaka Tameda", "homeaway": "Home"}, {"order": 5, "minutesElasped": "79", "actionType": "Regular", "playerNameCH": "\u6cd5\u6bd4\u5b89", "playerNameEN": "Fabian Gonzalez", "homeaway": "Away"}, {"order": 6, "minutesElasped": "88", "actionType": "YellowCard", "playerNameCH": "\u5927\u6d25\u7950\u6a39", "playerNameEN": "Yuki Otsu", "homeaway": "Away"}]}, "accumulatedscore": [{"periodvalue": "FirstHalf", "periodstatus": "ResultFinal", "home": "2", "away": "0"}, {"periodvalue": "SecondHalf", "periodstatus": "Interim", "home": "2", "away": "1"}], "livescore": {"home": "2", "away": "1"}, "cornerresult": "-1", "hasWebTV": false, "hasOdds": false, "chlodds": {"LINELIST": [{"LINENUM": "1", "MAINLINE": "true", "LINESTATUS": "1", "LINEORDER": "1", "LINE": "11.5/11.5", "H": "100@4.05", "L": "100@1.19"}], "ID": "50ec2dfc-f1ee-4226-97bf-899bffb604c6", "POOLSTATUS": "FinalStopSell", "ET": "0", "INPLAY": "true", "ALLUP": "true", "Cur": "1"}, "hasExtraTimePools": false, "results": {}, "definedPools": ["HAD", "FHA", "CRS", "FCS", "FTS", "OOE", "TTG", "HFT", "HHA", "HDC", "HIL", "FHL", "CHL", "NTS"], "inplayPools": ["HAD", "FHA", "HIL", "CHL", "CRS", "FCS", "NTS"]}]