[{"matchID": "80e6312b-15bc-4c91-be7b-5aece672139f", "matchIDinofficial": "20220502MON3", "matchNum": "3", "matchDate": "2022-05-02+08:00", "matchDay": "MON", "coupon": {"couponID": "3", "couponShortName": "MON", "couponNameCH": "\u5468\u4e00\u8cfd\u4e8b", "couponNameEN": "Monday Matches"}, "league": {"leagueID": "101", "leagueShortName": "ED3", "leagueNameCH": "\u82f1\u683c\u862d\u4e59\u7d44\u806f\u8cfd", "leagueNameEN": "Eng League 2"}, "homeTeam": {"teamID": "685", "teamNameCH": "\u7dad\u723e\u6e2f", "teamNameEN": "Port Vale"}, "awayTeam": {"teamID": "1752", "teamNameCH": "\u7d10\u6ce2\u7279\u90e1", "teamNameEN": "Newport County"}, "matchStatus": "ResultIn", "matchTime": "2022-05-02T22:00:00+08:00", "statuslastupdated": "2022-05-02T23:34:10+08:00", "inplaydelay": "true", "channel": [{"order": 1, "channelID": "C662", "channelNameCH": "\u6709\u7dda662\u53f0", "channelNameEN": "i-CABLE 662"}, {"order": 2, "channelID": "C602", "channelNameCH": "\u6709\u7dda602\u53f0", "channelNameEN": "i-CABLE 602"}], "liveEvent": {"ilcLiveDisplay": true, "hasLiveInfo": true, "isIncomplete": false, "matchIDbetradar": "", "matchstate": "SecondHalf", "stateTS": "2022-05-02T23:03:41+08:00", "liveevent": [{"order": 1, "minutesElasped": "3", "actionType": "Regular", "playerNameCH": "\u6d77\u6069\u65af, \u745e\u6069", "playerNameEN": "Ryan Haynes", "homeaway": "Away"}, {"order": 2, "minutesElasped": "51", "actionType": "Regular", "playerNameCH": "\u672c", "playerNameEN": "Ben Garrity", "homeaway": "Home"}, {"order": 3, "minutesElasped": "72", "actionType": "Regular", "playerNameCH": "\u963f\u624e\u8332", "playerNameEN": "Finn Azaz", "homeaway": "Away"}]}, "accumulatedscore": [{"periodvalue": "FirstHalf", "periodstatus": "ResultFinal", "home": "0", "away": "1"}, {"periodvalue": "SecondHalf", "periodstatus": "Interim", "home": "1", "away": "2"}], "livescore": {"home": "1", "away": "2"}, "cornerresult": "7", "hasWebTV": false, "hasOdds": false, "chlodds": {"LINELIST": [{"LINENUM": "1", "MAINLINE": "true", "LINESTATUS": "1", "LINEORDER": "1", "LINE": "8.5/8.5", "H": "100@1.62", "L": "100@2.15"}, {"LINENUM": "2", "MAINLINE": "false", "LINESTATUS": "1", "LINEORDER": "2", "LINE": "9.5/9.5", "L": "100@1.41", "H": "100@2.68"}], "ID": "b3eeb191-1c51-41ce-b24d-e95c162b0ada", "POOLSTATUS": "Selling", "ET": "0", "INPLAY": "true", "ALLUP": "true", "Cur": "1"}, "hasExtraTimePools": false, "results": {}, "definedPools": ["HAD", "FHA", "CRS", "FCS", "FTS", "OOE", "TTG", "HFT", "HHA", "HDC", "HIL", "FHL", "CHL", "NTS"], "inplayPools": ["HAD", "FHA", "HIL", "CHL", "CRS", "FCS", "NTS"], "dhc": {"LEG1": "MON 1", "LEG1ID": "e9542d92-f5dc-4445-98ba-4b32e7107ba7", "LEG2": "MON 3", "LEG2ID": "80e6312b-15bc-4c91-be7b-5aece672139f", "ITEM": "1"}}]