[{"matchID": "4f84d907-3252-4fce-9a18-af9d60365f00", "matchIDinofficial": "20220427WED25", "matchNum": "25", "matchDate": "2022-04-27+08:00", "matchDay": "WED", "coupon": {"couponID": "5", "couponShortName": "WED", "couponNameCH": "\u5468\u4e09\u8cfd\u4e8b", "couponNameEN": "Wednesday Matches"}, "league": {"leagueID": "90", "leagueShortName": "ACL", "leagueNameCH": "\u4e9e\u6d32\u806f\u8cfd\u51a0\u8ecd\u76c3", "leagueNameEN": "Asian Champions League"}, "homeTeam": {"teamID": "2495", "teamNameCH": "\u827e\u83ef\u9054", "teamNameEN": "Al Wehdat"}, "awayTeam": {"teamID": "1845", "teamNameCH": "\u62ff\u85a9\u592b", "teamNameEN": "Nasaf Qarshi"}, "matchStatus": "ResultIn", "matchTime": "2022-04-28T01:15:00+08:00", "statuslastupdated": "2022-04-28T02:44:51+08:00", "inplaydelay": "true", "neutralgroundvenue": {"neutralgroundvenueNameCH": "\u6c99\u7279\u963f\u62c9\u4f2f\u9054\u66fc\u7a46\u7f55\u9ed8\u5fb7\u8cd3\u6cd5\u8d6b\u5fb7\u738b\u5b50\u9ad4\u80b2\u5834", "neutralgroundvenueNameEN": "Prince Mohamed bin Fahd Stadium, Dammam, Saudi Arabia"}, "channel": [{"order": 1, "channelID": "ES", "channelNameCH": "ElevenSports", "channelNameEN": "ElevenSports"}], "liveEvent": {"ilcLiveDisplay": true, "hasLiveInfo": true, "isIncomplete": false, "matchIDbetradar": "32307297", "matchstate": "SecondHalf", "stateTS": "2022-04-28T02:20:09+08:00", "liveevent": [{"order": 1, "minutesElasped": "3", "actionType": "Regular", "playerNameCH": "Marko Stanojevic", "playerNameEN": "Marko Stanojevic", "homeaway": "Away"}, {"order": 2, "minutesElasped": "9", "actionType": "YellowCard", "playerNameCH": "\u5e0c\u5df4\u4e9e, \u8cbb\u62c9\u65af", "playerNameEN": "Feras Shelbaieh", "homeaway": "Home"}, {"order": 3, "minutesElasped": "34", "actionType": "Regular", "playerNameCH": "", "playerNameEN": "Mohammed Anas", "homeaway": "Home"}, {"order": 4, "minutesElasped": "43", "actionType": "YellowCard", "playerNameCH": "Clarence Bitang", "playerNameEN": "Clarence Bitang", "homeaway": "Home"}, {"order": 5, "minutesElasped": "59", "actionType": "Regular", "playerNameCH": "", "playerNameEN": "Norchaev Khuisain", "homeaway": "Away"}]}, "accumulatedscore": [{"periodvalue": "FirstHalf", "periodstatus": "ResultFinal", "home": "1", "away": "1"}, {"periodvalue": "SecondHalf", "periodstatus": "Interim", "home": "1", "away": "2"}], "livescore": {"home": "1", "away": "2"}, "cornerresult": "6", "hasWebTV": false, "hasOdds": false, "chlodds": {"LINELIST": [{"LINENUM": "2", "MAINLINE": "false", "LINESTATUS": "1", "LINEORDER": "2", "LINE": "8.5/8.5", "L": "100@1.19", "H": "100@4.05"}, {"LINENUM": "1", "MAINLINE": "true", "LINESTATUS": "1", "LINEORDER": "1", "LINE": "7.5/7.5", "L": "100@1.70", "H": "100@2.02"}], "ID": "fd3935c2-9481-4be9-8e8e-e76870722496", "POOLSTATUS": "Selling", "ET": "0", "INPLAY": "true", "ALLUP": "true", "Cur": "1"}, "hasExtraTimePools": false, "results": {}, "definedPools": ["HAD", "FHA", "CRS", "FCS", "FTS", "OOE", "TTG", "HFT", "HHA", "HDC", "HIL", "FHL", "CHL", "NTS"], "inplayPools": ["HAD", "FHA", "HIL", "CHL", "CRS", "FCS", "NTS"]}, {"matchID": "1e5468bf-004a-4529-884f-5507f56de193", "matchIDinofficial": "20220427WED26", "matchNum": "26", "matchDate": "2022-04-27+08:00", "matchDay": "WED", "coupon": {"couponID": "5", "couponShortName": "WED", "couponNameCH": "\u5468\u4e09\u8cfd\u4e8b", "couponNameEN": "Wednesday Matches"}, "league": {"leagueID": "2", "leagueShortName": "ISA", "leagueNameCH": "\u610f\u5927\u5229\u7532\u7d44\u806f\u8cfd", "leagueNameEN": "Italian Division 1"}, "homeTeam": {"teamID": "41", "teamNameCH": "\u535a\u6d1b\u5c3c\u4e9e", "teamNameEN": "Bologna"}, "awayTeam": {"teamID": "45", "teamNameCH": "\u570b\u969b\u7c73\u862d", "teamNameEN": "Inter Milan"}, "matchStatus": "ResultIn", "matchTime": "2022-04-28T02:15:00+08:00", "statuslastupdated": "2022-04-28T02:52:13+08:00", "inplaydelay": "true", "channel": [{"order": 1, "channelID": "638", "channelNameCH": "NOW 638\u53f0", "channelNameEN": "NOW 638"}], "liveEvent": {"ilcLiveDisplay": true, "hasLiveInfo": true, "isIncomplete": false, "matchIDbetradar": "32958245", "matchstate": "FirstHalf", "stateTS": "2022-04-28T02:16:47+08:00", "liveevent": [{"order": 1, "minutesElasped": "3", "actionType": "Regular", "playerNameCH": "\u6bd4\u5217\u932b", "playerNameEN": "Ivan Perisic", "homeaway": "Away"}, {"order": 2, "minutesElasped": "28", "actionType": "Regular", "playerNameCH": "\u963f\u62ff\u5967\u675c\u57df", "playerNameEN": "Marko Arnautovic", "homeaway": "Home"}]}, "accumulatedscore": [{"periodvalue": "FirstHalf", "periodstatus": "Interim", "home": "1", "away": "1"}], "livescore": {"home": "1", "away": "1"}, "cornerresult": "0", "hasWebTV": false, "hasOdds": false, "chlodds": {"LINELIST": [{"LINENUM": "1", "MAINLINE": "true", "LINESTATUS": "1", "LINEORDER": "1", "LINE": "6.5/6.5", "H": "100@2.07", "L": "100@1.67"}, {"LINENUM": "2", "MAINLINE": "false", "LINESTATUS": "1", "LINEORDER": "2", "LINE": "7.5/7.5", "L": "100@1.34", "H": "100@2.95"}], "ID": "a7f7e571-2db1-47d9-83e1-5485df925584", "POOLSTATUS": "Selling", "ET": "0", "INPLAY": "true", "ALLUP": "true", "Cur": "1"}, "hasExtraTimePools": false, "results": {}, "definedPools": ["HAD", "FHA", "CRS", "FCS", "FTS", "OOE", "TTG", "HFT", "HHA", "HDC", "HIL", "FHL", "CHL", "NTS"], "inplayPools": ["HAD", "FHA", "HIL", "CHL", "CRS", "FCS", "NTS"], "dhc": {"LEG1": "WED 26", "LEG1ID": "1e5468bf-004a-4529-884f-5507f56de193", "LEG2": "WED 29", "LEG2ID": "24b44221-0ac3-4f8d-a8ec-51e17ca53597", "ITEM": "1"}}]