[{"matchID": "0623bae4-c133-4ba5-abb4-8f8eddff0065", "matchIDinofficial": "20220429FRI10", "matchNum": "10", "matchDate": "2022-04-29+08:00", "matchDay": "FRI", "coupon": {"couponID": "7", "couponShortName": "FRI", "couponNameCH": "\u5468\u4e94\u8cfd\u4e8b", "couponNameEN": "Friday Matches"}, "league": {"leagueID": "54", "leagueShortName": "GD2", "leagueNameCH": "\u5fb7\u570b\u4e59\u7d44\u806f\u8cfd", "leagueNameEN": "German Division 2"}, "homeTeam": {"teamID": "851", "teamNameCH": "\u8f9b\u7279\u4faf\u905c", "teamNameEN": "Sandhausen"}, "awayTeam": {"teamID": "35", "teamNameCH": "\u53f2\u6d69\u514b04", "teamNameEN": "Schalke 04"}, "matchStatus": "ResultIn", "matchTime": "2022-04-30T00:30:00+08:00", "statuslastupdated": "2022-04-30T01:42:10+08:00", "inplaydelay": "true", "channel": [{"order": 1, "channelID": "ONTV", "channelNameCH": "OnTV\u6771\u7db2", "channelNameEN": "OnTV"}], "liveEvent": {"ilcLiveDisplay": true, "hasLiveInfo": true, "isIncomplete": false, "matchIDbetradar": "27884658", "matchstate": "SecondHalf", "stateTS": "2022-04-30T01:33:24+08:00", "liveevent": []}, "accumulatedscore": [{"periodvalue": "FirstHalf", "periodstatus": "ResultFinal", "home": "0", "away": "0"}, {"periodvalue": "SecondHalf", "periodstatus": "Interim", "home": "", "away": ""}], "livescore": {"home": "0", "away": "0"}, "cornerresult": "4", "hasWebTV": false, "hasOdds": false, "chlodds": {"LINELIST": [{"LINENUM": "1", "MAINLINE": "true", "LINESTATUS": "1", "LINEORDER": "1", "LINE": "8.5/8.5", "H": "100@2.25", "L": "100@1.57"}, {"LINENUM": "2", "MAINLINE": "false", "LINESTATUS": "1", "LINEORDER": "2", "LINE": "9.5/9.5", "L": "100@1.24", "H": "100@3.55"}], "ID": "4033e06a-8939-41c9-b5ae-4cf7ed9b12e8", "POOLSTATUS": "Selling", "ET": "0", "INPLAY": "true", "ALLUP": "true", "Cur": "1"}, "hasExtraTimePools": false, "results": {}, "definedPools": ["HAD", "FHA", "CRS", "FCS", "FTS", "OOE", "TTG", "HFT", "HHA", "HDC", "HIL", "FHL", "CHL", "NTS"], "inplayPools": ["HAD", "FHA", "HIL", "CHL", "CRS", "FCS", "NTS"], "dhc": {"LEG1": "FRI 10", "LEG1ID": "0623bae4-c133-4ba5-abb4-8f8eddff0065", "LEG2": "FRI 14", "LEG2ID": "f427d35d-c94d-4627-8572-b8babd8cefa7", "ITEM": "1"}}]