[{"matchID": "531f5bb5-1334-4555-8e3f-e7d5ab76cb58", "matchIDinofficial": "20220507SAT60", "matchNum": "60", "matchDate": "2022-05-07+08:00", "matchDay": "SAT", "coupon": {"couponID": "1", "couponShortName": "SAT", "couponNameCH": "\u5468\u516d\u8cfd\u4e8b", "couponNameEN": "Saturday Matches"}, "league": {"leagueID": "14", "leagueShortName": "FFL", "leagueNameCH": "\u6cd5\u570b\u7532\u7d44\u806f\u8cfd", "leagueNameEN": "French Division 1"}, "homeTeam": {"teamID": "449", "teamNameCH": "\u6bd4\u65af\u7279", "teamNameEN": "Brest"}, "awayTeam": {"teamID": "221", "teamNameCH": "\u65af\u7279\u62c9\u65af\u5821", "teamNameEN": "Strasbourg"}, "matchStatus": "ResultIn", "matchTime": "2022-05-07T23:00:00+08:00", "statuslastupdated": "2022-05-08T00:43:54+08:00", "inplaydelay": "true", "channel": [{"order": 1, "channelID": "639", "channelNameCH": "NOW 639 \u53f0", "channelNameEN": "NOW 639"}], "liveEvent": {"ilcLiveDisplay": true, "hasLiveInfo": true, "isIncomplete": true, "matchIDbetradar": "27885388", "matchstate": "SecondHalf", "stateTS": "2022-05-08T00:01:52+08:00", "liveevent": [{"order": 1, "minutesElasped": "72", "actionType": "Regular", "playerNameCH": "\u52a0\u7f8e\u8def", "playerNameEN": "Kevin Gameiro", "homeaway": "Away"}, {"order": 2, "minutesElasped": "83", "actionType": "YellowCard", "playerNameCH": "\u85a9\u7279\u91cc\u4e9e\u8afe, \u99ac\u4e01", "playerNameEN": "Martin Satriano", "homeaway": "Home"}, {"order": 3, "minutesElasped": "83", "actionType": "YellowCard", "playerNameCH": "\u5c3c\u5b89\u65af", "playerNameEN": "Gerzino Nyamsi", "homeaway": "Away"}, {"order": 4, "minutesElasped": "84", "actionType": "YellowCard", "playerNameCH": "\u62c9\u62ff\u7279", "playerNameEN": "Dimitri Lienard", "homeaway": "Away"}]}, "accumulatedscore": [{"periodvalue": "FirstHalf", "periodstatus": "ResultFinal", "home": "0", "away": "0"}, {"periodvalue": "SecondHalf", "periodstatus": "Interim", "home": "0", "away": "1"}], "livescore": {"home": "0", "away": "1"}, "cornerresult": "10", "hasWebTV": false, "hasOdds": false, "chlodds": {"LINELIST": [{"LINENUM": "1", "MAINLINE": "true", "LINESTATUS": "1", "LINEORDER": "1", "LINE": "11.5/11.5", "H": "100@3.35", "L": "100@1.27"}], "ID": "430ad0af-07aa-4cf3-855c-e0707d3d0a3d", "POOLSTATUS": "Selling", "ET": "0", "INPLAY": "true", "ALLUP": "true", "Cur": "1"}, "hasExtraTimePools": false, "results": {}, "definedPools": ["HAD", "FHA", "CRS", "FCS", "FTS", "OOE", "TTG", "HFT", "HHA", "HDC", "HIL", "FHL", "CHL", "NTS"], "inplayPools": ["HAD", "FHA", "HIL", "CHL", "CRS", "FCS", "NTS"]}, {"matchID": "d3f06386-321a-4b29-a94d-f257f58e1110", "matchIDinofficial": "20220507SAT62", "matchNum": "62", "matchDate": "2022-05-07+08:00", "matchDay": "SAT", "coupon": {"couponID": "1", "couponShortName": "SAT", "couponNameCH": "\u5468\u516d\u8cfd\u4e8b", "couponNameEN": "Saturday Matches"}, "league": {"leagueID": "2", "leagueShortName": "ISA", "leagueNameCH": "\u610f\u5927\u5229\u7532\u7d44\u806f\u8cfd", "leagueNameEN": "Italian Division 1"}, "homeTeam": {"teamID": "1509", "teamNameCH": "\u85a9\u65af\u7d22\u7f85", "teamNameEN": "Sassuolo"}, "awayTeam": {"teamID": "56", "teamNameCH": "\u70cf\u7538\u5c3c\u65af", "teamNameEN": "Udinese"}, "matchStatus": "ResultIn", "matchTime": "2022-05-08T00:00:00+08:00", "statuslastupdated": "2022-05-08T00:42:59+08:00", "inplaydelay": "true", "channel": [{"order": 1, "channelID": "638", "channelNameCH": "NOW 638\u53f0", "channelNameEN": "NOW 638"}], "liveEvent": {"ilcLiveDisplay": true, "hasLiveInfo": true, "isIncomplete": false, "matchIDbetradar": "28160542", "matchstate": "FirstHalf", "stateTS": "2022-05-08T00:00:17+08:00", "liveevent": [{"order": 1, "minutesElasped": "6", "actionType": "Regular", "playerNameCH": "\u65af\u5361\u99ac\u5361, \u4f54\u8def\u5361", "playerNameEN": "Gianluca Scamacca", "homeaway": "Home"}, {"order": 2, "minutesElasped": "15", "actionType": "YellowCard", "playerNameCH": "\u5c3c\u4faf\u6069\u4f69\u96f7\u65af", "playerNameEN": "Nehuen Perez", "homeaway": "Away"}, {"order": 3, "minutesElasped": "39", "actionType": "YellowCard", "playerNameCH": "\u6d1b\u8fea\u9ad8\u6bd4\u5361\u5967", "playerNameEN": "Rodrigo Nascimento Franca RODRIGO BECAO", "homeaway": "Away"}, {"order": 4, "minutesElasped": "39", "actionType": "YellowCard", "playerNameCH": "\u5361\u6069\u963f\u8036\u6f22", "playerNameEN": "Kaan Ayhan", "homeaway": "Home"}]}, "accumulatedscore": [{"periodvalue": "FirstHalf", "periodstatus": "Interim", "home": "1", "away": "0"}], "livescore": {"home": "1", "away": "0"}, "cornerresult": "11", "hasWebTV": false, "hasOdds": false, "chlodds": {"LINELIST": [{"LINENUM": "1", "MAINLINE": "true", "LINESTATUS": "1", "LINEORDER": "1", "LINE": "17.5/17.5", "H": "100@2.13", "L": "100@1.63"}, {"LINENUM": "2", "MAINLINE": "false", "LINESTATUS": "1", "LINEORDER": "2", "LINE": "18.5/18.5", "L": "100@1.32", "H": "100@3.05"}], "ID": "f11ccd1e-f865-4c7d-817d-8d51935876b5", "POOLSTATUS": "Selling", "ET": "0", "INPLAY": "true", "ALLUP": "true", "Cur": "1"}, "hasExtraTimePools": false, "results": {}, "definedPools": ["HAD", "FHA", "CRS", "FCS", "FTS", "OOE", "TTG", "HFT", "HHA", "HDC", "HIL", "FHL", "CHL", "NTS"], "inplayPools": ["HAD", "FHA", "HIL", "CHL", "CRS", "FCS", "NTS"]}, {"matchID": "2f0b3346-2b1c-4dca-a710-9bd6c828f34c", "matchIDinofficial": "20220507SAT68", "matchNum": "68", "matchDate": "2022-05-07+08:00", "matchDay": "SAT", "coupon": {"couponID": "1", "couponShortName": "SAT", "couponNameCH": "\u5468\u516d\u8cfd\u4e8b", "couponNameEN": "Saturday Matches"}, "league": {"leagueID": "1", "leagueShortName": "EPL", "leagueNameCH": "\u82f1\u683c\u862d\u8d85\u7d1a\u806f\u8cfd", "leagueNameEN": "Eng Premier"}, "homeTeam": {"teamID": "175", "teamNameCH": "\u767d\u79ae\u9813", "teamNameEN": "Brighton"}, "awayTeam": {"teamID": "14", "teamNameCH": "\u66fc\u806f", "teamNameEN": "Manchester Utd"}, "matchStatus": "Closed", "matchTime": "2022-05-08T00:30:00+08:00", "statuslastupdated": "2022-05-08T00:31:05+08:00", "inplaydelay": "true", "channel": [{"order": 1, "channelID": "621", "channelNameCH": "NOW 621\u53f0", "channelNameEN": "NOW 621"}], "liveEvent": {"ilcLiveDisplay": true, "hasLiveInfo": true, "isIncomplete": false, "matchIDbetradar": "27751756", "matchstate": "FirstHalf", "stateTS": "2022-05-08T00:31:05+08:00", "liveevent": []}, "accumulatedscore": [{"periodvalue": "FirstHalf", "periodstatus": "Started", "home": "", "away": ""}], "livescore": {"home": "0", "away": "0"}, "cornerresult": "2", "hasWebTV": false, "hasOdds": false, "chlodds": {"LINELIST": [{"LINENUM": "2", "MAINLINE": "false", "LINESTATUS": "1", "LINEORDER": "2", "LINE": "11.5/11.5", "L": "100@1.58", "H": "100@2.22"}, {"LINENUM": "1", "MAINLINE": "true", "LINESTATUS": "1", "LINEORDER": "1", "LINE": "10.5/10.5", "L": "100@1.95", "H": "100@1.75"}], "ID": "2124f386-cc03-4bda-a756-21175b6a466c", "POOLSTATUS": "Selling", "ET": "0", "INPLAY": "true", "ALLUP": "true", "Cur": "1"}, "hasExtraTimePools": false, "results": {}, "definedPools": ["HAD", "FHA", "CRS", "FCS", "FTS", "OOE", "TTG", "HFT", "HHA", "HDC", "HIL", "FHL", "CHL", "NTS"], "inplayPools": ["HAD", "FHA", "HIL", "CHL", "CRS", "FCS", "NTS"]}]