[{"matchID": "8496e7e6-8d8f-4368-9e52-b1f8dd6f523f", "matchIDinofficial": "20220428THU7", "matchNum": "7", "matchDate": "2022-04-28+08:00", "matchDay": "THU", "coupon": {"couponID": "6", "couponShortName": "THU", "couponNameCH": "\u5468\u56db\u8cfd\u4e8b", "couponNameEN": "Thursday Matches"}, "league": {"leagueID": "1", "leagueShortName": "EPL", "leagueNameCH": "\u82f1\u683c\u862d\u8d85\u7d1a\u806f\u8cfd", "leagueNameEN": "Eng Premier"}, "homeTeam": {"teamID": "14", "teamNameCH": "\u66fc\u806f", "teamNameEN": "Manchester Utd"}, "awayTeam": {"teamID": "7", "teamNameCH": "\u8eca\u8def\u58eb", "teamNameEN": "Chelsea"}, "matchStatus": "ResultIn", "matchTime": "2022-04-29T02:45:00+08:00", "statuslastupdated": "2022-04-29T04:04:29+08:00", "inplaydelay": "true", "channel": [{"order": 1, "channelID": "621", "channelNameCH": "NOW 621\u53f0", "channelNameEN": "NOW 621"}, {"order": 2, "channelID": "611", "channelNameCH": "NOW 611\u53f0", "channelNameEN": "NOW 611"}], "liveEvent": {"ilcLiveDisplay": true, "hasLiveInfo": true, "isIncomplete": false, "matchIDbetradar": "27751778", "matchstate": "SecondHalf", "stateTS": "2022-04-29T03:45:53+08:00", "liveevent": [{"order": 1, "minutesElasped": "60", "actionType": "Regular", "playerNameCH": "\u99ac\u9ad8\u65af\u963f\u6717\u7d20", "playerNameEN": "Marcos Alonso", "homeaway": "Away"}, {"order": 2, "minutesElasped": "62", "actionType": "Regular", "playerNameCH": "\u57fa\u65af\u5766\u5974\u6717\u62ff\u5ea6", "playerNameEN": "Cristiano Ronaldo", "homeaway": "Home"}]}, "accumulatedscore": [{"periodvalue": "FirstHalf", "periodstatus": "ResultFinal", "home": "0", "away": "0"}, {"periodvalue": "SecondHalf", "periodstatus": "Interim", "home": "1", "away": "1"}], "livescore": {"home": "1", "away": "1"}, "cornerresult": "6", "hasWebTV": false, "hasOdds": false, "chlodds": {"LINELIST": [{"LINENUM": "2", "MAINLINE": "false", "LINESTATUS": "1", "LINEORDER": "2", "LINE": "10.5/10.5", "H": "100@3.55", "L": "100@1.24"}, {"LINENUM": "1", "MAINLINE": "true", "LINESTATUS": "1", "LINEORDER": "1", "LINE": "9.5/9.5", "H": "100@2.12", "L": "100@1.64"}], "ID": "31eeaed6-8639-4aff-84a1-9fbf5e92137e", "POOLSTATUS": "Selling", "ET": "0", "INPLAY": "true", "ALLUP": "true", "Cur": "1"}, "hasExtraTimePools": false, "results": {}, "definedPools": ["HAD", "FHA", "CRS", "FCS", "FTS", "OOE", "TTG", "HFT", "HHA", "HDC", "HIL", "FHL", "CHL", "NTS"], "inplayPools": ["HAD", "FHA", "HIL", "CHL", "CRS", "FCS", "NTS"], "hfm": {"LEG1": "THU 6", "LEG1ID": "fc7f5421-d1f0-498b-920c-63b257f854ff", "LEG2": "THU 7", "LEG2ID": "8496e7e6-8d8f-4368-9e52-b1f8dd6f523f", "LEG3": "THU 8", "LEG3ID": "2b0c24c4-5144-49d4-8bbb-9659e3b283ff", "LEG4": "THU 9", "LEG4ID": "95f4ff53-8055-4461-90cf-91d9afc0dbee", "LEG5": "THU 10", "LEG5ID": "18f2dc56-cd92-4ab6-8f87-e17e77cb2410", "LEG6": "THU 11", "LEG6ID": "04725c13-f500-446b-97e9-380136d94668", "ITEM": "1"}}, {"matchID": "2b0c24c4-5144-49d4-8bbb-9659e3b283ff", "matchIDinofficial": "20220428THU8", "matchNum": "8", "matchDate": "2022-04-28+08:00", "matchDay": "THU", "coupon": {"couponID": "6", "couponShortName": "THU", "couponNameCH": "\u5468\u56db\u8cfd\u4e8b", "couponNameEN": "Thursday Matches"}, "league": {"leagueID": "7", "leagueShortName": "UEC", "leagueNameCH": "\u6b50\u9738\u76c3", "leagueNameEN": "UE Cup"}, "homeTeam": {"teamID": "185", "teamNameCH": "\u97cb\u65af\u54b8", "teamNameEN": "West Ham"}, "awayTeam": {"teamID": "26", "teamNameCH": "\u6cd5\u862d\u514b\u798f", "teamNameEN": "Frankfurt"}, "matchStatus": "ResultIn", "matchTime": "2022-04-29T03:00:00+08:00", "statuslastupdated": "2022-04-29T04:02:40+08:00", "inplaydelay": "true", "channel": [{"order": 1, "channelID": "643", "channelNameCH": "NOW 643\u53f0", "channelNameEN": "NOW 643"}], "liveEvent": {"ilcLiveDisplay": true, "hasLiveInfo": true, "isIncomplete": false, "matchIDbetradar": "33195953", "matchstate": "SecondHalf", "stateTS": "2022-04-29T04:02:40+08:00", "liveevent": [{"order": 1, "minutesElasped": "1", "actionType": "Regular", "playerNameCH": "\u5b89\u65af\u5361, \u514b\u7d0d\u592b", "playerNameEN": "Ansgar Knauff", "homeaway": "Away"}, {"order": 2, "minutesElasped": "21", "actionType": "Regular", "playerNameCH": "\u7c73\u67e5\u5229\u5b89\u6771\u5c3c\u5967", "playerNameEN": "Michail Antonio", "homeaway": "Home"}]}, "accumulatedscore": [{"periodvalue": "FirstHalf", "periodstatus": "ResultFinal", "home": "1", "away": "1"}, {"periodvalue": "SecondHalf", "periodstatus": "Started", "home": "", "away": ""}], "livescore": {"home": "1", "away": "1"}, "cornerresult": "6", "hasWebTV": false, "hasOdds": false, "chlodds": {"LINELIST": [{"LINENUM": "1", "MAINLINE": "true", "LINESTATUS": "1", "LINEORDER": "1", "LINE": "11.5/11.5", "L": "100@1.71", "H": "100@2.01"}, {"LINENUM": "2", "MAINLINE": "false", "LINESTATUS": "1", "LINEORDER": "2", "LINE": "12.5/12.5", "L": "100@1.34", "H": "100@2.95"}], "ID": "19085dde-3ef1-4f35-9b57-dbceee972ef6", "POOLSTATUS": "Selling", "ET": "0", "INPLAY": "true", "ALLUP": "true", "Cur": "1"}, "hasExtraTimePools": false, "results": {}, "definedPools": ["HAD", "FHA", "CRS", "FCS", "FTS", "OOE", "TTG", "HFT", "HHA", "HDC", "HIL", "FHL", "CHL", "NTS"], "inplayPools": ["HAD", "FHA", "HIL", "CHL", "CRS", "FCS", "NTS"], "dhc": {"LEG1": "THU 8", "LEG1ID": "2b0c24c4-5144-49d4-8bbb-9659e3b283ff", "LEG2": "THU 9", "LEG2ID": "95f4ff53-8055-4461-90cf-91d9afc0dbee", "ITEM": "1"}, "hfm": {"LEG1": "THU 6", "LEG1ID": "fc7f5421-d1f0-498b-920c-63b257f854ff", "LEG2": "THU 7", "LEG2ID": "8496e7e6-8d8f-4368-9e52-b1f8dd6f523f", "LEG3": "THU 8", "LEG3ID": "2b0c24c4-5144-49d4-8bbb-9659e3b283ff", "LEG4": "THU 9", "LEG4ID": "95f4ff53-8055-4461-90cf-91d9afc0dbee", "LEG5": "THU 10", "LEG5ID": "18f2dc56-cd92-4ab6-8f87-e17e77cb2410", "LEG6": "THU 11", "LEG6ID": "04725c13-f500-446b-97e9-380136d94668", "ITEM": "1"}}, {"matchID": "18f2dc56-cd92-4ab6-8f87-e17e77cb2410", "matchIDinofficial": "20220428THU10", "matchNum": "10", "matchDate": "2022-04-28+08:00", "matchDay": "THU", "coupon": {"couponID": "6", "couponShortName": "THU", "couponNameCH": "\u5468\u56db\u8cfd\u4e8b", "couponNameEN": "Thursday Matches"}, "league": {"leagueID": "156", "leagueShortName": "UEF", "leagueNameCH": "\u6b50\u6d32\u5354\u6703\u806f\u8cfd", "leagueNameEN": "UE Conference"}, "homeTeam": {"teamID": "11", "teamNameCH": "\u674e\u65af\u7279\u57ce", "teamNameEN": "Leicester"}, "awayTeam": {"teamID": "53", "teamNameCH": "\u7f85\u99ac", "teamNameEN": "Roma"}, "matchStatus": "ResultIn", "matchTime": "2022-04-29T03:00:00+08:00", "statuslastupdated": "2022-04-29T04:02:27+08:00", "inplaydelay": "true", "channel": [{"order": 1, "channelID": "645", "channelNameCH": "NOW 645\u53f0", "channelNameEN": "NOW 645"}], "liveEvent": {"ilcLiveDisplay": true, "hasLiveInfo": true, "isIncomplete": false, "matchIDbetradar": "33195135", "matchstate": "SecondHalf", "stateTS": "2022-04-29T04:02:27+08:00", "liveevent": [{"order": 1, "minutesElasped": "8", "actionType": "YellowCard", "playerNameCH": "\u8b5a\u7f8e\u963f\u5df4\u8b19", "playerNameEN": "Tammy Abraham", "homeaway": "Away"}, {"order": 2, "minutesElasped": "15", "actionType": "Regular", "playerNameCH": "\u7f85\u502b\u7d20\u67cf\u6b77\u5805\u5c3c", "playerNameEN": "Lorenzo Pellegrini", "homeaway": "Away"}, {"order": 3, "minutesElasped": "26", "actionType": "YellowCard", "playerNameCH": "\u9054\u65af\u8c9d\u5229\u8cc0\u723e", "playerNameEN": "Kiernan Dewsbury Hall", "homeaway": "Home"}]}, "accumulatedscore": [{"periodvalue": "FirstHalf", "periodstatus": "ResultFinal", "home": "0", "away": "1"}, {"periodvalue": "SecondHalf", "periodstatus": "Started", "home": "", "away": ""}], "livescore": {"home": "0", "away": "1"}, "cornerresult": "7", "hasWebTV": false, "hasOdds": false, "chlodds": {"LINELIST": [{"LINENUM": "1", "MAINLINE": "true", "LINESTATUS": "1", "LINEORDER": "1", "LINE": "12.5/12.5", "H": "100@2.05", "L": "100@1.68"}, {"LINENUM": "2", "MAINLINE": "false", "LINESTATUS": "1", "LINEORDER": "2", "LINE": "13.5/13.5", "H": "100@3.00", "L": "100@1.33"}], "ID": "d03573dc-49b2-4eab-bae0-5f4267791b18", "POOLSTATUS": "Selling", "ET": "0", "INPLAY": "true", "ALLUP": "true", "Cur": "1"}, "hasExtraTimePools": false, "results": {}, "definedPools": ["HAD", "FHA", "CRS", "FCS", "FTS", "OOE", "TTG", "HFT", "HHA", "HDC", "HIL", "FHL", "CHL", "NTS"], "inplayPools": ["HAD", "FHA", "HIL", "CHL", "CRS", "FCS", "NTS"], "hfm": {"LEG1": "THU 6", "LEG1ID": "fc7f5421-d1f0-498b-920c-63b257f854ff", "LEG2": "THU 7", "LEG2ID": "8496e7e6-8d8f-4368-9e52-b1f8dd6f523f", "LEG3": "THU 8", "LEG3ID": "2b0c24c4-5144-49d4-8bbb-9659e3b283ff", "LEG4": "THU 9", "LEG4ID": "95f4ff53-8055-4461-90cf-91d9afc0dbee", "LEG5": "THU 10", "LEG5ID": "18f2dc56-cd92-4ab6-8f87-e17e77cb2410", "LEG6": "THU 11", "LEG6ID": "04725c13-f500-446b-97e9-380136d94668", "ITEM": "1"}}]