[{"matchID": "e4f6c99e-1dc1-4917-a576-da6751854b4a", "matchIDinofficial": "20220505THU1", "matchNum": "1", "matchDate": "2022-05-05+08:00", "matchDay": "THU", "coupon": {"couponID": "6", "couponShortName": "THU", "couponNameCH": "\u5468\u56db\u8cfd\u4e8b", "couponNameEN": "Thursday Matches"}, "league": {"leagueID": "88", "leagueShortName": "KD1", "leagueNameCH": "\u5357\u97d3\u8077\u696d\u806f\u8cfd", "leagueNameEN": "Korean Division 1"}, "homeTeam": {"teamID": "874", "teamNameCH": "\u5168\u5317\u6c7d\u8eca", "teamNameEN": "Jeonbuk Motors"}, "awayTeam": {"teamID": "943", "teamNameCH": "FC\u9996\u723e", "teamNameEN": "FC Seoul"}, "matchStatus": "Closed", "matchTime": "2022-05-05T13:00:00+08:00", "statuslastupdated": "2022-05-05T13:00:24+08:00", "inplaydelay": "true", "channel": [{"order": 1, "channelID": "MTS", "channelNameCH": "\u7121\u7dda myTV SUPER", "channelNameEN": "TVB myTV SUPER"}], "liveEvent": {"ilcLiveDisplay": true, "hasLiveInfo": true, "isIncomplete": false, "matchIDbetradar": "31561513", "matchstate": "FirstHalf", "stateTS": "2022-05-05T13:00:24+08:00", "liveevent": []}, "accumulatedscore": [{"periodvalue": "FirstHalf", "periodstatus": "Started", "home": "", "away": ""}], "livescore": {"home": "0", "away": "0"}, "cornerresult": "1", "hasWebTV": false, "hasOdds": false, "chlodds": {"LINELIST": [{"LINENUM": "1", "MAINLINE": "true", "LINESTATUS": "1", "LINEORDER": "1", "LINE": "8.5/8.5", "L": "100@2.08", "H": "100@1.66"}, {"LINENUM": "2", "MAINLINE": "false", "LINESTATUS": "1", "LINEORDER": "2", "LINE": "9.5/9.5", "H": "100@2.12", "L": "100@1.64"}], "ID": "742ea52c-31ba-42da-a81c-b68bc2e84260", "POOLSTATUS": "Selling", "ET": "0", "INPLAY": "true", "ALLUP": "true", "Cur": "1"}, "hasExtraTimePools": false, "results": {}, "definedPools": ["HAD", "FHA", "CRS", "FCS", "FTS", "OOE", "TTG", "HFT", "HHA", "HDC", "HIL", "FHL", "CHL", "NTS"], "inplayPools": ["HAD", "FHA", "HIL", "CHL", "CRS", "FCS", "NTS"]}]