[{"matchID": "adc7e48f-c0a2-4a9e-a6f6-2278d50b278b", "matchIDinofficial": "20220505THU11", "matchNum": "11", "matchDate": "2022-05-05+08:00", "matchDay": "THU", "coupon": {"couponID": "6", "couponShortName": "THU", "couponNameCH": "\u5468\u56db\u8cfd\u4e8b", "couponNameEN": "Thursday Matches"}, "league": {"leagueID": "58", "leagueShortName": "SAL", "leagueNameCH": "\u745e\u5178\u8d85\u7d1a\u806f\u8cfd", "leagueNameEN": "Swedish Division 1"}, "homeTeam": {"teamID": "381", "teamNameCH": "\u4f50\u52a0\u9813\u65af", "teamNameEN": "Djurgardens"}, "awayTeam": {"teamID": "594", "teamNameCH": "\u5e0c\u723e\u661f\u5821", "teamNameEN": "Helsingborgs"}, "matchStatus": "ResultIn", "matchTime": "2022-05-06T01:00:00+08:00", "statuslastupdated": "2022-05-06T02:07:37+08:00", "inplaydelay": "true", "channel": [{"order": 1, "channelID": "HKJC", "channelNameCH": "HKJC TV app", "channelNameEN": "HKJC TV app"}, {"order": 2, "channelID": "GX", "channelNameCH": "GoalX app", "channelNameEN": "GoalX app"}], "liveEvent": {"ilcLiveDisplay": true, "hasLiveInfo": true, "isIncomplete": false, "matchIDbetradar": "31603087", "matchstate": "SecondHalf", "stateTS": "2022-05-06T02:05:56+08:00", "liveevent": [{"order": 1, "minutesElasped": "4", "actionType": "Regular", "playerNameCH": "", "playerNameEN": "Taha Abdi Ali", "homeaway": "Away"}, {"order": 2, "minutesElasped": "21", "actionType": "Regular", "playerNameCH": "", "playerNameEN": "Taha Abdi Ali", "homeaway": "Away"}, {"order": 3, "minutesElasped": "32", "actionType": "OwnGoal", "playerNameCH": "\u6234\u7dad\u5fb7\u68ee, \u7dad\u723e\u55ac\u7a46\u723e", "playerNameEN": "Viljormur Davidsen", "homeaway": "Home"}]}, "accumulatedscore": [{"periodvalue": "FirstHalf", "periodstatus": "ResultFinal", "home": "1", "away": "2"}, {"periodvalue": "SecondHalf", "periodstatus": "Interim", "home": "", "away": ""}], "livescore": {"home": "1", "away": "2"}, "cornerresult": "5", "hasWebTV": false, "hasOdds": false, "chlodds": {"LINELIST": [{"LINENUM": "2", "MAINLINE": "false", "LINESTATUS": "1", "LINEORDER": "2", "LINE": "11.5/11.5", "H": "100@2.75", "L": "100@1.39"}, {"LINENUM": "1", "MAINLINE": "true", "LINESTATUS": "1", "LINEORDER": "1", "LINE": "10.5/10.5", "H": "100@1.91", "L": "100@1.79"}], "ID": "c171b835-2ba7-40fa-ae22-536c9c9d8130", "POOLSTATUS": "Selling", "ET": "0", "INPLAY": "true", "ALLUP": "true", "Cur": "1"}, "hasExtraTimePools": false, "results": {}, "definedPools": ["HAD", "FHA", "CRS", "FCS", "FTS", "OOE", "TTG", "HFT", "HHA", "HDC", "HIL", "FHL", "CHL", "NTS"], "inplayPools": ["HAD", "FHA", "HIL", "CHL", "CRS", "FCS", "NTS"]}]