[{"matchID": "6775719d-7f0c-47f7-a20b-32955785ed28", "matchIDinofficial": "20220425MON19", "matchNum": "19", "matchDate": "2022-04-25+08:00", "matchDay": "MON", "coupon": {"couponID": "3", "couponShortName": "MON", "couponNameCH": "\u5468\u4e00\u8cfd\u4e8b", "couponNameEN": "Monday Matches"}, "league": {"leagueID": "1", "leagueShortName": "EPL", "leagueNameCH": "\u82f1\u683c\u862d\u8d85\u7d1a\u806f\u8cfd", "leagueNameEN": "Eng Premier"}, "homeTeam": {"teamID": "194", "teamNameCH": "\u6c34\u6676\u5bae", "teamNameEN": "Crystal Palace"}, "awayTeam": {"teamID": "10", "teamNameCH": "\u5217\u65af\u806f", "teamNameEN": "Leeds"}, "matchStatus": "ResultIn", "matchTime": "2022-04-26T03:00:00+08:00", "statuslastupdated": "2022-04-26T04:32:32+08:00", "inplaydelay": "true", "channel": [{"order": 1, "channelID": "621", "channelNameCH": "NOW 621\u53f0", "channelNameEN": "NOW 621"}], "liveEvent": {"ilcLiveDisplay": true, "hasLiveInfo": true, "isIncomplete": false, "matchIDbetradar": "27751722", "matchstate": "SecondHalf", "stateTS": "2022-04-26T04:02:14+08:00", "liveevent": [{"order": 1, "minutesElasped": "45", "actionType": "YellowCard", "playerNameCH": "\u4f50\u57fa\u59c6\u5b89\u9054\u81e3", "playerNameEN": "Joachim Andersen", "homeaway": "Home"}, {"order": 2, "minutesElasped": "50", "actionType": "YellowCard", "playerNameCH": "\u4e39\u5c3c\u723e\u5360\u58eb", "playerNameEN": "Daniel James", "homeaway": "Away"}, {"order": 3, "minutesElasped": "51", "actionType": "YellowCard", "playerNameCH": "\u7956\u723e\u79be\u7279", "playerNameEN": "Joel Ward", "homeaway": "Home"}, {"order": 4, "minutesElasped": "77", "actionType": "YellowCard", "playerNameCH": "\u8fea\u4e9e\u9ad8\u6d1b\u862d\u8fea", "playerNameEN": "Diego Llorente", "homeaway": "Away"}]}, "accumulatedscore": [{"periodvalue": "FirstHalf", "periodstatus": "ResultFinal", "home": "0", "away": "0"}, {"periodvalue": "SecondHalf", "periodstatus": "Interim", "home": "", "away": ""}], "livescore": {"home": "0", "away": "0"}, "cornerresult": "7", "hasWebTV": false, "hasOdds": false, "chlodds": {"LINELIST": [{"LINENUM": "2", "MAINLINE": "false", "LINESTATUS": "1", "LINEORDER": "2", "LINE": "9.5/9.5", "H": "100@3.55", "L": "100@1.24"}, {"LINENUM": "1", "MAINLINE": "true", "LINESTATUS": "1", "LINEORDER": "1", "LINE": "8.5/8.5", "L": "100@1.83", "H": "100@1.87"}], "ID": "a02652e8-d9b4-49ac-965c-8d94b4ea2b60", "POOLSTATUS": "Selling", "ET": "0", "INPLAY": "true", "ALLUP": "true", "Cur": "1"}, "hasExtraTimePools": false, "results": {}, "definedPools": ["HAD", "FHA", "CRS", "FCS", "FTS", "OOE", "TTG", "HFT", "HHA", "HDC", "HIL", "FHL", "CHL", "NTS"], "inplayPools": ["HAD", "FHA", "HIL", "CHL", "CRS", "FCS", "NTS"]}]