[{"matchID": "e12e9016-0e6b-44d4-8a8a-7f8a25db4c99", "matchIDinofficial": "20220507SAT6", "matchNum": "6", "matchDate": "2022-05-07+08:00", "matchDay": "SAT", "coupon": {"couponID": "1", "couponShortName": "SAT", "couponNameCH": "\u5468\u516d\u8cfd\u4e8b", "couponNameEN": "Saturday Matches"}, "league": {"leagueID": "89", "leagueShortName": "AD1", "leagueNameCH": "\u6fb3\u6d32\u8077\u696d\u806f\u8cfd", "leagueNameEN": "Australian Division 1"}, "homeTeam": {"teamID": "1085", "teamNameCH": "FC\u6089\u5c3c", "teamNameEN": "Sydney FC"}, "awayTeam": {"teamID": "1095", "teamNameCH": "\u58a8\u723e\u672c\u52dd\u5229", "teamNameEN": "Melbourne Victory"}, "matchStatus": "ResultIn", "matchTime": "2022-05-07T17:45:00+08:00", "statuslastupdated": "2022-05-07T18:50:53+08:00", "inplaydelay": "true", "channel": [{"order": 1, "channelID": "85", "channelNameCH": "\u7121\u7dda85\u53f0", "channelNameEN": "TVB 85"}], "liveEvent": {"ilcLiveDisplay": true, "hasLiveInfo": true, "isIncomplete": false, "matchIDbetradar": "33300361", "matchstate": "SecondHalf", "stateTS": "2022-05-07T18:49:45+08:00", "liveevent": [{"order": 1, "minutesElasped": "14", "actionType": "Regular", "playerNameCH": "\u6b77\u514b\u8fea\u4e9e\u9ad8\u65af\u5929\u5974", "playerNameEN": "Nicholas D'Agostino", "homeaway": "Away"}, {"order": 2, "minutesElasped": "16", "actionType": "Regular", "playerNameCH": "\u65b9\u7956", "playerNameEN": "Adam Le Fondre", "homeaway": "Home"}, {"order": 3, "minutesElasped": "28", "actionType": "YellowCard", "playerNameCH": "\u4fdd\u7f85\u5217\u6cbb", "playerNameEN": "Paulo Retre", "homeaway": "Home"}, {"order": 4, "minutesElasped": "30", "actionType": "Regular", "playerNameCH": "\u7a4d\u57fa\u6bd4\u5ec9\u99ac", "playerNameEN": "Jake Brimmer", "homeaway": "Away"}, {"order": 5, "minutesElasped": "38", "actionType": "Regular", "playerNameCH": "\u8b1d\u5229\u4e9e", "playerNameEN": "Jason Geria", "homeaway": "Away"}]}, "accumulatedscore": [{"periodvalue": "FirstHalf", "periodstatus": "ResultFinal", "home": "1", "away": "3"}, {"periodvalue": "SecondHalf", "periodstatus": "Interim", "home": "", "away": ""}], "livescore": {"home": "1", "away": "3"}, "cornerresult": "9", "hasWebTV": false, "hasOdds": false, "chlodds": {"LINELIST": [{"LINENUM": "2", "MAINLINE": "false", "LINESTATUS": "1", "LINEORDER": "2", "LINE": "15.5/15.5", "H": "100@2.80", "L": "100@1.38"}, {"LINENUM": "1", "MAINLINE": "true", "LINESTATUS": "1", "LINEORDER": "1", "LINE": "14.5/14.5", "H": "100@2.00", "L": "100@1.72"}], "ID": "55bf6a73-4144-48e7-b8a8-f23425a1a279", "POOLSTATUS": "Selling", "ET": "0", "INPLAY": "true", "ALLUP": "true", "Cur": "1"}, "hasExtraTimePools": false, "results": {}, "definedPools": ["HAD", "FHA", "CRS", "FCS", "FTS", "OOE", "TTG", "HFT", "HHA", "HDC", "HIL", "FHL", "CHL", "NTS"], "inplayPools": ["HAD", "FHA", "HIL", "CHL", "CRS", "FCS", "NTS"]}, {"matchID": "4c2c2e3d-c29d-46cb-b03f-a39faf262c54", "matchIDinofficial": "20220507SAT7", "matchNum": "7", "matchDate": "2022-05-07+08:00", "matchDay": "SAT", "coupon": {"couponID": "1", "couponShortName": "SAT", "couponNameCH": "\u5468\u516d\u8cfd\u4e8b", "couponNameEN": "Saturday Matches"}, "league": {"leagueID": "89", "leagueShortName": "AD1", "leagueNameCH": "\u6fb3\u6d32\u8077\u696d\u806f\u8cfd", "leagueNameEN": "Australian Division 1"}, "homeTeam": {"teamID": "1153", "teamNameCH": "\u4e2d\u5cb8\u6c34\u624b", "teamNameEN": "Central Coast Mariners"}, "awayTeam": {"teamID": "1154", "teamNameCH": "\u7d10\u5361\u7d20\u5674\u5c04\u6a5f", "teamNameEN": "Newcastle Jets"}, "matchStatus": "ResultIn", "matchTime": "2022-05-07T17:45:00+08:00", "statuslastupdated": "2022-05-07T18:52:55+08:00", "inplaydelay": "true", "channel": [{"order": 1, "channelID": "MTS", "channelNameCH": "\u7121\u7dda myTV SUPER", "channelNameEN": "TVB myTV SUPER"}], "liveEvent": {"ilcLiveDisplay": true, "hasLiveInfo": true, "isIncomplete": false, "matchIDbetradar": "33300359", "matchstate": "SecondHalf", "stateTS": "2022-05-07T18:47:00+08:00", "liveevent": [{"order": 1, "minutesElasped": "8", "actionType": "YellowCard", "playerNameCH": "\u6cf0\u840a\u5217\u6839", "playerNameEN": "Taylor Regan", "homeaway": "Away"}, {"order": 2, "minutesElasped": "30", "actionType": "Regular", "playerNameCH": "\u7a4d\u81e3\u7518\u660e\u65af", "playerNameEN": "Jason Cummings", "homeaway": "Home"}, {"order": 3, "minutesElasped": "49", "actionType": "YellowCard", "playerNameCH": "\u9ea5\u65af\u5df4\u52d2\u7279", "playerNameEN": "Maximilien Balard", "homeaway": "Home"}]}, "accumulatedscore": [{"periodvalue": "FirstHalf", "periodstatus": "ResultFinal", "home": "1", "away": "0"}, {"periodvalue": "SecondHalf", "periodstatus": "Interim", "home": "", "away": ""}], "livescore": {"home": "1", "away": "0"}, "cornerresult": "3", "hasWebTV": false, "hasOdds": false, "chlodds": {"LINELIST": [{"LINENUM": "1", "MAINLINE": "true", "LINESTATUS": "1", "LINEORDER": "1", "LINE": "7.5/7.5", "H": "100@1.66", "L": "100@2.08"}, {"LINENUM": "2", "MAINLINE": "false", "LINESTATUS": "1", "LINEORDER": "2", "LINE": "8.5/8.5", "H": "100@2.13", "L": "100@1.63"}], "ID": "408b679b-7b60-4705-afda-2eac4461b9cf", "POOLSTATUS": "Selling", "ET": "0", "INPLAY": "true", "ALLUP": "true", "Cur": "1"}, "hasExtraTimePools": false, "results": {}, "definedPools": ["HAD", "FHA", "CRS", "FCS", "FTS", "OOE", "TTG", "HFT", "HHA", "HDC", "HIL", "FHL", "CHL", "NTS"], "inplayPools": ["HAD", "FHA", "HIL", "CHL", "CRS", "FCS", "NTS"]}]