[{"matchID": "ef65523a-3271-4efa-8b48-ea044e14d833", "matchIDinofficial": "20220416SAT12", "matchNum": "12", "matchDate": "2022-04-16+08:00", "matchDay": "SAT", "coupon": {"couponID": "1", "couponShortName": "SAT", "couponNameCH": "\u5468\u516d\u8cfd\u4e8b", "couponNameEN": "Saturday Matches"}, "league": {"leagueID": "1", "leagueShortName": "EPL", "leagueNameCH": "\u82f1\u683c\u862d\u8d85\u7d1a\u806f\u8cfd", "leagueNameEN": "Eng Premier"}, "homeTeam": {"teamID": "19", "teamNameCH": "\u71b1\u523a", "teamNameEN": "Tottenham"}, "awayTeam": {"teamID": "175", "teamNameCH": "\u767d\u79ae\u9813", "teamNameEN": "Brighton"}, "matchStatus": "ResultIn", "matchTime": "2022-04-16T19:30:00+08:00", "statuslastupdated": "2022-04-16T20:34:11+08:00", "inplaydelay": "true", "channel": [{"order": 1, "channelID": "621", "channelNameCH": "NOW 621\u53f0", "channelNameEN": "NOW 621"}], "liveEvent": {"ilcLiveDisplay": true, "hasLiveInfo": true, "isIncomplete": false, "matchIDbetradar": "27751704", "matchstate": "SecondHalf", "stateTS": "2022-04-16T20:34:11+08:00", "liveevent": [{"order": 1, "minutesElasped": "26", "actionType": "YellowCard", "playerNameCH": "\u7f8e\u7dad\u6a38", "playerNameEN": "Enock Mwepu", "homeaway": "Away"}, {"order": 2, "minutesElasped": "27", "actionType": "YellowCard", "playerNameCH": "\u53e4\u8def\u65bd\u592b\u65af\u57fa", "playerNameEN": "Dejan Kulusevski", "homeaway": "Home"}, {"order": 3, "minutesElasped": "34", "actionType": "YellowCard", "playerNameCH": "\u8cd3\u5766\u53e4\u4e9e", "playerNameEN": "Rodrigo Bentancur", "homeaway": "Home"}]}, "accumulatedscore": [{"periodvalue": "FirstHalf", "periodstatus": "ResultFinal", "home": "0", "away": "0"}, {"periodvalue": "SecondHalf", "periodstatus": "Started", "home": "", "away": ""}], "livescore": {"home": "0", "away": "0"}, "cornerresult": "6", "hasWebTV": false, "hasOdds": false, "chlodds": {"LINELIST": [{"LINENUM": "2", "MAINLINE": "false", "LINESTATUS": "1", "LINEORDER": "2", "LINE": "11.5/11.5", "L": "100@1.31", "H": "100@3.10"}, {"LINENUM": "1", "MAINLINE": "true", "LINESTATUS": "1", "LINEORDER": "1", "LINE": "10.5/10.5", "L": "100@1.66", "H": "100@2.08"}], "ID": "22c35a64-41b5-4ffb-85bf-bcc2e4a8b195", "POOLSTATUS": "Selling", "ET": "0", "INPLAY": "true", "ALLUP": "true", "Cur": "1"}, "hasExtraTimePools": false, "results": {}, "definedPools": ["HAD", "FHA", "CRS", "FCS", "FTS", "OOE", "TTG", "HFT", "HHA", "HDC", "HIL", "FHL", "CHL", "NTS"], "inplayPools": ["HAD", "FHA", "HIL", "CHL", "CRS", "FCS", "NTS"]}, {"matchID": "e50ae5e1-9396-4ceb-b093-0fff222c4f09", "matchIDinofficial": "20220416SAT13", "matchNum": "13", "matchDate": "2022-04-16+08:00", "matchDay": "SAT", "coupon": {"couponID": "1", "couponShortName": "SAT", "couponNameCH": "\u5468\u516d\u8cfd\u4e8b", "couponNameEN": "Saturday Matches"}, "league": {"leagueID": "30", "leagueShortName": "ED2", "leagueNameCH": "\u82f1\u683c\u862d\u7532\u7d44\u806f\u8cfd", "leagueNameEN": "Eng League 1"}, "homeTeam": {"teamID": "203", "teamNameCH": "\u6d1b\u9054\u54b8", "teamNameEN": "Rotherham"}, "awayTeam": {"teamID": "197", "teamNameCH": "\u8449\u58eb\u57df\u6cbb", "teamNameEN": "Ipswich"}, "matchStatus": "ResultIn", "matchTime": "2022-04-16T19:30:00+08:00", "statuslastupdated": "2022-04-16T20:39:25+08:00", "inplaydelay": "true", "channel": [{"order": 1, "channelID": "C662", "channelNameCH": "\u6709\u7dda662\u53f0", "channelNameEN": "i-CABLE 662"}, {"order": 2, "channelID": "C602", "channelNameCH": "\u6709\u7dda602\u53f0", "channelNameEN": "i-CABLE 602"}], "liveEvent": {"ilcLiveDisplay": true, "hasLiveInfo": true, "isIncomplete": false, "matchIDbetradar": "", "matchstate": "SecondHalf", "stateTS": "2022-04-16T20:39:25+08:00", "liveevent": []}, "accumulatedscore": [{"periodvalue": "FirstHalf", "periodstatus": "ResultFinal", "home": "0", "away": "0"}, {"periodvalue": "SecondHalf", "periodstatus": "Started", "home": "", "away": ""}], "livescore": {"home": "0", "away": "0"}, "cornerresult": "6", "hasWebTV": false, "hasOdds": false, "chlodds": {"LINELIST": [{"LINENUM": "2", "MAINLINE": "false", "LINESTATUS": "1", "LINEORDER": "2", "LINE": "11.5/11.5", "H": "100@2.40", "L": "100@1.50"}, {"LINENUM": "1", "MAINLINE": "true", "LINESTATUS": "1", "LINEORDER": "1", "LINE": "10.5/10.5", "L": "100@2.02", "H": "100@1.70"}], "ID": "186eec61-2b61-438d-af4d-912c405c6100", "POOLSTATUS": "Selling", "ET": "0", "INPLAY": "true", "ALLUP": "true", "Cur": "1"}, "hasExtraTimePools": false, "results": {}, "definedPools": ["HAD", "FHA", "CRS", "FCS", "FTS", "OOE", "TTG", "HFT", "HHA", "HDC", "HIL", "FHL", "CHL", "NTS"], "inplayPools": ["HAD", "FHA", "HIL", "CHL", "CRS", "FCS", "NTS"]}, {"matchID": "796df0c8-f798-46ea-b3fa-bb27e1861bea", "matchIDinofficial": "20220416SAT18", "matchNum": "18", "matchDate": "2022-04-16+08:00", "matchDay": "SAT", "coupon": {"couponID": "1", "couponShortName": "SAT", "couponNameCH": "\u5468\u516d\u8cfd\u4e8b", "couponNameEN": "Saturday Matches"}, "league": {"leagueID": "2", "leagueShortName": "ISA", "leagueNameCH": "\u610f\u5927\u5229\u7532\u7d44\u806f\u8cfd", "leagueNameEN": "Italian Division 1"}, "homeTeam": {"teamID": "56", "teamNameCH": "\u70cf\u7538\u5c3c\u65af", "teamNameEN": "Udinese"}, "awayTeam": {"teamID": "44", "teamNameCH": "\u5b89\u73bb\u91cc", "teamNameEN": "Empoli"}, "matchStatus": "ResultIn", "matchTime": "2022-04-16T20:30:00+08:00", "statuslastupdated": "2022-04-16T20:39:00+08:00", "inplaydelay": "true", "channel": [{"order": 1, "channelID": "638", "channelNameCH": "NOW 638\u53f0", "channelNameEN": "NOW 638"}], "liveEvent": {"ilcLiveDisplay": true, "hasLiveInfo": true, "isIncomplete": false, "matchIDbetradar": "28160488", "matchstate": "FirstHalf", "stateTS": "2022-04-16T20:31:23+08:00", "liveevent": [{"order": 1, "minutesElasped": "6", "actionType": "OwnGoal", "playerNameCH": "\u4f0a\u65af\u99ac\u4f0a\u5229", "playerNameEN": "Ardian Ismajli", "homeaway": "Home"}]}, "accumulatedscore": [{"periodvalue": "FirstHalf", "periodstatus": "Interim", "home": "1", "away": "0"}], "livescore": {"home": "1", "away": "0"}, "cornerresult": "0", "hasWebTV": false, "hasOdds": false, "chlodds": {"LINELIST": [{"LINENUM": "1", "MAINLINE": "true", "LINESTATUS": "1", "LINEORDER": "1", "LINE": "7.5/7.5", "L": "100@2.01", "H": "100@1.71"}, {"LINENUM": "2", "MAINLINE": "false", "LINESTATUS": "1", "LINEORDER": "2", "LINE": "8.5/8.5", "L": "100@1.59", "H": "100@2.20"}], "ID": "7529a1e4-b89f-49b7-82d2-3f8af3aae18b", "POOLSTATUS": "Selling", "ET": "0", "INPLAY": "true", "ALLUP": "true", "Cur": "1"}, "hasExtraTimePools": false, "results": {}, "definedPools": ["HAD", "FHA", "CRS", "FCS", "FTS", "OOE", "TTG", "HFT", "HHA", "HDC", "HIL", "FHL", "CHL", "NTS"], "inplayPools": ["HAD", "FHA", "HIL", "CHL", "CRS", "FCS", "NTS"]}, {"matchID": "b9775943-a30f-45fd-b929-7ef03838a78a", "matchIDinofficial": "20220416SAT19", "matchNum": "19", "matchDate": "2022-04-16+08:00", "matchDay": "SAT", "coupon": {"couponID": "1", "couponShortName": "SAT", "couponNameCH": "\u5468\u516d\u8cfd\u4e8b", "couponNameEN": "Saturday Matches"}, "league": {"leagueID": "2", "leagueShortName": "ISA", "leagueNameCH": "\u610f\u5927\u5229\u7532\u7d44\u806f\u8cfd", "leagueNameEN": "Italian Division 1"}, "homeTeam": {"teamID": "54", "teamNameCH": "\u68ee\u591a\u5229\u4e9e", "teamNameEN": "Sampdoria"}, "awayTeam": {"teamID": "1186", "teamNameCH": "\u6c99\u862d\u529b\u5766\u62ff", "teamNameEN": "Salernitana"}, "matchStatus": "ResultIn", "matchTime": "2022-04-16T20:30:00+08:00", "statuslastupdated": "2022-04-16T20:38:33+08:00", "inplaydelay": "true", "channel": [{"order": 1, "channelID": "639", "channelNameCH": "NOW 639 \u53f0", "channelNameEN": "NOW 639"}], "liveEvent": {"ilcLiveDisplay": true, "hasLiveInfo": true, "isIncomplete": false, "matchIDbetradar": "28160484", "matchstate": "FirstHalf", "stateTS": "2022-04-16T20:30:38+08:00", "liveevent": [{"order": 1, "minutesElasped": "4", "actionType": "Regular", "playerNameCH": "\u6cd5\u65af\u5967", "playerNameEN": "Federico Fazio", "homeaway": "Away"}, {"order": 2, "minutesElasped": "6", "actionType": "Regular", "playerNameCH": "\u57c3\u5fb7\u68ee", "playerNameEN": "Ederson", "homeaway": "Away"}]}, "accumulatedscore": [{"periodvalue": "FirstHalf", "periodstatus": "Interim", "home": "0", "away": "2"}], "livescore": {"home": "0", "away": "2"}, "cornerresult": "1", "hasWebTV": false, "hasOdds": false, "chlodds": {"LINELIST": [{"LINENUM": "1", "MAINLINE": "true", "LINESTATUS": "1", "LINEORDER": "1", "LINE": "9.5/9.5", "L": "100@1.90", "H": "100@1.80"}, {"LINENUM": "2", "MAINLINE": "false", "LINESTATUS": "1", "LINEORDER": "2", "LINE": "10.5/10.5", "L": "100@1.54", "H": "100@2.30"}], "ID": "d0132d59-3614-4314-b156-a71f897e6b19", "POOLSTATUS": "Selling", "ET": "0", "INPLAY": "true", "ALLUP": "true", "Cur": "1"}, "hasExtraTimePools": false, "results": {}, "definedPools": ["HAD", "FHA", "CRS", "FCS", "FTS", "OOE", "TTG", "HFT", "HHA", "HDC", "HIL", "FHL", "CHL", "NTS"], "inplayPools": ["HAD", "FHA", "HIL", "CHL", "CRS", "FCS", "NTS"]}]