[{"matchID": "1cfd8e0d-453a-4cae-b35b-27c42e39b5d3", "matchIDinofficial": "20220423SAT90", "matchNum": "90", "matchDate": "2022-04-23+08:00", "matchDay": "SAT", "coupon": {"couponID": "1", "couponShortName": "SAT", "couponNameCH": "\u5468\u516d\u8cfd\u4e8b", "couponNameEN": "Saturday Matches"}, "league": {"leagueID": "14", "leagueShortName": "FFL", "leagueNameCH": "\u6cd5\u570b\u7532\u7d44\u806f\u8cfd", "leagueNameEN": "French Division 1"}, "homeTeam": {"teamID": "218", "teamNameCH": "\u5df4\u9ece\u8056\u65e5\u8033\u9580", "teamNameEN": "Paris Saint Germain"}, "awayTeam": {"teamID": "86", "teamNameCH": "\u6717\u65af", "teamNameEN": "Lens"}, "matchStatus": "ResultIn", "matchTime": "2022-04-24T03:00:00+08:00", "statuslastupdated": "2022-04-24T04:09:49+08:00", "inplaydelay": "true", "channel": [{"order": 1, "channelID": "639", "channelNameCH": "NOW 639 \u53f0", "channelNameEN": "NOW 639"}], "liveEvent": {"ilcLiveDisplay": true, "hasLiveInfo": true, "isIncomplete": false, "matchIDbetradar": "27885358", "matchstate": "SecondHalf", "stateTS": "2022-04-24T04:02:07+08:00", "liveevent": [{"order": 1, "minutesElasped": "9", "actionType": "YellowCard", "playerNameCH": "\u4e39\u7d22,\u51f1\u6587", "playerNameEN": "Kevin Danso", "homeaway": "Away"}, {"order": 2, "minutesElasped": "54", "actionType": "YellowCard", "playerNameCH": "\u6c99\u6cbb\u5967\u62c9\u83ab\u65af", "playerNameEN": "Sergio Ramos", "homeaway": "Home"}, {"order": 3, "minutesElasped": "57", "actionType": "YellowRedCard", "playerNameCH": "\u4e39\u7d22,\u51f1\u6587", "playerNameEN": "Kevin Danso", "homeaway": "Away"}]}, "accumulatedscore": [{"periodvalue": "FirstHalf", "periodstatus": "ResultFinal", "home": "0", "away": "0"}, {"periodvalue": "SecondHalf", "periodstatus": "Interim", "home": "", "away": ""}], "livescore": {"home": "0", "away": "0"}, "cornerresult": "-1", "hasWebTV": false, "hasOdds": false, "chlodds": {"LINELIST": [{"LINENUM": "1", "MAINLINE": "true", "LINESTATUS": "1", "LINEORDER": "1", "LINE": "10.5/10.5", "L": "100@1.63", "H": "100@2.13"}, {"LINENUM": "2", "MAINLINE": "false", "LINESTATUS": "1", "LINEORDER": "2", "LINE": "11.5/11.5", "L": "100@1.31", "H": "100@3.10"}], "ID": "b14b27c7-8791-4af4-822a-a52d51c20017", "POOLSTATUS": "NotSelling", "ET": "0", "INPLAY": "true", "ALLUP": "true", "Cur": "1"}, "hasExtraTimePools": false, "results": {}, "definedPools": ["HAD", "FHA", "CRS", "FCS", "FTS", "OOE", "TTG", "HFT", "HHA", "HDC", "HIL", "FHL", "CHL", "NTS"], "inplayPools": ["HAD", "FHA", "HIL", "CHL", "CRS", "FCS", "NTS"]}]