[{"matchID": "4d83bb11-7754-4129-8231-06a4155c278a", "matchIDinofficial": "20220429FRI4", "matchNum": "4", "matchDate": "2022-04-29+08:00", "matchDay": "FRI", "coupon": {"couponID": "7", "couponShortName": "FRI", "couponNameCH": "\u5468\u4e94\u8cfd\u4e8b", "couponNameEN": "Friday Matches"}, "league": {"leagueID": "55", "leagueShortName": "JD1", "leagueNameCH": "\u65e5\u672c\u8077\u696d\u806f\u8cfd", "leagueNameEN": "Japanese Division 1"}, "homeTeam": {"teamID": "541", "teamNameCH": "\u5927\u962a\u6afb\u82b1", "teamNameEN": "Cerezo Osaka"}, "awayTeam": {"teamID": "546", "teamNameCH": "\u9e7f\u5cf6\u9e7f\u89d2", "teamNameEN": "Kashima Antlers"}, "matchStatus": "ResultIn", "matchTime": "2022-04-29T15:00:00+08:00", "statuslastupdated": "2022-04-29T16:29:40+08:00", "inplaydelay": "true", "channel": [{"order": 1, "channelID": "C661", "channelNameCH": "\u6709\u7dda661\u53f0", "channelNameEN": "i-CABLE 661"}, {"order": 2, "channelID": "C601", "channelNameCH": "\u6709\u7dda601\u53f0", "channelNameEN": "i-CABLE 601"}], "liveEvent": {"ilcLiveDisplay": true, "hasLiveInfo": true, "isIncomplete": false, "matchIDbetradar": "31767679", "matchstate": "SecondHalf", "stateTS": "2022-04-29T16:05:59+08:00", "liveevent": [{"order": 1, "minutesElasped": "6", "actionType": "Regular", "playerNameCH": "", "playerNameEN": "Yuma Suzuki", "homeaway": "Away"}, {"order": 2, "minutesElasped": "14", "actionType": "Regular", "playerNameCH": "\u677e\u6751\u512a\u592a", "playerNameEN": "Yuta Matsumura", "homeaway": "Away"}, {"order": 3, "minutesElasped": "48", "actionType": "YellowCard", "playerNameCH": "\u677e\u7530\u9678", "playerNameEN": "Riku Matsuda", "homeaway": "Home"}, {"order": 4, "minutesElasped": "74", "actionType": "YellowCard", "playerNameCH": "\u6a0b\u53e3\u96c4\u592a", "playerNameEN": "Yuta Higuchi", "homeaway": "Away"}]}, "accumulatedscore": [{"periodvalue": "FirstHalf", "periodstatus": "ResultFinal", "home": "0", "away": "2"}, {"periodvalue": "SecondHalf", "periodstatus": "Interim", "home": "", "away": ""}], "livescore": {"home": "0", "away": "2"}, "cornerresult": "8", "hasWebTV": false, "hasOdds": false, "chlodds": {"LINELIST": [{"LINENUM": "1", "MAINLINE": "true", "LINESTATUS": "1", "LINEORDER": "1", "LINE": "9.5/9.5", "L": "100@2.07", "H": "100@1.67"}, {"LINENUM": "2", "MAINLINE": "false", "LINESTATUS": "1", "LINEORDER": "2", "LINE": "10.5/10.5", "H": "100@2.95", "L": "100@1.34"}], "ID": "47567318-485a-4767-a9aa-0a558b1c3ad9", "POOLSTATUS": "Selling", "ET": "0", "INPLAY": "true", "ALLUP": "true", "Cur": "1"}, "hasExtraTimePools": false, "results": {}, "definedPools": ["HAD", "FHA", "CRS", "FCS", "FTS", "OOE", "TTG", "HFT", "HHA", "HDC", "HIL", "FHL", "CHL", "NTS"], "inplayPools": ["HAD", "FHA", "HIL", "CHL", "CRS", "FCS", "NTS"], "dhc": {"LEG1": "FRI 4", "LEG1ID": "4d83bb11-7754-4129-8231-06a4155c278a", "LEG2": "FRI 5", "LEG2ID": "58019643-7b52-4ef6-a4ba-3e21882193b6", "ITEM": "1"}}]