[{"matchID": "177edabe-d410-434e-b3f3-b0ee4ab70079", "matchIDinofficial": "20220415FRI35", "matchNum": "35", "matchDate": "2022-04-15+08:00", "matchDay": "FRI", "coupon": {"couponID": "7", "couponShortName": "FRI", "couponNameCH": "\u5468\u4e94\u8cfd\u4e8b", "couponNameEN": "Friday Matches"}, "league": {"leagueID": "2", "leagueShortName": "ISA", "leagueNameCH": "\u610f\u5927\u5229\u7532\u7d44\u806f\u8cfd", "leagueNameEN": "Italian Division 1"}, "homeTeam": {"teamID": "2228", "teamNameCH": "\u53f2\u67cf\u65af\u4e9e", "teamNameEN": "Spezia"}, "awayTeam": {"teamID": "45", "teamNameCH": "\u570b\u969b\u7c73\u862d", "teamNameEN": "Inter Milan"}, "matchStatus": "ResultIn", "matchTime": "2022-04-16T01:00:00+08:00", "statuslastupdated": "2022-04-16T02:50:20+08:00", "inplaydelay": "true", "channel": [{"order": 1, "channelID": "638", "channelNameCH": "NOW 638\u53f0", "channelNameEN": "NOW 638"}], "liveEvent": {"ilcLiveDisplay": true, "hasLiveInfo": true, "isIncomplete": false, "matchIDbetradar": "28160486", "matchstate": "SecondHalf", "stateTS": "2022-04-16T02:06:06+08:00", "liveevent": [{"order": 1, "minutesElasped": "10", "actionType": "YellowCard", "playerNameCH": "\u5df4\u65af\u6771\u5c3c, \u897f\u8499", "playerNameEN": "Simone Bastoni", "homeaway": "Home"}, {"order": 2, "minutesElasped": "31", "actionType": "Regular", "playerNameCH": "\u6ce2\u7d22\u57df", "playerNameEN": "Marcelo Brozovic", "homeaway": "Away"}, {"order": 3, "minutesElasped": "73", "actionType": "Regular", "playerNameCH": "\u62ff\u9054\u8def\u99ac\u5929\u5c3c\u65af", "playerNameEN": "Lautaro Martinez", "homeaway": "Away"}, {"order": 4, "minutesElasped": "86", "actionType": "YellowCard", "playerNameCH": "\u5c3c\u53e4\u52de, \u8fea\u7c73\u7279\u7559", "playerNameEN": "Dimitrios Nikolaou", "homeaway": "Home"}, {"order": 5, "minutesElasped": "88", "actionType": "Regular", "playerNameCH": "\u99ac\u5409\u6b50\u808b, \u6731\u529b\u6b50", "playerNameEN": "Giulio Maggiore", "homeaway": "Home"}]}, "accumulatedscore": [{"periodvalue": "FirstHalf", "periodstatus": "ResultFinal", "home": "0", "away": "1"}, {"periodvalue": "SecondHalf", "periodstatus": "Interim", "home": "1", "away": "2"}], "livescore": {"home": "1", "away": "2"}, "cornerresult": "-1", "hasWebTV": false, "hasOdds": false, "chlodds": {"LINELIST": [{"LINENUM": "1", "MAINLINE": "true", "LINESTATUS": "1", "LINEORDER": "1", "LINE": "14.5/14.5", "L": "100@1.09", "H": "100@5.80"}], "ID": "e8bf5668-a623-4e60-bfc3-f1acfded122e", "POOLSTATUS": "FinalStopSell", "ET": "0", "INPLAY": "true", "ALLUP": "true", "Cur": "1"}, "hasExtraTimePools": false, "results": {}, "definedPools": ["HAD", "FHA", "CRS", "FCS", "FTS", "OOE", "TTG", "HFT", "HHA", "HDC", "HIL", "FHL", "CHL", "NTS"], "inplayPools": ["HAD", "FHA", "HIL", "CHL", "CRS", "FCS", "NTS"]}]