[{"matchID": "3c50ad53-18b1-4e8d-b54a-7ba2229be834", "matchIDinofficial": "20220501SUN37", "matchNum": "37", "matchDate": "2022-05-01+08:00", "matchDay": "SUN", "coupon": {"couponID": "2", "couponShortName": "SUN", "couponNameCH": "\u5468\u65e5\u8cfd\u4e8b", "couponNameEN": "Sunday Matches"}, "league": {"leagueID": "4", "leagueShortName": "SFL", "leagueNameCH": "\u897f\u73ed\u7259\u7532\u7d44\u806f\u8cfd", "leagueNameEN": "Spanish Division 1"}, "homeTeam": {"teamID": "1707", "teamNameCH": "CF\u683c\u862d\u7d0d\u9054", "teamNameEN": "CF Granada"}, "awayTeam": {"teamID": "62", "teamNameCH": "\u5207\u723e\u9054", "teamNameEN": "Celta Vigo"}, "matchStatus": "ResultIn", "matchTime": "2022-05-01T22:15:00+08:00", "statuslastupdated": "2022-05-02T00:02:30+08:00", "inplaydelay": "true", "channel": [{"order": 1, "channelID": "632", "channelNameCH": "NOW 632\u53f0", "channelNameEN": "NOW 632"}], "liveEvent": {"ilcLiveDisplay": true, "hasLiveInfo": true, "isIncomplete": false, "matchIDbetradar": "27965834", "matchstate": "SecondHalf", "stateTS": "2022-05-01T23:16:58+08:00", "liveevent": [{"order": 1, "minutesElasped": "30", "actionType": "YellowCard", "playerNameCH": "\u67e5\u7dad\u52a0\u862d", "playerNameEN": "Javi Galan", "homeaway": "Away"}, {"order": 2, "minutesElasped": "48", "actionType": "YellowCard", "playerNameCH": "\u6cd5\u862d\u8c9d\u5766", "playerNameEN": "Fran Beltran", "homeaway": "Away"}, {"order": 3, "minutesElasped": "53", "actionType": "YellowCard", "playerNameCH": "\u8fea\u5716\u7f85, \u99ac\u8482\u4e9e\u65af", "playerNameEN": "Matias Dituro", "homeaway": "Away"}, {"order": 4, "minutesElasped": "72", "actionType": "OwnGoal", "playerNameCH": "\u4f69\u4e9e\u9054\u65af", "playerNameEN": "Antonio Puertas", "homeaway": "Away"}, {"order": 5, "minutesElasped": "90", "actionType": "YellowCard", "playerNameCH": "\u4f50\u6cbb\u6469\u9023\u62ff", "playerNameEN": "Jorge Molina", "homeaway": "Home"}]}, "accumulatedscore": [{"periodvalue": "FirstHalf", "periodstatus": "ResultFinal", "home": "0", "away": "0"}, {"periodvalue": "SecondHalf", "periodstatus": "Interim", "home": "0", "away": "1"}], "livescore": {"home": "0", "away": "1"}, "cornerresult": "-1", "hasWebTV": false, "hasOdds": false, "chlodds": {"LINELIST": [{"LINENUM": "1", "MAINLINE": "true", "LINESTATUS": "1", "LINEORDER": "1", "LINE": "10.5/10.5", "L": "100@1.15", "H": "100@4.55"}], "ID": "1b5cc94f-6307-4e08-8527-7eaae9106c95", "POOLSTATUS": "FinalStopSell", "ET": "0", "INPLAY": "true", "ALLUP": "true", "Cur": "1"}, "hasExtraTimePools": false, "results": {}, "definedPools": ["HAD", "FHA", "CRS", "FCS", "FTS", "OOE", "TTG", "HFT", "HHA", "HDC", "HIL", "FHL", "CHL", "NTS"], "inplayPools": ["HAD", "FHA", "HIL", "CHL", "CRS", "FCS", "NTS"]}, {"matchID": "8f48ffb3-ca57-4288-8584-7bdc253436b4", "matchIDinofficial": "20220501SUN41", "matchNum": "41", "matchDate": "2022-05-01+08:00", "matchDay": "SUN", "coupon": {"couponID": "2", "couponShortName": "SUN", "couponNameCH": "\u5468\u65e5\u8cfd\u4e8b", "couponNameEN": "Sunday Matches"}, "league": {"leagueID": "1", "leagueShortName": "EPL", "leagueNameCH": "\u82f1\u683c\u862d\u8d85\u7d1a\u806f\u8cfd", "leagueNameEN": "Eng Premier"}, "homeTeam": {"teamID": "185", "teamNameCH": "\u97cb\u65af\u54b8", "teamNameEN": "West Ham"}, "awayTeam": {"teamID": "1", "teamNameCH": "\u963f\u4ed9\u5974", "teamNameEN": "Arsenal"}, "matchStatus": "Closed", "matchTime": "2022-05-01T23:30:00+08:00", "statuslastupdated": "2022-05-01T23:30:27+08:00", "inplaydelay": "true", "channel": [{"order": 1, "channelID": "621", "channelNameCH": "NOW 621\u53f0", "channelNameEN": "NOW 621"}, {"order": 2, "channelID": "611", "channelNameCH": "NOW 611\u53f0", "channelNameEN": "NOW 611"}], "liveEvent": {"ilcLiveDisplay": true, "hasLiveInfo": true, "isIncomplete": false, "matchIDbetradar": "27751748", "matchstate": "FirstHalf", "stateTS": "2022-05-01T23:30:27+08:00", "liveevent": []}, "accumulatedscore": [{"periodvalue": "FirstHalf", "periodstatus": "Started", "home": "", "away": ""}], "livescore": {"home": "0", "away": "0"}, "cornerresult": "5", "hasWebTV": false, "hasOdds": false, "chlodds": {"LINELIST": [{"LINENUM": "1", "MAINLINE": "true", "LINESTATUS": "1", "LINEORDER": "1", "LINE": "11.5/11.5", "H": "100@1.98", "L": "100@1.73"}, {"LINENUM": "2", "MAINLINE": "false", "LINESTATUS": "1", "LINEORDER": "2", "LINE": "12.5/12.5", "H": "100@2.80", "L": "100@1.38"}], "ID": "40d909f2-7b51-4300-a637-a350972c5e18", "POOLSTATUS": "Selling", "ET": "0", "INPLAY": "true", "ALLUP": "true", "Cur": "1"}, "hasExtraTimePools": false, "results": {}, "definedPools": ["HAD", "FHA", "CRS", "FCS", "FTS", "OOE", "TTG", "HFT", "HHA", "HDC", "HIL", "FHL", "CHL", "NTS"], "inplayPools": ["HAD", "FHA", "HIL", "CHL", "CRS", "FCS", "NTS"]}, {"matchID": "47b50616-1db6-4e2f-83c9-fdf6123056bd", "matchIDinofficial": "20220501SUN44", "matchNum": "44", "matchDate": "2022-05-01+08:00", "matchDay": "SUN", "coupon": {"couponID": "2", "couponShortName": "SUN", "couponNameCH": "\u5468\u65e5\u8cfd\u4e8b", "couponNameEN": "Sunday Matches"}, "league": {"leagueID": "2", "leagueShortName": "ISA", "leagueNameCH": "\u610f\u5927\u5229\u7532\u7d44\u806f\u8cfd", "leagueNameEN": "Italian Division 1"}, "homeTeam": {"teamID": "56", "teamNameCH": "\u70cf\u7538\u5c3c\u65af", "teamNameEN": "Udinese"}, "awayTeam": {"teamID": "45", "teamNameCH": "\u570b\u969b\u7c73\u862d", "teamNameEN": "Inter Milan"}, "matchStatus": "Closed", "matchTime": "2022-05-02T00:00:00+08:00", "statuslastupdated": "2022-05-02T00:01:03+08:00", "inplaydelay": "true", "channel": [{"order": 1, "channelID": "638", "channelNameCH": "NOW 638\u53f0", "channelNameEN": "NOW 638"}], "liveEvent": {"ilcLiveDisplay": true, "hasLiveInfo": true, "isIncomplete": false, "matchIDbetradar": "28160528", "matchstate": "FirstHalf", "stateTS": "2022-05-02T00:01:03+08:00", "liveevent": []}, "accumulatedscore": [{"periodvalue": "FirstHalf", "periodstatus": "Started", "home": "", "away": ""}], "livescore": {"home": "0", "away": "0"}, "cornerresult": "-1", "hasWebTV": false, "hasOdds": false, "chlodds": {"LINELIST": [{"LINENUM": "1", "MAINLINE": "true", "LINESTATUS": "1", "LINEORDER": "1", "LINE": "9.5/9.5", "H": "100@1.77", "L": "100@1.93"}, {"LINENUM": "2", "MAINLINE": "false", "LINESTATUS": "1", "LINEORDER": "2", "LINE": "10.5/10.5", "H": "100@2.22", "L": "100@1.58"}], "ID": "1eb1137e-3dc5-43bc-9362-a54daca22054", "POOLSTATUS": "NotSelling", "ET": "0", "INPLAY": "true", "ALLUP": "true", "Cur": "1"}, "hasExtraTimePools": false, "results": {}, "definedPools": ["HAD", "FHA", "CRS", "FCS", "FTS", "OOE", "TTG", "HFT", "HHA", "HDC", "HIL", "FHL", "CHL", "NTS"], "inplayPools": ["HAD", "FHA", "HIL", "CHL", "CRS", "FCS", "NTS"]}]