[{"matchID": "3a8ed404-2d8f-4546-8e3c-ad7b244c7f55", "matchIDinofficial": "20220427WED17", "matchNum": "17", "matchDate": "2022-04-27+08:00", "matchDay": "WED", "coupon": {"couponID": "5", "couponShortName": "WED", "couponNameCH": "\u5468\u4e09\u8cfd\u4e8b", "couponNameEN": "Wednesday Matches"}, "league": {"leagueID": "90", "leagueShortName": "ACL", "leagueNameCH": "\u4e9e\u6d32\u806f\u8cfd\u51a0\u8ecd\u76c3", "leagueNameEN": "Asian Champions League"}, "homeTeam": {"teamID": "1442", "teamNameCH": "\u58a8\u723e\u672c\u57ce", "teamNameEN": "Melbourne City"}, "awayTeam": {"teamID": "2497", "teamNameCH": "\u5df4\u541e\u806f", "teamNameEN": "BG Pathum Utd"}, "matchStatus": "ResultIn", "matchTime": "2022-04-27T19:00:00+08:00", "statuslastupdated": "2022-04-27T20:07:58+08:00", "inplaydelay": "true", "neutralgroundvenue": {"neutralgroundvenueNameCH": "\u6cf0\u570b\u5df4\u541e\u4ed6\u5c3c\u7345\u5b50\u5ea7\u9ad4\u80b2\u5834", "neutralgroundvenueNameEN": "BG Stadium, Pathum Thani, Thailand"}, "channel": [{"order": 1, "channelID": "ES", "channelNameCH": "ElevenSports", "channelNameEN": "ElevenSports"}], "liveEvent": {"ilcLiveDisplay": true, "hasLiveInfo": true, "isIncomplete": false, "matchIDbetradar": "32307361", "matchstate": "SecondHalf", "stateTS": "2022-04-27T20:03:54+08:00", "liveevent": [{"order": 1, "minutesElasped": "21", "actionType": "YellowCard", "playerNameCH": "\u7cbe\u795e\u75c5\u60a3\u8005", "playerNameEN": "Pathomphol Charoenrattanapirom", "homeaway": "Away"}, {"order": 2, "minutesElasped": "36", "actionType": "YellowCard", "playerNameCH": "\u9ad8\u83ab\u5361", "playerNameEN": "Taras Gomulka", "homeaway": "Home"}]}, "accumulatedscore": [{"periodvalue": "FirstHalf", "periodstatus": "ResultFinal", "home": "0", "away": "0"}, {"periodvalue": "SecondHalf", "periodstatus": "Interim", "home": "", "away": ""}], "livescore": {"home": "0", "away": "0"}, "cornerresult": "2", "hasWebTV": false, "hasOdds": false, "chlodds": {"LINELIST": [{"LINENUM": "1", "MAINLINE": "true", "LINESTATUS": "1", "LINEORDER": "1", "LINE": "6.5/6.5", "L": "100@1.64", "H": "100@2.12"}, {"LINENUM": "2", "MAINLINE": "false", "LINESTATUS": "1", "LINEORDER": "2", "LINE": "7.5/7.5", "L": "100@1.31", "H": "100@3.10"}], "ID": "1a830536-62a0-4f24-ab30-8d1d79899c97", "POOLSTATUS": "Selling", "ET": "0", "INPLAY": "true", "ALLUP": "true", "Cur": "1"}, "hasExtraTimePools": false, "results": {}, "definedPools": ["HAD", "FHA", "CRS", "FCS", "FTS", "OOE", "TTG", "HFT", "HHA", "HDC", "HIL", "FHL", "CHL", "NTS"], "inplayPools": ["HAD", "FHA", "HIL", "CHL", "CRS", "FCS", "NTS"]}]