[{"matchID": "85edc180-a8c9-4e3a-ad6b-a0904875dd49", "matchIDinofficial": "20220424SUN82", "matchNum": "82", "matchDate": "2022-04-24+08:00", "matchDay": "SUN", "coupon": {"couponID": "2", "couponShortName": "SUN", "couponNameCH": "\u5468\u65e5\u8cfd\u4e8b", "couponNameEN": "Sunday Matches"}, "league": {"leagueID": "124", "leagueShortName": "MXL", "leagueNameCH": "\u58a8\u897f\u54e5\u8d85\u7d1a\u806f\u8cfd", "leagueNameEN": "Mexican Premier"}, "homeTeam": {"teamID": "2041", "teamNameCH": "\u8fea\u7956\u4e9e\u62ff", "teamNameEN": "Tijuana"}, "awayTeam": {"teamID": "2283", "teamNameCH": "\u514b\u96f7\u5854\u7f85", "teamNameEN": "Queretaro"}, "matchStatus": "ResultIn", "matchTime": "2022-04-25T10:06:00+08:00", "statuslastupdated": "2022-04-25T10:47:10+08:00", "inplaydelay": "true", "channel": [{"order": 1, "channelID": "GX", "channelNameCH": "GoalX app", "channelNameEN": "GoalX app"}, {"order": 2, "channelID": "HKJC", "channelNameCH": "HKJC TV app", "channelNameEN": "HKJC TV app"}], "liveEvent": {"ilcLiveDisplay": true, "hasLiveInfo": true, "isIncomplete": false, "matchIDbetradar": "31019105", "matchstate": "FirstHalf", "stateTS": "2022-04-25T10:08:56+08:00", "liveevent": [{"order": 1, "minutesElasped": "7", "actionType": "Regular", "playerNameCH": "\u99ac\u5974\u9054\u65af", "playerNameEN": "Mauro Manotas", "homeaway": "Home"}, {"order": 2, "minutesElasped": "9", "actionType": "YellowCard", "playerNameCH": "\u57c3\u65af\u5361\u7c73\u62c9, \u51f1\u6587", "playerNameEN": "Kevin Escamilla", "homeaway": "Away"}, {"order": 3, "minutesElasped": "22", "actionType": "YellowCard", "playerNameCH": "\u4e9e\u53e4\u5229", "playerNameEN": "Washington Aguerre", "homeaway": "Away"}, {"order": 4, "minutesElasped": "24", "actionType": "Penalty", "playerNameCH": "\u827e\u65af\u57fa\u76e7\u6bd4\u65af", "playerNameEN": "Lisandro Lopez", "homeaway": "Home"}, {"order": 5, "minutesElasped": "28", "actionType": "YellowCard", "playerNameCH": "\u99ac\u7d20\u96f7\u65af", "playerNameEN": "Marcel Ruiz", "homeaway": "Home"}, {"order": 6, "minutesElasped": "33", "actionType": "YellowCard", "playerNameCH": "\u5df4\u6069\u5b89\u53e4\u8def", "playerNameEN": "Brayan Angulo", "homeaway": "Home"}, {"order": 7, "minutesElasped": "36", "actionType": "YellowCard", "playerNameCH": "\u5df4\u90a6\u62ff", "playerNameEN": "David Barbona", "homeaway": "Home"}]}, "accumulatedscore": [{"periodvalue": "FirstHalf", "periodstatus": "Interim", "home": "2", "away": "0"}], "livescore": {"home": "2", "away": "0"}, "cornerresult": "-1", "hasWebTV": false, "hasOdds": false, "chlodds": {"LINELIST": [{"LINENUM": "1", "MAINLINE": "true", "LINESTATUS": "1", "LINEORDER": "1", "LINE": "13.5/13.5", "H": "100@2.17", "L": "100@1.61"}, {"LINENUM": "2", "MAINLINE": "false", "LINESTATUS": "1", "LINEORDER": "2", "LINE": "14.5/14.5", "L": "100@1.32", "H": "100@3.05"}], "ID": "f4e9c77e-9282-4dd3-adb8-e6a8b5eb6046", "POOLSTATUS": "NotSelling", "ET": "0", "INPLAY": "true", "ALLUP": "true", "Cur": "1"}, "hasExtraTimePools": false, "results": {}, "definedPools": ["HAD", "FHA", "CRS", "FCS", "FTS", "OOE", "TTG", "HFT", "HHA", "HDC", "HIL", "FHL", "CHL", "NTS"], "inplayPools": ["HAD", "FHA", "HIL", "CHL", "CRS", "FCS", "NTS"]}]