[{"matchID": "a876f2a2-148e-4ccd-addf-5aecef503e18", "matchIDinofficial": "20220422FRI39", "matchNum": "39", "matchDate": "2022-04-22+08:00", "matchDay": "FRI", "coupon": {"couponID": "7", "couponShortName": "FRI", "couponNameCH": "\u5468\u4e94\u8cfd\u4e8b", "couponNameEN": "Friday Matches"}, "league": {"leagueID": "123", "leagueShortName": "CD1", "leagueNameCH": "\u667a\u5229\u7532\u7d44\u806f\u8cfd", "leagueNameEN": "Chilean Division 1"}, "homeTeam": {"teamID": "1220", "teamNameCH": "\u7dad\u62ff\u8fea\u99ac\u611b\u83ef\u9813", "teamNameEN": "Everton VM"}, "awayTeam": {"teamID": "2276", "teamNameCH": "\u67cf\u5229\u65af\u5929\u5974", "teamNameEN": "Palestino"}, "matchStatus": "Closed", "matchTime": "2022-04-23T07:57:00+08:00", "statuslastupdated": "2022-04-23T08:00:21+08:00", "inplaydelay": "true", "channel": [{"order": 1, "channelID": "GX", "channelNameCH": "GoalX app", "channelNameEN": "GoalX app"}, {"order": 2, "channelID": "HKJC", "channelNameCH": "HKJC TV app", "channelNameEN": "HKJC TV app"}], "liveEvent": {"ilcLiveDisplay": true, "hasLiveInfo": true, "isIncomplete": false, "matchIDbetradar": "31802451", "matchstate": "FirstHalf", "stateTS": "2022-04-23T08:00:21+08:00", "liveevent": [{"order": 1, "minutesElasped": "16", "actionType": "YellowCard", "playerNameCH": "\u5967\u65af\u5361\u00b7\u8c9d\u5c3c\u7279\u65af, \u55ac\u7d0d\u68ee", "playerNameEN": "Jonathan Benitez", "homeaway": "Away"}, {"order": 2, "minutesElasped": "26", "actionType": "YellowCard", "playerNameCH": "\u5360\u7f8e\u5c3c\u65af", "playerNameEN": "Luis Jimenez", "homeaway": "Away"}, {"order": 3, "minutesElasped": "28", "actionType": "YellowCard", "playerNameCH": "\u5967\u4e9e\u723e\u7956, \u5361\u62c9\u65af\u79d1, \u8fed\u6208", "playerNameEN": "Diego Oyarzun", "homeaway": "Home"}]}, "accumulatedscore": [{"periodvalue": "FirstHalf", "periodstatus": "Started", "home": "", "away": ""}], "livescore": {"home": "0", "away": "0"}, "cornerresult": "3", "hasWebTV": false, "hasOdds": false, "chlodds": {"LINELIST": [{"LINENUM": "1", "MAINLINE": "true", "LINESTATUS": "1", "LINEORDER": "1", "LINE": "9.5/9.5", "L": "100@1.80", "H": "100@1.90"}, {"LINENUM": "2", "MAINLINE": "false", "LINESTATUS": "1", "LINEORDER": "2", "LINE": "10.5/10.5", "L": "100@1.44", "H": "100@2.58"}], "ID": "31b7f4e8-2e1d-47f8-a72b-0433e7276443", "POOLSTATUS": "Selling", "ET": "0", "INPLAY": "true", "ALLUP": "true", "Cur": "1"}, "hasExtraTimePools": false, "results": {}, "definedPools": ["HAD", "FHA", "CRS", "FCS", "FTS", "OOE", "TTG", "HFT", "HHA", "HDC", "HIL", "FHL", "CHL", "NTS"], "inplayPools": ["HAD", "FHA", "HIL", "CHL", "CRS", "FCS", "NTS"]}]