[{"matchID": "6c14d225-1c03-4deb-a90d-d6a6cf7f914a", "matchIDinofficial": "20220419TUE43", "matchNum": "43", "matchDate": "2022-04-19+08:00", "matchDay": "TUE", "coupon": {"couponID": "4", "couponShortName": "TUE", "couponNameCH": "\u5468\u4e8c\u8cfd\u4e8b", "couponNameEN": "Tuesday Matches"}, "league": {"leagueID": "124", "leagueShortName": "MXL", "leagueNameCH": "\u58a8\u897f\u54e5\u8d85\u7d1a\u806f\u8cfd", "leagueNameEN": "Mexican Premier"}, "homeTeam": {"teamID": "639", "teamNameCH": "\u74dc\u9054\u62c9\u54c8\u62c9", "teamNameEN": "Guadalajara"}, "awayTeam": {"teamID": "2041", "teamNameCH": "\u8fea\u7956\u4e9e\u62ff", "teamNameEN": "Tijuana"}, "matchStatus": "ResultIn", "matchTime": "2022-04-20T10:00:00+08:00", "statuslastupdated": "2022-04-20T10:44:21+08:00", "inplaydelay": "true", "channel": [{"order": 1, "channelID": "GX", "channelNameCH": "GoalX app", "channelNameEN": "GoalX app"}, {"order": 2, "channelID": "HKJC", "channelNameCH": "HKJC TV app", "channelNameEN": "HKJC TV app"}], "liveEvent": {"ilcLiveDisplay": true, "hasLiveInfo": true, "isIncomplete": false, "matchIDbetradar": "31019075", "matchstate": "FirstHalf", "stateTS": "2022-04-20T10:02:11+08:00", "liveevent": [{"order": 1, "minutesElasped": "5", "actionType": "YellowCard", "playerNameCH": "\u7c73\u6c99\u723e\u675c\u660e\u57fa\u65af", "playerNameEN": "Misael Dominguez", "homeaway": "Away"}, {"order": 2, "minutesElasped": "15", "actionType": "OwnGoal", "playerNameCH": "\u5e0c\u862d\u7f8e\u4e9e", "playerNameEN": "Hiram Mier", "homeaway": "Away"}, {"order": 3, "minutesElasped": "38", "actionType": "Regular", "playerNameCH": "\u5b89\u53e4\u6d1b, \u8036\u7a4c", "playerNameEN": "Jesus Angulo", "homeaway": "Home"}]}, "accumulatedscore": [{"periodvalue": "FirstHalf", "periodstatus": "Interim", "home": "1", "away": "1"}], "livescore": {"home": "1", "away": "1"}, "cornerresult": "6", "hasWebTV": false, "hasOdds": false, "chlodds": {"LINELIST": [{"LINENUM": "2", "MAINLINE": "false", "LINESTATUS": "1", "LINEORDER": "2", "LINE": "12.5/12.5", "H": "100@2.95", "L": "100@1.34"}, {"LINENUM": "1", "MAINLINE": "true", "LINESTATUS": "1", "LINEORDER": "1", "LINE": "11.5/11.5", "L": "100@1.71", "H": "100@2.01"}], "ID": "493e02e7-601f-4241-9e69-3f1e2e640950", "POOLSTATUS": "Selling", "ET": "0", "INPLAY": "true", "ALLUP": "true", "Cur": "1"}, "hasExtraTimePools": false, "results": {}, "definedPools": ["HAD", "FHA", "CRS", "FCS", "FTS", "OOE", "TTG", "HFT", "HHA", "HDC", "HIL", "FHL", "CHL", "NTS"], "inplayPools": ["HAD", "FHA", "HIL", "CHL", "CRS", "FCS", "NTS"]}]