[{"matchID": "b92362e8-9778-4a7b-a551-410c35ace9ab", "matchIDinofficial": "20220419TUE38", "matchNum": "38", "matchDate": "2022-04-19+08:00", "matchDay": "TUE", "coupon": {"couponID": "4", "couponShortName": "TUE", "couponNameCH": "\u5468\u4e8c\u8cfd\u4e8b", "couponNameEN": "Tuesday Matches"}, "league": {"leagueID": "124", "leagueShortName": "MXL", "leagueNameCH": "\u58a8\u897f\u54e5\u8d85\u7d1a\u806f\u8cfd", "leagueNameEN": "Mexican Premier"}, "homeTeam": {"teamID": "907", "teamNameCH": "\u5c3c\u5361\u6c99", "teamNameEN": "Necaxa"}, "awayTeam": {"teamID": "638", "teamNameCH": "\u5824\u683c\u96f7\u65af", "teamNameEN": "Tigres UANL"}, "matchStatus": "Closed", "matchTime": "2022-04-20T08:00:00+08:00", "statuslastupdated": "2022-04-20T08:00:33+08:00", "inplaydelay": "true", "liveEvent": {"ilcLiveDisplay": true, "hasLiveInfo": true, "isIncomplete": false, "matchIDbetradar": "31019071", "matchstate": "FirstHalf", "stateTS": "2022-04-20T08:00:33+08:00", "liveevent": []}, "accumulatedscore": [{"periodvalue": "FirstHalf", "periodstatus": "Started", "home": "", "away": ""}], "livescore": {"home": "0", "away": "0"}, "cornerresult": "0", "hasWebTV": false, "hasOdds": false, "chlodds": {"LINELIST": [{"LINENUM": "2", "MAINLINE": "false", "LINESTATUS": "1", "LINEORDER": "2", "LINE": "9.5/9.5", "L": "100@1.42", "H": "100@2.65"}, {"LINENUM": "1", "MAINLINE": "true", "LINESTATUS": "1", "LINEORDER": "1", "LINE": "8.5/8.5", "L": "100@1.73", "H": "100@1.98"}], "ID": "ebc3ebc5-5c60-43e3-81dd-8e0ae7a77ea7", "POOLSTATUS": "Selling", "ET": "0", "INPLAY": "true", "ALLUP": "true", "Cur": "1"}, "hasExtraTimePools": false, "results": {}, "definedPools": ["HAD", "FHA", "CRS", "FCS", "FTS", "OOE", "TTG", "HFT", "HHA", "HDC", "HIL", "FHL", "CHL", "NTS"], "inplayPools": ["HAD", "FHA", "HIL", "CHL", "CRS", "FCS", "NTS"]}]