[{"matchID": "08a5f716-4f05-4125-81ec-645b72e660e6", "matchIDinofficial": "20220426TUE15", "matchNum": "15", "matchDate": "2022-04-26+08:00", "matchDay": "TUE", "coupon": {"couponID": "4", "couponShortName": "TUE", "couponNameCH": "\u5468\u4e8c\u8cfd\u4e8b", "couponNameEN": "Tuesday Matches"}, "league": {"leagueID": "6", "leagueShortName": "UCL", "leagueNameCH": "\u6b50\u6d32\u806f\u8cfd\u51a0\u8ecd\u76c3", "leagueNameEN": "UE Champions"}, "homeTeam": {"teamID": "13", "teamNameCH": "\u66fc\u57ce", "teamNameEN": "Manchester City"}, "awayTeam": {"teamID": "69", "teamNameCH": "\u7687\u5bb6\u99ac\u5fb7\u91cc", "teamNameEN": "Real Madrid"}, "matchStatus": "ResultIn", "matchTime": "2022-04-27T03:00:00+08:00", "statuslastupdated": "2022-04-27T03:22:25+08:00", "inplaydelay": "true", "channel": [{"order": 1, "channelID": "643", "channelNameCH": "NOW 643\u53f0", "channelNameEN": "NOW 643"}], "liveEvent": {"ilcLiveDisplay": true, "hasLiveInfo": true, "isIncomplete": false, "matchIDbetradar": "33181717", "matchstate": "FirstHalf", "stateTS": "2022-04-27T03:01:37+08:00", "liveevent": [{"order": 1, "minutesElasped": "2", "actionType": "Regular", "playerNameCH": "\u5947\u96f2\u8fea\u5e03\u5c3c", "playerNameEN": "Kevin De Bruyne", "homeaway": "Home"}, {"order": 2, "minutesElasped": "11", "actionType": "Regular", "playerNameCH": "\u52a0\u6bd4\u723e\u6377\u897f\u65af", "playerNameEN": "Gabriel Jesus", "homeaway": "Home"}]}, "accumulatedscore": [{"periodvalue": "FirstHalf", "periodstatus": "Interim", "home": "2", "away": "0"}], "livescore": {"home": "2", "away": "0"}, "cornerresult": "2", "hasWebTV": false, "hasOdds": false, "chlodds": {"LINELIST": [{"LINENUM": "1", "MAINLINE": "true", "LINESTATUS": "1", "LINEORDER": "1", "LINE": "8.5/8.5", "H": "100@1.97", "L": "100@1.74"}, {"LINENUM": "2", "MAINLINE": "false", "LINESTATUS": "1", "LINEORDER": "2", "LINE": "9.5/9.5", "H": "100@2.75", "L": "100@1.39"}], "ID": "7a08405c-f38d-48b5-9485-ac57da4aabc7", "POOLSTATUS": "Selling", "ET": "0", "INPLAY": "true", "ALLUP": "true", "Cur": "1"}, "hasExtraTimePools": false, "results": {}, "definedPools": ["HAD", "FHA", "CRS", "FCS", "FTS", "OOE", "TTG", "HFT", "HHA", "HDC", "HIL", "FHL", "CHL", "NTS"], "inplayPools": ["HAD", "FHA", "HIL", "CHL", "CRS", "FCS", "NTS"], "dhc": {"LEG1": "TUE 7", "LEG1ID": "62a9fda1-fcc3-4059-b039-c5151d660255", "LEG2": "TUE 15", "LEG2ID": "08a5f716-4f05-4125-81ec-645b72e660e6", "ITEM": "1"}}]