[{"matchID": "3858420b-d34a-4c38-857c-27b4a69eac0f", "matchIDinofficial": "20220424SUN56", "matchNum": "56", "matchDate": "2022-04-24+08:00", "matchDay": "SUN", "coupon": {"couponID": "2", "couponShortName": "SUN", "couponNameCH": "\u5468\u65e5\u8cfd\u4e8b", "couponNameEN": "Sunday Matches"}, "league": {"leagueID": "122", "leagueShortName": "RPL", "leagueNameCH": "\u4fc4\u7f85\u65af\u8d85\u7d1a\u806f\u8cfd", "leagueNameEN": "Russian Premier"}, "homeTeam": {"teamID": "380", "teamNameCH": "\u83ab\u65af\u79d1\u4e2d\u592e\u9678\u8ecd", "teamNameEN": "CSKA Moscow"}, "awayTeam": {"teamID": "1291", "teamNameCH": "\u83ab\u65af\u79d1\u6234\u62ff\u6a21", "teamNameEN": "Dinamo Moscow"}, "matchStatus": "ResultIn", "matchTime": "2022-04-25T00:30:00+08:00", "statuslastupdated": "2022-04-25T02:19:07+08:00", "inplaydelay": "true", "channel": [{"order": 1, "channelID": "C661", "channelNameCH": "\u6709\u7dda661\u53f0", "channelNameEN": "i-CABLE 661"}, {"order": 2, "channelID": "C601", "channelNameCH": "\u6709\u7dda601\u53f0", "channelNameEN": "i-CABLE 601"}], "liveEvent": {"ilcLiveDisplay": true, "hasLiveInfo": true, "isIncomplete": false, "matchIDbetradar": "27752664", "matchstate": "SecondHalf", "stateTS": "2022-04-25T01:33:26+08:00", "liveevent": [{"order": 1, "minutesElasped": "38", "actionType": "YellowCard", "playerNameCH": "\u8fea\u4e9e\u9ad8\u62ff\u7d22\u7279", "playerNameEN": "Diego Laxalt", "homeaway": "Away"}, {"order": 2, "minutesElasped": "67", "actionType": "Regular", "playerNameCH": "\u827e\u7956\u57fa", "playerNameEN": "Chidera Ejuke", "homeaway": "Home"}, {"order": 3, "minutesElasped": "86", "actionType": "YellowCard", "playerNameCH": "\u827e\u5f17\u683c\u6d85\u592b, \u7f85\u66fc", "playerNameEN": "Roman Evgeniev", "homeaway": "Away"}, {"order": 4, "minutesElasped": "89", "actionType": "YellowCard", "playerNameCH": "\u6851\u57fa\u5df4\u6587", "playerNameEN": "Jean-Philippe Gbamin", "homeaway": "Home"}, {"order": 5, "minutesElasped": "90", "actionType": "YellowCard", "playerNameCH": "\u99ac\u91cc\u5967\u8cbb\u5357\u8fea\u65af", "playerNameEN": "Mario Fernandes", "homeaway": "Home"}]}, "accumulatedscore": [{"periodvalue": "FirstHalf", "periodstatus": "ResultFinal", "home": "0", "away": "0"}, {"periodvalue": "SecondHalf", "periodstatus": "Interim", "home": "1", "away": "0"}], "livescore": {"home": "1", "away": "0"}, "cornerresult": "-1", "hasWebTV": false, "hasOdds": false, "chlodds": {"LINELIST": [{"LINENUM": "1", "MAINLINE": "true", "LINESTATUS": "1", "LINEORDER": "1", "LINE": "13.5/13.5", "L": "100@1.08", "H": "100@6.10"}], "ID": "f593f505-e2fa-492a-87c6-e728c50b76c9", "POOLSTATUS": "FinalStopSell", "ET": "0", "INPLAY": "true", "ALLUP": "true", "Cur": "1"}, "hasExtraTimePools": false, "results": {}, "definedPools": ["HAD", "FHA", "CRS", "FCS", "FTS", "OOE", "TTG", "HFT", "HHA", "HDC", "HIL", "FHL", "CHL", "NTS"], "inplayPools": ["HAD", "FHA", "HIL", "CHL", "CRS", "FCS", "NTS"]}]