[{"matchID": "8fbce1cd-b893-4d7b-ad91-5a94c642a189", "matchIDinofficial": "20220503TUE18", "matchNum": "18", "matchDate": "2022-05-03+08:00", "matchDay": "TUE", "coupon": {"couponID": "4", "couponShortName": "TUE", "couponNameCH": "\u5468\u4e8c\u8cfd\u4e8b", "couponNameEN": "Tuesday Matches"}, "league": {"leagueID": "71", "leagueShortName": "LBC", "leagueNameCH": "\u5357\u7f8e\u81ea\u7531\u76c3", "leagueNameEN": "Copa Libertadores"}, "homeTeam": {"teamID": "3486", "teamNameCH": "\u5e15\u7956\u5229\u5974\u7368\u7acb\u968a", "teamNameEN": "Independiente Petrolero"}, "awayTeam": {"teamID": "572", "teamNameCH": "\u5f6d\u7f8e\u62c9\u65af", "teamNameEN": "Palmeiras"}, "matchStatus": "ResultIn", "matchTime": "2022-05-04T08:30:00+08:00", "statuslastupdated": "2022-05-04T09:02:40+08:00", "inplaydelay": "true", "channel": [{"order": 1, "channelID": "GX", "channelNameCH": "GoalX app", "channelNameEN": "GoalX app"}, {"order": 2, "channelID": "HKJC", "channelNameCH": "HKJC TV app", "channelNameEN": "HKJC TV app"}], "liveEvent": {"ilcLiveDisplay": true, "hasLiveInfo": true, "isIncomplete": false, "matchIDbetradar": "32898529", "matchstate": "FirstHalf", "stateTS": "2022-05-04T08:30:22+08:00", "liveevent": [{"order": 1, "minutesElasped": "17", "actionType": "Penalty", "playerNameCH": "\u62c9\u83f2\u723e\u7dad\u52a0", "playerNameEN": "Raphael Veiga", "homeaway": "Away"}, {"order": 2, "minutesElasped": "22", "actionType": "Regular", "playerNameCH": "\u62c9\u83f2\u723e\u7dad\u52a0", "playerNameEN": "Raphael Veiga", "homeaway": "Away"}]}, "accumulatedscore": [{"periodvalue": "FirstHalf", "periodstatus": "Interim", "home": "0", "away": "2"}], "livescore": {"home": "0", "away": "2"}, "cornerresult": "4", "hasWebTV": false, "hasOdds": false, "chlodds": {"LINELIST": [{"LINENUM": "2", "MAINLINE": "false", "LINESTATUS": "1", "LINEORDER": "2", "LINE": "11.5/11.5", "L": "100@1.36", "H": "100@2.88"}, {"LINENUM": "1", "MAINLINE": "true", "LINESTATUS": "1", "LINEORDER": "1", "LINE": "10.5/10.5", "L": "100@1.69", "H": "100@2.04"}], "ID": "110b3911-16f0-4706-80fa-545f547f790c", "POOLSTATUS": "Selling", "ET": "0", "INPLAY": "true", "ALLUP": "true", "Cur": "1"}, "hasExtraTimePools": false, "results": {}, "definedPools": ["HAD", "FHA", "CRS", "FCS", "FTS", "OOE", "TTG", "HFT", "HHA", "HIL", "FHL", "CHL", "NTS"], "inplayPools": ["HAD", "FHA", "HIL", "CHL", "CRS", "FCS", "NTS"]}]