[{"matchID": "3858420b-d34a-4c38-857c-27b4a69eac0f", "matchIDinofficial": "20220424SUN56", "matchNum": "56", "matchDate": "2022-04-24+08:00", "matchDay": "SUN", "coupon": {"couponID": "2", "couponShortName": "SUN", "couponNameCH": "\u5468\u65e5\u8cfd\u4e8b", "couponNameEN": "Sunday Matches"}, "league": {"leagueID": "122", "leagueShortName": "RPL", "leagueNameCH": "\u4fc4\u7f85\u65af\u8d85\u7d1a\u806f\u8cfd", "leagueNameEN": "Russian Premier"}, "homeTeam": {"teamID": "380", "teamNameCH": "\u83ab\u65af\u79d1\u4e2d\u592e\u9678\u8ecd", "teamNameEN": "CSKA Moscow"}, "awayTeam": {"teamID": "1291", "teamNameCH": "\u83ab\u65af\u79d1\u6234\u62ff\u6a21", "teamNameEN": "Dinamo Moscow"}, "matchStatus": "ResultIn", "matchTime": "2022-04-25T00:30:00+08:00", "statuslastupdated": "2022-04-25T01:46:08+08:00", "inplaydelay": "true", "channel": [{"order": 1, "channelID": "C661", "channelNameCH": "\u6709\u7dda661\u53f0", "channelNameEN": "i-CABLE 661"}, {"order": 2, "channelID": "C601", "channelNameCH": "\u6709\u7dda601\u53f0", "channelNameEN": "i-CABLE 601"}], "liveEvent": {"ilcLiveDisplay": true, "hasLiveInfo": true, "isIncomplete": false, "matchIDbetradar": "27752664", "matchstate": "SecondHalf", "stateTS": "2022-04-25T01:33:26+08:00", "liveevent": [{"order": 1, "minutesElasped": "38", "actionType": "YellowCard", "playerNameCH": "\u8fea\u4e9e\u9ad8\u62ff\u7d22\u7279", "playerNameEN": "Diego Laxalt", "homeaway": "Away"}]}, "accumulatedscore": [{"periodvalue": "FirstHalf", "periodstatus": "ResultFinal", "home": "0", "away": "0"}, {"periodvalue": "SecondHalf", "periodstatus": "Interim", "home": "", "away": ""}], "livescore": {"home": "0", "away": "0"}, "cornerresult": "6", "hasWebTV": false, "hasOdds": false, "chlodds": {"LINELIST": [{"LINENUM": "1", "MAINLINE": "true", "LINESTATUS": "1", "LINEORDER": "1", "LINE": "9.5/9.5", "L": "100@1.76", "H": "100@1.94"}, {"LINENUM": "2", "MAINLINE": "false", "LINESTATUS": "1", "LINEORDER": "2", "LINE": "10.5/10.5", "L": "100@1.36", "H": "100@2.88"}], "ID": "f593f505-e2fa-492a-87c6-e728c50b76c9", "POOLSTATUS": "Selling", "ET": "0", "INPLAY": "true", "ALLUP": "true", "Cur": "1"}, "hasExtraTimePools": false, "results": {}, "definedPools": ["HAD", "FHA", "CRS", "FCS", "FTS", "OOE", "TTG", "HFT", "HHA", "HDC", "HIL", "FHL", "CHL", "NTS"], "inplayPools": ["HAD", "FHA", "HIL", "CHL", "CRS", "FCS", "NTS"]}]