[{"matchID": "e3a269da-fab2-4212-85b8-f010284d211f", "matchIDinofficial": "20220505THU9", "matchNum": "9", "matchDate": "2022-05-05+08:00", "matchDay": "THU", "coupon": {"couponID": "6", "couponShortName": "THU", "couponNameCH": "\u5468\u56db\u8cfd\u4e8b", "couponNameEN": "Thursday Matches"}, "league": {"leagueID": "2", "leagueShortName": "ISA", "leagueNameCH": "\u610f\u5927\u5229\u7532\u7d44\u806f\u8cfd", "leagueNameEN": "Italian Division 1"}, "homeTeam": {"teamID": "1186", "teamNameCH": "\u6c99\u862d\u529b\u5766\u62ff", "teamNameEN": "Salernitana"}, "awayTeam": {"teamID": "3416", "teamNameCH": "\u5a01\u5c3c\u65af", "teamNameEN": "Venezia"}, "matchStatus": "ResultIn", "matchTime": "2022-05-06T00:00:00+08:00", "statuslastupdated": "2022-05-06T01:39:16+08:00", "inplaydelay": "true", "channel": [{"order": 1, "channelID": "639", "channelNameCH": "NOW 639 \u53f0", "channelNameEN": "NOW 639"}], "liveEvent": {"ilcLiveDisplay": true, "hasLiveInfo": true, "isIncomplete": false, "matchIDbetradar": "33311525", "matchstate": "SecondHalf", "stateTS": "2022-05-06T01:05:09+08:00", "liveevent": [{"order": 1, "minutesElasped": "5", "actionType": "YellowCard", "playerNameCH": "\u745f\u5361\u6d1b\u5c3c, \u76ae\u7279\u7f85", "playerNameEN": "Pietro Ceccaroni", "homeaway": "Away"}, {"order": 2, "minutesElasped": "7", "actionType": "Penalty", "playerNameCH": "\u8cbb\u9054\u6b77\u9ad8\u90a6\u62ff\u7d22\u5c3c", "playerNameEN": "Federico Bonazzoli", "homeaway": "Home"}, {"order": 3, "minutesElasped": "52", "actionType": "YellowCard", "playerNameCH": "\u963f\u6b77\u65af\u99ac\u8fea\u7956", "playerNameEN": "Ales Mateju", "homeaway": "Away"}, {"order": 4, "minutesElasped": "54", "actionType": "YellowCard", "playerNameCH": "\u57c3\u5fb7\u68ee", "playerNameEN": "Ederson", "homeaway": "Home"}, {"order": 5, "minutesElasped": "58", "actionType": "Regular", "playerNameCH": "", "playerNameEN": "Thomas Henry", "homeaway": "Away"}, {"order": 6, "minutesElasped": "61", "actionType": "YellowCard", "playerNameCH": "\u53f2\u79be\u4fdd\u9054, \u7c73\u9ad8", "playerNameEN": "Michael Svoboda", "homeaway": "Away"}, {"order": 7, "minutesElasped": "67", "actionType": "Regular", "playerNameCH": "\u65bd\u8499\u5c3c\u79be\u8fea", "playerNameEN": "Simone Verdi", "homeaway": "Home"}, {"order": 8, "minutesElasped": "69", "actionType": "YellowCard", "playerNameCH": "\u5e03\u65af\u5967", "playerNameEN": "Gianluca Busio", "homeaway": "Away"}, {"order": 9, "minutesElasped": "77", "actionType": "YellowCard", "playerNameCH": "\u827e\u7f8e\u4fdd\u5e0c\u502b", "playerNameEN": "Emil Bohinen", "homeaway": "Home"}]}, "accumulatedscore": [{"periodvalue": "FirstHalf", "periodstatus": "ResultFinal", "home": "1", "away": "0"}, {"periodvalue": "SecondHalf", "periodstatus": "Interim", "home": "2", "away": "1"}], "livescore": {"home": "2", "away": "1"}, "cornerresult": "10", "hasWebTV": false, "hasOdds": false, "chlodds": {"LINELIST": [{"LINENUM": "1", "MAINLINE": "true", "LINESTATUS": "1", "LINEORDER": "1", "LINE": "11.5/11.5", "L": "100@1.21", "H": "100@3.80"}], "ID": "2e17c977-017c-438f-81ad-58ed21fb7225", "POOLSTATUS": "Selling", "ET": "0", "INPLAY": "true", "ALLUP": "true", "Cur": "1"}, "hasExtraTimePools": false, "results": {}, "definedPools": ["HAD", "FHA", "CRS", "FCS", "FTS", "OOE", "TTG", "HFT", "HHA", "HDC", "HIL", "FHL", "CHL", "NTS"], "inplayPools": ["HAD", "FHA", "HIL", "CHL", "CRS", "FCS", "NTS"]}, {"matchID": "adc7e48f-c0a2-4a9e-a6f6-2278d50b278b", "matchIDinofficial": "20220505THU11", "matchNum": "11", "matchDate": "2022-05-05+08:00", "matchDay": "THU", "coupon": {"couponID": "6", "couponShortName": "THU", "couponNameCH": "\u5468\u56db\u8cfd\u4e8b", "couponNameEN": "Thursday Matches"}, "league": {"leagueID": "58", "leagueShortName": "SAL", "leagueNameCH": "\u745e\u5178\u8d85\u7d1a\u806f\u8cfd", "leagueNameEN": "Swedish Division 1"}, "homeTeam": {"teamID": "381", "teamNameCH": "\u4f50\u52a0\u9813\u65af", "teamNameEN": "Djurgardens"}, "awayTeam": {"teamID": "594", "teamNameCH": "\u5e0c\u723e\u661f\u5821", "teamNameEN": "Helsingborgs"}, "matchStatus": "ResultIn", "matchTime": "2022-05-06T01:00:00+08:00", "statuslastupdated": "2022-05-06T01:36:31+08:00", "inplaydelay": "true", "channel": [{"order": 1, "channelID": "HKJC", "channelNameCH": "HKJC TV app", "channelNameEN": "HKJC TV app"}, {"order": 2, "channelID": "GX", "channelNameCH": "GoalX app", "channelNameEN": "GoalX app"}], "liveEvent": {"ilcLiveDisplay": true, "hasLiveInfo": true, "isIncomplete": false, "matchIDbetradar": "31603087", "matchstate": "FirstHalf", "stateTS": "2022-05-06T01:03:15+08:00", "liveevent": [{"order": 1, "minutesElasped": "4", "actionType": "Regular", "playerNameCH": "", "playerNameEN": "Taha Abdi Ali", "homeaway": "Away"}, {"order": 2, "minutesElasped": "21", "actionType": "Regular", "playerNameCH": "", "playerNameEN": "Taha Abdi Ali", "homeaway": "Away"}, {"order": 3, "minutesElasped": "32", "actionType": "OwnGoal", "playerNameCH": "\u6234\u7dad\u5fb7\u68ee, \u7dad\u723e\u55ac\u7a46\u723e", "playerNameEN": "Viljormur Davidsen", "homeaway": "Home"}]}, "accumulatedscore": [{"periodvalue": "FirstHalf", "periodstatus": "Interim", "home": "1", "away": "2"}], "livescore": {"home": "1", "away": "2"}, "cornerresult": "3", "hasWebTV": false, "hasOdds": false, "chlodds": {"LINELIST": [{"LINENUM": "2", "MAINLINE": "false", "LINESTATUS": "1", "LINEORDER": "2", "LINE": "10.5/10.5", "H": "100@2.90", "L": "100@1.35"}, {"LINENUM": "1", "MAINLINE": "true", "LINESTATUS": "1", "LINEORDER": "1", "LINE": "9.5/9.5", "H": "100@2.05", "L": "100@1.68"}], "ID": "c171b835-2ba7-40fa-ae22-536c9c9d8130", "POOLSTATUS": "Selling", "ET": "0", "INPLAY": "true", "ALLUP": "true", "Cur": "1"}, "hasExtraTimePools": false, "results": {}, "definedPools": ["HAD", "FHA", "CRS", "FCS", "FTS", "OOE", "TTG", "HFT", "HHA", "HDC", "HIL", "FHL", "CHL", "NTS"], "inplayPools": ["HAD", "FHA", "HIL", "CHL", "CRS", "FCS", "NTS"]}]