[{"matchID": "eb5c608a-01dd-4cc1-b58f-431243936ff7", "matchIDinofficial": "20220425MON2", "matchNum": "2", "matchDate": "2022-04-25+08:00", "matchDay": "MON", "coupon": {"couponID": "3", "couponShortName": "MON", "couponNameCH": "\u5468\u4e00\u8cfd\u4e8b", "couponNameEN": "Monday Matches"}, "league": {"leagueID": "90", "leagueShortName": "ACL", "leagueNameCH": "\u4e9e\u6d32\u806f\u8cfd\u51a0\u8ecd\u76c3", "leagueNameEN": "Asian Champions League"}, "homeTeam": {"teamID": "557", "teamNameCH": "\u6a6b\u6ff1\u6c34\u624b", "teamNameEN": "Yokohama F.Marinos"}, "awayTeam": {"teamID": "1085", "teamNameCH": "FC\u6089\u5c3c", "teamNameEN": "Sydney FC"}, "matchStatus": "Closed", "matchTime": "2022-04-25T19:00:00+08:00", "statuslastupdated": "2022-04-25T19:00:15+08:00", "inplaydelay": "true", "neutralgroundvenue": {"neutralgroundvenueNameCH": "\u8d8a\u5357\u80e1\u5fd7\u660e\u5e02\u7d71\u4e00\u9ad4\u80b2\u5834", "neutralgroundvenueNameEN": "Thong Nhat Stadium, Ho Chi Minh City, Vietnam"}, "channel": [{"order": 1, "channelID": "ES", "channelNameCH": "ElevenSports", "channelNameEN": "ElevenSports"}], "liveEvent": {"ilcLiveDisplay": true, "hasLiveInfo": true, "isIncomplete": false, "matchIDbetradar": "32307379", "matchstate": "FirstHalf", "stateTS": "2022-04-25T19:00:15+08:00", "liveevent": []}, "accumulatedscore": [{"periodvalue": "FirstHalf", "periodstatus": "Started", "home": "", "away": ""}], "livescore": {"home": "0", "away": "0"}, "cornerresult": "-1", "hasWebTV": false, "hasOdds": false, "chlodds": {"LINELIST": [{"LINENUM": "1", "MAINLINE": "true", "LINESTATUS": "1", "LINEORDER": "1", "LINE": "11.5/11.5", "H": "100@1.94", "L": "100@1.76"}, {"LINENUM": "2", "MAINLINE": "false", "LINESTATUS": "1", "LINEORDER": "2", "LINE": "12.5/12.5", "L": "100@1.46", "H": "100@2.50"}], "ID": "d98b3959-299a-4ce2-8882-bcf98a5c0781", "POOLSTATUS": "NotSelling", "ET": "0", "INPLAY": "true", "ALLUP": "true", "Cur": "1"}, "hasExtraTimePools": false, "results": {}, "definedPools": ["HAD", "FHA", "CRS", "FCS", "FTS", "OOE", "TTG", "HFT", "HHA", "HDC", "HIL", "FHL", "CHL", "NTS"], "inplayPools": ["HAD", "FHA", "HIL", "CHL", "CRS", "FCS", "NTS"]}]