[{"matchID": "5570f44e-7be9-4b13-8514-1c243dc4dba6", "matchIDinofficial": "20220424SUN2", "matchNum": "2", "matchDate": "2022-04-24+08:00", "matchDay": "SUN", "coupon": {"couponID": "2", "couponShortName": "SUN", "couponNameCH": "\u5468\u65e5\u8cfd\u4e8b", "couponNameEN": "Sunday Matches"}, "league": {"leagueID": "89", "leagueShortName": "AD1", "leagueNameCH": "\u6fb3\u6d32\u8077\u696d\u806f\u8cfd", "leagueNameEN": "Australian Division 1"}, "homeTeam": {"teamID": "1114", "teamNameCH": "\u963f\u5fb7\u840a\u5fb7\u806f", "teamNameEN": "Adelaide Utd"}, "awayTeam": {"teamID": "1155", "teamNameCH": "\u73c0\u65af\u5149\u8f1d", "teamNameEN": "Perth Glory"}, "matchStatus": "ResultIn", "matchTime": "2022-04-24T15:05:00+08:00", "statuslastupdated": "2022-04-24T15:38:23+08:00", "inplaydelay": "true", "channel": [{"order": 1, "channelID": "85", "channelNameCH": "\u7121\u7dda85\u53f0", "channelNameEN": "TVB 85"}], "liveEvent": {"ilcLiveDisplay": true, "hasLiveInfo": true, "isIncomplete": false, "matchIDbetradar": "33247359", "matchstate": "FirstHalf", "stateTS": "2022-04-24T15:13:21+08:00", "liveevent": [{"order": 1, "minutesElasped": "24", "actionType": "Regular", "playerNameCH": "\u8c9d\u62ff\u5ea6\u5967\u5229\u83ef\u62c9", "playerNameEN": "Bernardo Oliveira", "homeaway": "Home"}]}, "accumulatedscore": [{"periodvalue": "FirstHalf", "periodstatus": "Interim", "home": "1", "away": "0"}], "livescore": {"home": "1", "away": "0"}, "cornerresult": "4", "hasWebTV": false, "hasOdds": false, "chlodds": {"LINELIST": [{"LINENUM": "2", "MAINLINE": "false", "LINESTATUS": "1", "LINEORDER": "2", "LINE": "10.5/10.5", "L": "100@1.58", "H": "100@2.22"}, {"LINENUM": "1", "MAINLINE": "true", "LINESTATUS": "1", "LINEORDER": "1", "LINE": "9.5/9.5", "H": "100@1.69", "L": "100@2.04"}], "ID": "130d6a4b-5c86-45ff-b66c-afae1a8a4b00", "POOLSTATUS": "Selling", "ET": "0", "INPLAY": "true", "ALLUP": "true", "Cur": "1"}, "hasExtraTimePools": false, "results": {}, "definedPools": ["HAD", "FHA", "CRS", "FCS", "FTS", "OOE", "TTG", "HFT", "HHA", "HDC", "HIL", "FHL", "CHL", "NTS"], "inplayPools": ["HAD", "FHA", "HIL", "CHL", "CRS", "FCS", "NTS"], "dhc": {"LEG1": "SUN 2", "LEG1ID": "5570f44e-7be9-4b13-8514-1c243dc4dba6", "LEG2": "SUN 3", "LEG2ID": "9d72c6a1-4697-4306-8ac1-24c2eab0967c", "ITEM": "1"}}]