[{"matchID": "6050c362-4b3a-4c5f-a27e-6828840760a7", "matchIDinofficial": "20220421THU9", "matchNum": "9", "matchDate": "2022-04-21+08:00", "matchDay": "THU", "coupon": {"couponID": "6", "couponShortName": "THU", "couponNameCH": "\u5468\u56db\u8cfd\u4e8b", "couponNameEN": "Thursday Matches"}, "league": {"leagueID": "4", "leagueShortName": "SFL", "leagueNameCH": "\u897f\u73ed\u7259\u7532\u7d44\u806f\u8cfd", "leagueNameEN": "Spanish Division 1"}, "homeTeam": {"teamID": "64", "teamNameCH": "\u611b\u65af\u8cd3\u5974", "teamNameEN": "Espanyol"}, "awayTeam": {"teamID": "863", "teamNameCH": "\u83ef\u6b77\u7c21\u5974", "teamNameEN": "Vallecano"}, "matchStatus": "ResultIn", "matchTime": "2022-04-22T01:00:00+08:00", "statuslastupdated": "2022-04-22T02:52:24+08:00", "inplaydelay": "true", "channel": [{"order": 1, "channelID": "633", "channelNameCH": "NOW 633\u53f0", "channelNameEN": "NOW 633"}], "liveEvent": {"ilcLiveDisplay": true, "hasLiveInfo": true, "isIncomplete": false, "matchIDbetradar": "27965816", "matchstate": "SecondHalf", "stateTS": "2022-04-22T02:07:05+08:00", "liveevent": [{"order": 1, "minutesElasped": "40", "actionType": "YellowCard", "playerNameCH": "\u67e5\u7956", "playerNameEN": "Oscar Trejo", "homeaway": "Away"}, {"order": 2, "minutesElasped": "42", "actionType": "Regular", "playerNameCH": "\u6c99\u6cbb\u54e5\u8fea\u5967\u62ff", "playerNameEN": "Sergi Guardiola", "homeaway": "Away"}, {"order": 3, "minutesElasped": "46", "actionType": "YellowCard", "playerNameCH": "\u99ac\u5229\u5967\u9774\u5357\u8fea\u65af", "playerNameEN": "Mario Hernandez", "homeaway": "Away"}, {"order": 4, "minutesElasped": "50", "actionType": "YellowCard", "playerNameCH": "\u963f\u7956\u5b89\u6069\u5df4\u5df4", "playerNameEN": "Adri Embarba", "homeaway": "Home"}, {"order": 5, "minutesElasped": "57", "actionType": "YellowCard", "playerNameCH": "\u9ad8\u7f8e\u6c99\u62ff", "playerNameEN": "Santi Comesana", "homeaway": "Away"}, {"order": 6, "minutesElasped": "76", "actionType": "YellowCard", "playerNameCH": "\u6cd5\u862d\u52a0\u897f\u4e9e", "playerNameEN": "Francisco Garcia", "homeaway": "Away"}, {"order": 7, "minutesElasped": "86", "actionType": "YellowCard", "playerNameCH": "\u963f\u6b77\u65af\u7dad\u5ea6", "playerNameEN": "Aleix Vidal", "homeaway": "Home"}]}, "accumulatedscore": [{"periodvalue": "FirstHalf", "periodstatus": "ResultFinal", "home": "0", "away": "1"}, {"periodvalue": "SecondHalf", "periodstatus": "Interim", "home": "", "away": ""}], "livescore": {"home": "0", "away": "1"}, "cornerresult": "-1", "hasWebTV": false, "hasOdds": false, "chlodds": {"LINELIST": [{"LINENUM": "1", "MAINLINE": "true", "LINESTATUS": "1", "LINEORDER": "1", "LINE": "14.5/14.5", "L": "100@1.14", "H": "100@4.75"}], "ID": "2ff284e8-7caa-4c7a-83cd-3061a8b6d27d", "POOLSTATUS": "FinalStopSell", "ET": "0", "INPLAY": "true", "ALLUP": "true", "Cur": "1"}, "hasExtraTimePools": false, "results": {}, "definedPools": ["HAD", "FHA", "CRS", "FCS", "FTS", "OOE", "TTG", "HFT", "HHA", "HDC", "HIL", "FHL", "CHL", "NTS"], "inplayPools": ["HAD", "FHA", "HIL", "CHL", "CRS", "FCS", "NTS"], "dhc": {"LEG1": "THU 9", "LEG1ID": "6050c362-4b3a-4c5f-a27e-6828840760a7", "LEG2": "THU 10", "LEG2ID": "fbd9266f-8c4e-4787-a264-b1e1342e35ec", "ITEM": "1"}, "hfm": {"LEG1": "THU 9", "LEG1ID": "6050c362-4b3a-4c5f-a27e-6828840760a7", "LEG2": "THU 10", "LEG2ID": "fbd9266f-8c4e-4787-a264-b1e1342e35ec", "LEG3": "THU 13", "LEG3ID": "94ed0285-43d7-4074-ab02-9bd01afeacef", "LEG4": "THU 14", "LEG4ID": "fcb732c9-66f9-4b5e-bf61-449d8ffae509", "LEG5": "THU 16", "LEG5ID": "781d762f-90cf-4550-a601-ee0f23fd7a2a", "LEG6": "THU 20", "LEG6ID": "71cfc385-5f1d-4206-beeb-a82e597f075d", "ITEM": "1"}}, {"matchID": "fbd9266f-8c4e-4787-a264-b1e1342e35ec", "matchIDinofficial": "20220421THU10", "matchNum": "10", "matchDate": "2022-04-21+08:00", "matchDay": "THU", "coupon": {"couponID": "6", "couponShortName": "THU", "couponNameCH": "\u5468\u56db\u8cfd\u4e8b", "couponNameEN": "Thursday Matches"}, "league": {"leagueID": "4", "leagueShortName": "SFL", "leagueNameCH": "\u897f\u73ed\u7259\u7532\u7d44\u806f\u8cfd", "leagueNameEN": "Spanish Division 1"}, "homeTeam": {"teamID": "264", "teamNameCH": "\u5229\u96f2\u7279", "teamNameEN": "Levante"}, "awayTeam": {"teamID": "72", "teamNameCH": "\u897f\u7dad\u723e", "teamNameEN": "Sevilla"}, "matchStatus": "ResultIn", "matchTime": "2022-04-22T01:00:00+08:00", "statuslastupdated": "2022-04-22T02:51:04+08:00", "inplaydelay": "true", "channel": [{"order": 1, "channelID": "632", "channelNameCH": "NOW 632\u53f0", "channelNameEN": "NOW 632"}], "liveEvent": {"ilcLiveDisplay": true, "hasLiveInfo": true, "isIncomplete": false, "matchIDbetradar": "27965818", "matchstate": "SecondHalf", "stateTS": "2022-04-22T02:05:59+08:00", "liveevent": [{"order": 1, "minutesElasped": "4", "actionType": "YellowCard", "playerNameCH": "\u7956\u5b89\u4f50\u6566", "playerNameEN": "Joan Jordan", "homeaway": "Away"}, {"order": 2, "minutesElasped": "14", "actionType": "Regular", "playerNameCH": "\u6377\u897f\u65af\u54e5\u6717\u62ff", "playerNameEN": "Jesus Corona", "homeaway": "Away"}, {"order": 3, "minutesElasped": "22", "actionType": "Penalty", "playerNameCH": "\u8377\u897f\u6469\u62c9\u5229\u65af", "playerNameEN": "Jose Luis Morales", "homeaway": "Home"}, {"order": 4, "minutesElasped": "22", "actionType": "YellowCard", "playerNameCH": "\u6377\u897f\u65af\u62ff\u83ef\u65af", "playerNameEN": "Jesus Navas", "homeaway": "Away"}, {"order": 5, "minutesElasped": "27", "actionType": "Regular", "playerNameCH": "\u6377\u897f\u65af\u54e5\u6717\u62ff", "playerNameEN": "Jesus Corona", "homeaway": "Away"}, {"order": 6, "minutesElasped": "57", "actionType": "YellowCard", "playerNameCH": "\u6bd4\u6bd4\u8def", "playerNameEN": "Jose Luis Garcia Vaya PEPELU", "homeaway": "Home"}, {"order": 7, "minutesElasped": "63", "actionType": "YellowCard", "playerNameCH": "\u8ca2\u85a9\u6d1b\u8499\u8482\u723e", "playerNameEN": "Gonzalo Montiel", "homeaway": "Away"}, {"order": 8, "minutesElasped": "69", "actionType": "YellowCard", "playerNameCH": "\u99ac\u9ad8\u65af\u963f\u53e4\u62ff", "playerNameEN": "Marcos Acuna", "homeaway": "Away"}, {"order": 9, "minutesElasped": "82", "actionType": "Regular", "playerNameCH": "\u7956\u5229\u65af\u53e4\u8fea", "playerNameEN": "Jules Kounde", "homeaway": "Away"}, {"order": 10, "minutesElasped": "87", "actionType": "Regular", "playerNameCH": "\u8607\u723e\u9054\u675c", "playerNameEN": "Roberto Soldado", "homeaway": "Home"}]}, "accumulatedscore": [{"periodvalue": "FirstHalf", "periodstatus": "ResultFinal", "home": "1", "away": "2"}, {"periodvalue": "SecondHalf", "periodstatus": "Interim", "home": "2", "away": "3"}], "livescore": {"home": "2", "away": "3"}, "cornerresult": "-1", "hasWebTV": false, "hasOdds": false, "chlodds": {"LINELIST": [{"LINENUM": "1", "MAINLINE": "true", "LINESTATUS": "1", "LINEORDER": "1", "LINE": "14.5/14.5", "L": "100@1.21", "H": "100@3.80"}], "ID": "0d8bf28d-0564-4e1f-85af-ddaa3ea05657", "POOLSTATUS": "FinalStopSell", "ET": "0", "INPLAY": "true", "ALLUP": "true", "Cur": "1"}, "hasExtraTimePools": false, "results": {}, "definedPools": ["HAD", "FHA", "CRS", "FCS", "FTS", "OOE", "TTG", "HFT", "HHA", "HDC", "HIL", "FHL", "CHL", "NTS"], "inplayPools": ["HAD", "FHA", "HIL", "CHL", "CRS", "FCS", "NTS"], "dhc": {"LEG1": "THU 9", "LEG1ID": "6050c362-4b3a-4c5f-a27e-6828840760a7", "LEG2": "THU 10", "LEG2ID": "fbd9266f-8c4e-4787-a264-b1e1342e35ec", "ITEM": "1"}, "hfm": {"LEG1": "THU 9", "LEG1ID": "6050c362-4b3a-4c5f-a27e-6828840760a7", "LEG2": "THU 10", "LEG2ID": "fbd9266f-8c4e-4787-a264-b1e1342e35ec", "LEG3": "THU 13", "LEG3ID": "94ed0285-43d7-4074-ab02-9bd01afeacef", "LEG4": "THU 14", "LEG4ID": "fcb732c9-66f9-4b5e-bf61-449d8ffae509", "LEG5": "THU 16", "LEG5ID": "781d762f-90cf-4550-a601-ee0f23fd7a2a", "LEG6": "THU 20", "LEG6ID": "71cfc385-5f1d-4206-beeb-a82e597f075d", "ITEM": "1"}}, {"matchID": "781d762f-90cf-4550-a601-ee0f23fd7a2a", "matchIDinofficial": "20220421THU16", "matchNum": "16", "matchDate": "2022-04-21+08:00", "matchDay": "THU", "coupon": {"couponID": "6", "couponShortName": "THU", "couponNameCH": "\u5468\u56db\u8cfd\u4e8b", "couponNameEN": "Thursday Matches"}, "league": {"leagueID": "1", "leagueShortName": "EPL", "leagueNameCH": "\u82f1\u683c\u862d\u8d85\u7d1a\u806f\u8cfd", "leagueNameEN": "Eng Premier"}, "homeTeam": {"teamID": "193", "teamNameCH": "\u822c\u5c3c", "teamNameEN": "Burnley"}, "awayTeam": {"teamID": "18", "teamNameCH": "\u4fee\u54b8\u9813", "teamNameEN": "Southampton"}, "matchStatus": "Closed", "matchTime": "2022-04-22T02:45:00+08:00", "statuslastupdated": "2022-04-22T02:45:24+08:00", "inplaydelay": "true", "channel": [{"order": 1, "channelID": "621", "channelNameCH": "NOW 621\u53f0", "channelNameEN": "NOW 621"}], "liveEvent": {"ilcLiveDisplay": true, "hasLiveInfo": true, "isIncomplete": false, "matchIDbetradar": "32679869", "matchstate": "FirstHalf", "stateTS": "2022-04-22T02:45:24+08:00", "liveevent": []}, "accumulatedscore": [{"periodvalue": "FirstHalf", "periodstatus": "Started", "home": "", "away": ""}], "livescore": {"home": "0", "away": "0"}, "cornerresult": "1", "hasWebTV": false, "hasOdds": false, "chlodds": {"LINELIST": [{"LINENUM": "2", "MAINLINE": "false", "LINESTATUS": "1", "LINEORDER": "2", "LINE": "11.5/11.5", "L": "100@1.55", "H": "100@2.29"}, {"LINENUM": "1", "MAINLINE": "true", "LINESTATUS": "1", "LINEORDER": "1", "LINE": "10.5/10.5", "H": "100@1.81", "L": "100@1.89"}], "ID": "d5fe1e1b-8f27-47da-937b-7788312e2588", "POOLSTATUS": "Selling", "ET": "0", "INPLAY": "true", "ALLUP": "true", "Cur": "1"}, "hasExtraTimePools": false, "results": {}, "definedPools": ["HAD", "FHA", "CRS", "FCS", "FTS", "OOE", "TTG", "HFT", "HHA", "HDC", "HIL", "FHL", "CHL", "NTS"], "inplayPools": ["HAD", "FHA", "HIL", "CHL", "CRS", "FCS", "NTS"], "dhc": {"LEG1": "THU 16", "LEG1ID": "781d762f-90cf-4550-a601-ee0f23fd7a2a", "LEG2": "THU 20", "LEG2ID": "71cfc385-5f1d-4206-beeb-a82e597f075d", "ITEM": "2"}, "hfm": {"LEG1": "THU 9", "LEG1ID": "6050c362-4b3a-4c5f-a27e-6828840760a7", "LEG2": "THU 10", "LEG2ID": "fbd9266f-8c4e-4787-a264-b1e1342e35ec", "LEG3": "THU 13", "LEG3ID": "94ed0285-43d7-4074-ab02-9bd01afeacef", "LEG4": "THU 14", "LEG4ID": "fcb732c9-66f9-4b5e-bf61-449d8ffae509", "LEG5": "THU 16", "LEG5ID": "781d762f-90cf-4550-a601-ee0f23fd7a2a", "LEG6": "THU 20", "LEG6ID": "71cfc385-5f1d-4206-beeb-a82e597f075d", "ITEM": "1"}}]