[{"matchID": "da24566d-dd63-42e4-bdb6-99ccc90a7525", "matchIDinofficial": "20220430SAT93", "matchNum": "93", "matchDate": "2022-04-30+08:00", "matchDay": "SAT", "coupon": {"couponID": "1", "couponShortName": "SAT", "couponNameCH": "\u5468\u516d\u8cfd\u4e8b", "couponNameEN": "Saturday Matches"}, "league": {"leagueID": "2", "leagueShortName": "ISA", "leagueNameCH": "\u610f\u5927\u5229\u7532\u7d44\u806f\u8cfd", "leagueNameEN": "Italian Division 1"}, "homeTeam": {"teamID": "2228", "teamNameCH": "\u53f2\u67cf\u65af\u4e9e", "teamNameEN": "Spezia"}, "awayTeam": {"teamID": "47", "teamNameCH": "\u62c9\u7d20", "teamNameEN": "Lazio"}, "matchStatus": "ResultIn", "matchTime": "2022-05-01T02:45:00+08:00", "statuslastupdated": "2022-05-01T03:17:37+08:00", "inplaydelay": "true", "channel": [{"order": 1, "channelID": "638", "channelNameCH": "NOW 638\u53f0", "channelNameEN": "NOW 638"}], "liveEvent": {"ilcLiveDisplay": true, "hasLiveInfo": true, "isIncomplete": false, "matchIDbetradar": "28160526", "matchstate": "FirstHalf", "stateTS": "2022-05-01T02:47:35+08:00", "liveevent": [{"order": 1, "minutesElasped": "9", "actionType": "Regular", "playerNameCH": "\u963f\u7c73\u5b89,\u51f1\u723e\u6587", "playerNameEN": "Kelvin Amian", "homeaway": "Home"}]}, "accumulatedscore": [{"periodvalue": "FirstHalf", "periodstatus": "Interim", "home": "1", "away": "0"}], "livescore": {"home": "1", "away": "0"}, "cornerresult": "-1", "hasWebTV": false, "hasOdds": false, "chlodds": {"LINELIST": [{"LINENUM": "2", "MAINLINE": "false", "LINESTATUS": "1", "LINEORDER": "2", "LINE": "8.5/8.5", "H": "100@2.60", "L": "100@1.43"}, {"LINENUM": "1", "MAINLINE": "true", "LINESTATUS": "1", "LINEORDER": "1", "LINE": "7.5/7.5", "L": "100@1.80", "H": "100@1.90"}], "ID": "b9d8ef22-b9c0-4f83-ac7e-84ed66537f95", "POOLSTATUS": "NotSelling", "ET": "0", "INPLAY": "true", "ALLUP": "true", "Cur": "1"}, "hasExtraTimePools": false, "results": {}, "definedPools": ["HAD", "FHA", "CRS", "FCS", "FTS", "OOE", "TTG", "HFT", "HHA", "HDC", "HIL", "FHL", "CHL", "NTS"], "inplayPools": ["HAD", "FHA", "HIL", "CHL", "CRS", "FCS", "NTS"]}]