[{"matchID": "8496e7e6-8d8f-4368-9e52-b1f8dd6f523f", "matchIDinofficial": "20220428THU7", "matchNum": "7", "matchDate": "2022-04-28+08:00", "matchDay": "THU", "coupon": {"couponID": "6", "couponShortName": "THU", "couponNameCH": "\u5468\u56db\u8cfd\u4e8b", "couponNameEN": "Thursday Matches"}, "league": {"leagueID": "1", "leagueShortName": "EPL", "leagueNameCH": "\u82f1\u683c\u862d\u8d85\u7d1a\u806f\u8cfd", "leagueNameEN": "Eng Premier"}, "homeTeam": {"teamID": "14", "teamNameCH": "\u66fc\u806f", "teamNameEN": "Manchester Utd"}, "awayTeam": {"teamID": "7", "teamNameCH": "\u8eca\u8def\u58eb", "teamNameEN": "Chelsea"}, "matchStatus": "ResultIn", "matchTime": "2022-04-29T02:45:00+08:00", "statuslastupdated": "2022-04-29T03:50:42+08:00", "inplaydelay": "true", "channel": [{"order": 1, "channelID": "621", "channelNameCH": "NOW 621\u53f0", "channelNameEN": "NOW 621"}, {"order": 2, "channelID": "611", "channelNameCH": "NOW 611\u53f0", "channelNameEN": "NOW 611"}], "liveEvent": {"ilcLiveDisplay": true, "hasLiveInfo": true, "isIncomplete": false, "matchIDbetradar": "27751778", "matchstate": "SecondHalf", "stateTS": "2022-04-29T03:45:53+08:00", "liveevent": []}, "accumulatedscore": [{"periodvalue": "FirstHalf", "periodstatus": "ResultFinal", "home": "0", "away": "0"}, {"periodvalue": "SecondHalf", "periodstatus": "Interim", "home": "", "away": ""}], "livescore": {"home": "0", "away": "0"}, "cornerresult": "4", "hasWebTV": false, "hasOdds": false, "chlodds": {"LINELIST": [{"LINENUM": "2", "MAINLINE": "false", "LINESTATUS": "1", "LINEORDER": "2", "LINE": "9.5/9.5", "H": "100@3.35", "L": "100@1.27"}, {"LINENUM": "1", "MAINLINE": "true", "LINESTATUS": "1", "LINEORDER": "1", "LINE": "8.5/8.5", "H": "100@2.15", "L": "100@1.62"}], "ID": "31eeaed6-8639-4aff-84a1-9fbf5e92137e", "POOLSTATUS": "Selling", "ET": "0", "INPLAY": "true", "ALLUP": "true", "Cur": "1"}, "hasExtraTimePools": false, "results": {}, "definedPools": ["HAD", "FHA", "CRS", "FCS", "FTS", "OOE", "TTG", "HFT", "HHA", "HDC", "HIL", "FHL", "CHL", "NTS"], "inplayPools": ["HAD", "FHA", "HIL", "CHL", "CRS", "FCS", "NTS"], "hfm": {"LEG1": "THU 6", "LEG1ID": "fc7f5421-d1f0-498b-920c-63b257f854ff", "LEG2": "THU 7", "LEG2ID": "8496e7e6-8d8f-4368-9e52-b1f8dd6f523f", "LEG3": "THU 8", "LEG3ID": "2b0c24c4-5144-49d4-8bbb-9659e3b283ff", "LEG4": "THU 9", "LEG4ID": "95f4ff53-8055-4461-90cf-91d9afc0dbee", "LEG5": "THU 10", "LEG5ID": "18f2dc56-cd92-4ab6-8f87-e17e77cb2410", "LEG6": "THU 11", "LEG6ID": "04725c13-f500-446b-97e9-380136d94668", "ITEM": "1"}}]