[{"matchID": "befe7b16-5112-421d-b2f0-c3e74d2b7544", "matchIDinofficial": "20220416SAT36", "matchNum": "36", "matchDate": "2022-04-16+08:00", "matchDay": "SAT", "coupon": {"couponID": "1", "couponShortName": "SAT", "couponNameCH": "\u5468\u516d\u8cfd\u4e8b", "couponNameEN": "Saturday Matches"}, "league": {"leagueID": "5", "leagueShortName": "EFA", "leagueNameCH": "\u82f1\u683c\u862d\u8db3\u7e3d\u76c3", "leagueNameEN": "FA Cup"}, "homeTeam": {"teamID": "13", "teamNameCH": "\u66fc\u57ce", "teamNameEN": "Manchester City"}, "awayTeam": {"teamID": "12", "teamNameCH": "\u5229\u7269\u6d66", "teamNameEN": "Liverpool"}, "matchStatus": "ResultIn", "matchTime": "2022-04-16T22:30:00+08:00", "statuslastupdated": "2022-04-16T23:59:09+08:00", "inplaydelay": "true", "neutralgroundvenue": {"neutralgroundvenueNameCH": "\u502b\u6566\u6eab\u5e03\u840a\u7403\u5834", "neutralgroundvenueNameEN": "Wembley Stadium, London"}, "channel": [{"order": 1, "channelID": "MTS", "channelNameCH": "\u7121\u7dda myTV SUPER", "channelNameEN": "TVB myTV SUPER"}], "liveEvent": {"ilcLiveDisplay": true, "hasLiveInfo": true, "isIncomplete": false, "matchIDbetradar": "32776689", "matchstate": "SecondHalf", "stateTS": "2022-04-16T23:33:46+08:00", "liveevent": [{"order": 1, "minutesElasped": "9", "actionType": "Regular", "playerNameCH": "\u4f0a\u5df4\u5e0c\u99ac\u5e72\u62ff\u8fea", "playerNameEN": "Ibrahima Konate", "homeaway": "Away"}, {"order": 2, "minutesElasped": "17", "actionType": "Regular", "playerNameCH": "\u6c99\u8fea\u5967\u6587\u5c3c", "playerNameEN": "Sadio Mane", "homeaway": "Away"}, {"order": 3, "minutesElasped": "27", "actionType": "YellowCard", "playerNameCH": "\u52a0\u6bd4\u723e\u6377\u897f\u65af", "playerNameEN": "Gabriel Jesus", "homeaway": "Home"}, {"order": 4, "minutesElasped": "37", "actionType": "YellowCard", "playerNameCH": "\u6cd5\u8cd3\u5974\u6cf0\u83ef\u5229\u65af", "playerNameEN": "Fabinho", "homeaway": "Away"}, {"order": 5, "minutesElasped": "45", "actionType": "Regular", "playerNameCH": "\u6c99\u8fea\u5967\u6587\u5c3c", "playerNameEN": "Sadio Mane", "homeaway": "Away"}, {"order": 6, "minutesElasped": "47", "actionType": "Regular", "playerNameCH": "\u57fa\u4e9e\u5229\u6b8a", "playerNameEN": "Jack Grealish", "homeaway": "Home"}, {"order": 7, "minutesElasped": "48", "actionType": "YellowCard", "playerNameCH": "\u62ff\u6bd4\u57fa\u9054", "playerNameEN": "Naby Keita", "homeaway": "Away"}, {"order": 8, "minutesElasped": "57", "actionType": "YellowCard", "playerNameCH": "\u8cbb\u862d\u7538\u5974", "playerNameEN": "Fernandinho", "homeaway": "Home"}, {"order": 9, "minutesElasped": "61", "actionType": "YellowCard", "playerNameCH": "\u6c99\u8fea\u5967\u6587\u5c3c", "playerNameEN": "Sadio Mane", "homeaway": "Away"}]}, "accumulatedscore": [{"periodvalue": "FirstHalf", "periodstatus": "ResultFinal", "home": "0", "away": "3"}, {"periodvalue": "SecondHalf", "periodstatus": "Interim", "home": "1", "away": "3"}], "livescore": {"home": "1", "away": "3"}, "cornerresult": "6", "hasWebTV": false, "hasOdds": false, "chlodds": {"LINELIST": [{"LINENUM": "1", "MAINLINE": "true", "LINESTATUS": "1", "LINEORDER": "1", "LINE": "7.5/7.5", "H": "100@2.90", "L": "100@1.35"}], "ID": "15bf4ceb-cc62-4947-9a58-9098bce30b4c", "POOLSTATUS": "Selling", "ET": "0", "INPLAY": "true", "ALLUP": "true", "Cur": "1"}, "hasExtraTimePools": true, "results": {}, "definedPools": ["HAD", "FHA", "CRS", "FCS", "FTS", "TQL", "OOE", "TTG", "HFT", "HHA", "HDC", "HIL", "FHL", "CHL", "NTS"], "inplayPools": ["HAD", "FHA", "TQL", "HIL", "CHL", "CRS", "FCS", "NTS"]}, {"matchID": "0cfcecd2-101d-4f26-980e-98d473110672", "matchIDinofficial": "20220416SAT40", "matchNum": "40", "matchDate": "2022-04-16+08:00", "matchDay": "SAT", "coupon": {"couponID": "1", "couponShortName": "SAT", "couponNameCH": "\u5468\u516d\u8cfd\u4e8b", "couponNameEN": "Saturday Matches"}, "league": {"leagueID": "14", "leagueShortName": "FFL", "leagueNameCH": "\u6cd5\u570b\u7532\u7d44\u806f\u8cfd", "leagueNameEN": "French Division 1"}, "homeTeam": {"teamID": "280", "teamNameCH": "\u8056\u4f0a\u5929", "teamNameEN": "St. Etienne"}, "awayTeam": {"teamID": "449", "teamNameCH": "\u6bd4\u65af\u7279", "teamNameEN": "Brest"}, "matchStatus": "ResultIn", "matchTime": "2022-04-16T23:00:00+08:00", "statuslastupdated": "2022-04-17T00:10:58+08:00", "inplaydelay": "true", "channel": [{"order": 1, "channelID": "639", "channelNameCH": "NOW 639 \u53f0", "channelNameEN": "NOW 639"}], "liveEvent": {"ilcLiveDisplay": true, "hasLiveInfo": true, "isIncomplete": false, "matchIDbetradar": "27885322", "matchstate": "SecondHalf", "stateTS": "2022-04-17T00:01:48+08:00", "liveevent": [{"order": 1, "minutesElasped": "8", "actionType": "Regular", "playerNameCH": "\u6f22\u6d1b\u96f7\u7279", "playerNameEN": "Franck Honorat", "homeaway": "Away"}, {"order": 2, "minutesElasped": "14", "actionType": "Regular", "playerNameCH": "\u99ac\u8fea\u5361\u99ac\u62c9", "playerNameEN": "Mahdi Camara", "homeaway": "Home"}, {"order": 3, "minutesElasped": "39", "actionType": "Regular", "playerNameCH": "\u99ac\u8fea\u5361\u99ac\u62c9", "playerNameEN": "Mahdi Camara", "homeaway": "Home"}]}, "accumulatedscore": [{"periodvalue": "FirstHalf", "periodstatus": "ResultFinal", "home": "2", "away": "1"}, {"periodvalue": "SecondHalf", "periodstatus": "Interim", "home": "", "away": ""}], "livescore": {"home": "2", "away": "1"}, "cornerresult": "5", "hasWebTV": false, "hasOdds": false, "chlodds": {"LINELIST": [{"LINENUM": "2", "MAINLINE": "false", "LINESTATUS": "1", "LINEORDER": "2", "LINE": "9.5/9.5", "H": "100@2.29", "L": "100@1.55"}, {"LINENUM": "1", "MAINLINE": "true", "LINESTATUS": "1", "LINEORDER": "1", "LINE": "8.5/8.5", "L": "100@2.22", "H": "100@1.58"}], "ID": "4368b1e2-3514-4c3c-b716-9b601a36532f", "POOLSTATUS": "Selling", "ET": "0", "INPLAY": "true", "ALLUP": "true", "Cur": "1"}, "hasExtraTimePools": false, "results": {}, "definedPools": ["HAD", "FHA", "CRS", "FCS", "FTS", "OOE", "TTG", "HFT", "HHA", "HDC", "HIL", "FHL", "CHL", "NTS"], "inplayPools": ["HAD", "FHA", "HIL", "CHL", "CRS", "FCS", "NTS"]}]