[{"matchID": "0235652c-ddc8-470f-abee-31b06561f1ad", "matchIDinofficial": "20220505THU13", "matchNum": "13", "matchDate": "2022-05-05+08:00", "matchDay": "THU", "coupon": {"couponID": "6", "couponShortName": "THU", "couponNameCH": "\u5468\u56db\u8cfd\u4e8b", "couponNameEN": "Thursday Matches"}, "league": {"leagueID": "7", "leagueShortName": "UEC", "leagueNameCH": "\u6b50\u9738\u76c3", "leagueNameEN": "UE Cup"}, "homeTeam": {"teamID": "26", "teamNameCH": "\u6cd5\u862d\u514b\u798f", "teamNameEN": "Frankfurt"}, "awayTeam": {"teamID": "185", "teamNameCH": "\u97cb\u65af\u54b8", "teamNameEN": "West Ham"}, "matchStatus": "ResultIn", "matchTime": "2022-05-06T03:00:00+08:00", "statuslastupdated": "2022-05-06T04:53:02+08:00", "inplaydelay": "true", "channel": [{"order": 1, "channelID": "643", "channelNameCH": "NOW 643\u53f0", "channelNameEN": "NOW 643"}], "liveEvent": {"ilcLiveDisplay": true, "hasLiveInfo": true, "isIncomplete": false, "matchIDbetradar": "33195957", "matchstate": "SecondHalf", "stateTS": "2022-05-06T04:04:37+08:00", "liveevent": [{"order": 1, "minutesElasped": "17", "actionType": "YellowCard", "playerNameCH": "\u827e\u6717\u52a0\u65af\u5a01\u723e", "playerNameEN": "Aaron Cresswell", "homeaway": "Away"}, {"order": 2, "minutesElasped": "19", "actionType": "RedCard", "playerNameCH": "\u827e\u6717\u52a0\u65af\u5a01\u723e", "playerNameEN": "Aaron Cresswell", "homeaway": "Away"}, {"order": 3, "minutesElasped": "26", "actionType": "Regular", "playerNameCH": "\u62c9\u83f2\u723e\u6ce2\u5c3c", "playerNameEN": "Rafael Borre", "homeaway": "Home"}, {"order": 4, "minutesElasped": "43", "actionType": "YellowCard", "playerNameCH": "\u4f0a\u96f2\u5c3c\u8fea\u5361", "playerNameEN": "Evan N Dicka", "homeaway": "Home"}, {"order": 5, "minutesElasped": "45", "actionType": "YellowCard", "playerNameCH": "\u8fea\u683c\u862d\u8cf4\u65af", "playerNameEN": "Declan Rice", "homeaway": "Away"}, {"order": 6, "minutesElasped": "66", "actionType": "YellowCard", "playerNameCH": "\u65bd\u5df4\u65af\u5766\u6d1b\u8fea", "playerNameEN": "Sebastian Rode", "homeaway": "Home"}, {"order": 7, "minutesElasped": "77", "actionType": "YellowCard", "playerNameCH": "\u7c73\u67e5\u5229\u5b89\u6771\u5c3c\u5967", "playerNameEN": "Michail Antonio", "homeaway": "Away"}, {"order": 8, "minutesElasped": "81", "actionType": "YellowCard", "playerNameCH": "\u5b89\u65af\u5361, \u514b\u7d0d\u592b", "playerNameEN": "Ansgar Knauff", "homeaway": "Home"}, {"order": 9, "minutesElasped": "81", "actionType": "YellowCard", "playerNameCH": "\u8cd3\u83ef\u99ac", "playerNameEN": "Said Benrahma", "homeaway": "Away"}, {"order": 10, "minutesElasped": "90", "actionType": "YellowCard", "playerNameCH": "\u5947\u96f2\u67e5\u666e", "playerNameEN": "Kevin Trapp", "homeaway": "Home"}]}, "accumulatedscore": [{"periodvalue": "FirstHalf", "periodstatus": "ResultFinal", "home": "1", "away": "0"}, {"periodvalue": "SecondHalf", "periodstatus": "Interim", "home": "", "away": ""}], "livescore": {"home": "1", "away": "0"}, "cornerresult": "-1", "hasWebTV": false, "hasOdds": false, "chlodds": {"LINELIST": [{"LINENUM": "1", "MAINLINE": "true", "LINESTATUS": "1", "LINEORDER": "1", "LINE": "11.5/11.5", "H": "100@3.40", "L": "100@1.26"}], "ID": "5a4d476e-5c63-4278-a992-58ff41d4c2b5", "POOLSTATUS": "FinalStopSell", "ET": "0", "INPLAY": "true", "ALLUP": "true", "Cur": "1"}, "hasExtraTimePools": false, "results": {}, "definedPools": ["HAD", "FHA", "CRS", "FCS", "FTS", "TQL", "OOE", "TTG", "HFT", "HHA", "HDC", "HIL", "FHL", "CHL", "NTS"], "inplayPools": ["HAD", "FHA", "TQL", "HIL", "CHL", "CRS", "FCS", "NTS"], "dhc": {"LEG1": "THU 13", "LEG1ID": "0235652c-ddc8-470f-abee-31b06561f1ad", "LEG2": "THU 14", "LEG2ID": "3ae5c61c-9e21-407a-8b39-0caced8f7a18", "ITEM": "1"}, "hfm": {"LEG1": "THU 9", "LEG1ID": "e3a269da-fab2-4212-85b8-f010284d211f", "LEG2": "THU 11", "LEG2ID": "adc7e48f-c0a2-4a9e-a6f6-2278d50b278b", "LEG3": "THU 13", "LEG3ID": "0235652c-ddc8-470f-abee-31b06561f1ad", "LEG4": "THU 14", "LEG4ID": "3ae5c61c-9e21-407a-8b39-0caced8f7a18", "LEG5": "THU 15", "LEG5ID": "3b6025eb-f27f-4d27-8dec-74c0af0b3b4a", "LEG6": "THU 16", "LEG6ID": "29cb0e3a-100f-4130-b161-ac4c05559d31", "ITEM": "1"}}, {"matchID": "3b6025eb-f27f-4d27-8dec-74c0af0b3b4a", "matchIDinofficial": "20220505THU15", "matchNum": "15", "matchDate": "2022-05-05+08:00", "matchDay": "THU", "coupon": {"couponID": "6", "couponShortName": "THU", "couponNameCH": "\u5468\u56db\u8cfd\u4e8b", "couponNameEN": "Thursday Matches"}, "league": {"leagueID": "156", "leagueShortName": "UEF", "leagueNameCH": "\u6b50\u6d32\u5354\u6703\u806f\u8cfd", "leagueNameEN": "UE Conference"}, "homeTeam": {"teamID": "53", "teamNameCH": "\u7f85\u99ac", "teamNameEN": "Roma"}, "awayTeam": {"teamID": "11", "teamNameCH": "\u674e\u65af\u7279\u57ce", "teamNameEN": "Leicester"}, "matchStatus": "ResultIn", "matchTime": "2022-05-06T03:00:00+08:00", "statuslastupdated": "2022-05-06T04:50:27+08:00", "inplaydelay": "true", "channel": [{"order": 1, "channelID": "645", "channelNameCH": "NOW 645\u53f0", "channelNameEN": "NOW 645"}], "liveEvent": {"ilcLiveDisplay": true, "hasLiveInfo": true, "isIncomplete": false, "matchIDbetradar": "33195139", "matchstate": "SecondHalf", "stateTS": "2022-05-06T04:05:04+08:00", "liveevent": [{"order": 1, "minutesElasped": "11", "actionType": "Regular", "playerNameCH": "\u8b5a\u7f8e\u963f\u5df4\u8b19", "playerNameEN": "Tammy Abraham", "homeaway": "Home"}, {"order": 2, "minutesElasped": "41", "actionType": "YellowCard", "playerNameCH": "\u57fa\u5b89\u76e7\u5361\u6587\u4ed9\u5c3c", "playerNameEN": "Gianluca Mancini", "homeaway": "Home"}, {"order": 3, "minutesElasped": "68", "actionType": "YellowCard", "playerNameCH": "\u97cb\u65af\u5229\u79d1\u82ac\u62ff", "playerNameEN": "Wesley Fofana", "homeaway": "Away"}, {"order": 4, "minutesElasped": "87", "actionType": "YellowCard", "playerNameCH": "\u5361\u65af\u675c\u67cf", "playerNameEN": "Rick Karsdorp", "homeaway": "Home"}]}, "accumulatedscore": [{"periodvalue": "FirstHalf", "periodstatus": "ResultFinal", "home": "1", "away": "0"}, {"periodvalue": "SecondHalf", "periodstatus": "Interim", "home": "", "away": ""}], "livescore": {"home": "1", "away": "0"}, "cornerresult": "-1", "hasWebTV": false, "hasOdds": false, "chlodds": {"LINELIST": [{"LINENUM": "1", "MAINLINE": "true", "LINESTATUS": "1", "LINEORDER": "1", "LINE": "14.5/14.5", "L": "100@1.17", "H": "100@4.30"}], "ID": "bc350aa6-a1e0-4cb2-94e0-be56cd4b3184", "POOLSTATUS": "FinalStopSell", "ET": "0", "INPLAY": "true", "ALLUP": "true", "Cur": "1"}, "hasExtraTimePools": false, "results": {}, "definedPools": ["HAD", "FHA", "CRS", "FCS", "FTS", "TQL", "OOE", "TTG", "HFT", "HHA", "HDC", "HIL", "FHL", "CHL", "NTS"], "inplayPools": ["HAD", "FHA", "TQL", "HIL", "CHL", "CRS", "FCS", "NTS"], "hfm": {"LEG1": "THU 9", "LEG1ID": "e3a269da-fab2-4212-85b8-f010284d211f", "LEG2": "THU 11", "LEG2ID": "adc7e48f-c0a2-4a9e-a6f6-2278d50b278b", "LEG3": "THU 13", "LEG3ID": "0235652c-ddc8-470f-abee-31b06561f1ad", "LEG4": "THU 14", "LEG4ID": "3ae5c61c-9e21-407a-8b39-0caced8f7a18", "LEG5": "THU 15", "LEG5ID": "3b6025eb-f27f-4d27-8dec-74c0af0b3b4a", "LEG6": "THU 16", "LEG6ID": "29cb0e3a-100f-4130-b161-ac4c05559d31", "ITEM": "1"}}]