[{"matchID": "f0798a75-e897-442b-95fa-ce5d01e36140", "matchIDinofficial": "20220507SAT112", "matchNum": "112", "matchDate": "2022-05-07+08:00", "matchDay": "SAT", "coupon": {"couponID": "1", "couponShortName": "SAT", "couponNameCH": "\u5468\u516d\u8cfd\u4e8b", "couponNameEN": "Saturday Matches"}, "league": {"leagueID": "79", "leagueShortName": "MLS", "leagueNameCH": "\u7f8e\u570b\u8077\u696d\u806f\u8cfd", "leagueNameEN": "US Football League"}, "homeTeam": {"teamID": "1462", "teamNameCH": "\u660e\u5c3c\u8607\u9054\u806f", "teamNameEN": "Minnesota Utd"}, "awayTeam": {"teamID": "3007", "teamNameCH": "FC\u8f9b\u8f9b\u90a3\u63d0", "teamNameEN": "FC Cincinnati"}, "matchStatus": "ResultIn", "matchTime": "2022-05-08T08:00:00+08:00", "statuslastupdated": "2022-05-08T09:51:49+08:00", "inplaydelay": "true", "channel": [{"order": 1, "channelID": "638", "channelNameCH": "NOW 638\u53f0", "channelNameEN": "NOW 638"}], "liveEvent": {"ilcLiveDisplay": true, "hasLiveInfo": true, "isIncomplete": false, "matchIDbetradar": "31099659", "matchstate": "SecondHalf", "stateTS": "2022-05-08T09:10:39+08:00", "liveevent": [{"order": 1, "minutesElasped": "68", "actionType": "YellowCard", "playerNameCH": "\u827e\u83ef\u65af\u5305\u7dad", "playerNameEN": "Alvas Powell", "homeaway": "Away"}, {"order": 2, "minutesElasped": "73", "actionType": "YellowCard", "playerNameCH": "\u8b1d\u592b\u7518\u99ac\u502b", "playerNameEN": "Geoff Cameron", "homeaway": "Away"}, {"order": 3, "minutesElasped": "87", "actionType": "YellowCard", "playerNameCH": "\u6069\u6c83\u535a\u591a, \u5967\u8cd3\u5a1c", "playerNameEN": "Obinna Nwobodo", "homeaway": "Away"}]}, "accumulatedscore": [{"periodvalue": "FirstHalf", "periodstatus": "ResultFinal", "home": "0", "away": "0"}, {"periodvalue": "SecondHalf", "periodstatus": "Interim", "home": "", "away": ""}], "livescore": {"home": "0", "away": "0"}, "cornerresult": "-1", "hasWebTV": false, "hasOdds": false, "chlodds": {"LINELIST": [{"LINENUM": "1", "MAINLINE": "true", "LINESTATUS": "1", "LINEORDER": "1", "LINE": "15.5/15.5", "H": "100@3.65", "L": "100@1.23"}], "ID": "d59371ed-05b0-44b7-985f-bdac4f17d07f", "POOLSTATUS": "FinalStopSell", "ET": "0", "INPLAY": "true", "ALLUP": "true", "Cur": "1"}, "hasExtraTimePools": false, "results": {}, "definedPools": ["HAD", "FHA", "CRS", "FCS", "FTS", "OOE", "TTG", "HFT", "HHA", "HDC", "HIL", "FHL", "CHL", "NTS"], "inplayPools": ["HAD", "FHA", "HIL", "CHL", "CRS", "FCS", "NTS"]}]