[{"matchID": "c28275f3-efde-4180-ad8e-95eb1748ddc6", "matchIDinofficial": "20220419TUE29", "matchNum": "29", "matchDate": "2022-04-19+08:00", "matchDay": "TUE", "coupon": {"couponID": "4", "couponShortName": "TUE", "couponNameCH": "\u5468\u4e8c\u8cfd\u4e8b", "couponNameEN": "Tuesday Matches"}, "league": {"leagueID": "9", "leagueShortName": "IFC", "leagueNameCH": "\u610f\u5927\u5229\u76c3", "leagueNameEN": "Italian Cup"}, "homeTeam": {"teamID": "45", "teamNameCH": "\u570b\u969b\u7c73\u862d", "teamNameEN": "Inter Milan"}, "awayTeam": {"teamID": "39", "teamNameCH": "AC\u7c73\u862d", "teamNameEN": "AC Milan"}, "matchStatus": "ResultIn", "matchTime": "2022-04-20T03:00:00+08:00", "statuslastupdated": "2022-04-20T04:54:54+08:00", "inplaydelay": "true", "channel": [{"order": 1, "channelID": "C661", "channelNameCH": "\u6709\u7dda661\u53f0", "channelNameEN": "i-CABLE 661"}, {"order": 2, "channelID": "C601", "channelNameCH": "\u6709\u7dda601\u53f0", "channelNameEN": "i-CABLE 601"}], "liveEvent": {"ilcLiveDisplay": true, "hasLiveInfo": true, "isIncomplete": false, "matchIDbetradar": "32030535", "matchstate": "SecondHalf", "stateTS": "2022-04-20T04:07:37+08:00", "liveevent": [{"order": 1, "minutesElasped": "4", "actionType": "Regular", "playerNameCH": "\u62ff\u9054\u8def\u99ac\u5929\u5c3c\u65af", "playerNameEN": "Lautaro Martinez", "homeaway": "Home"}, {"order": 2, "minutesElasped": "35", "actionType": "YellowCard", "playerNameCH": "\u8fea\u5967\u9774\u5357\u8fea\u65af", "playerNameEN": "Theo Hernandez", "homeaway": "Away"}, {"order": 3, "minutesElasped": "40", "actionType": "Regular", "playerNameCH": "\u62ff\u9054\u8def\u99ac\u5929\u5c3c\u65af", "playerNameEN": "Lautaro Martinez", "homeaway": "Home"}, {"order": 4, "minutesElasped": "50", "actionType": "YellowCard", "playerNameCH": "\u53f2\u5805\u5c3c\u4e9e", "playerNameEN": "Milan Skriniar", "homeaway": "Home"}, {"order": 5, "minutesElasped": "82", "actionType": "Regular", "playerNameCH": "\u9b6f\u8cd3\u9ad8\u8f9b\u65af", "playerNameEN": "Robin Gosens", "homeaway": "Home"}, {"order": 6, "minutesElasped": "90", "actionType": "YellowCard", "playerNameCH": "\u6e6f\u59c6\u5229", "playerNameEN": "Fikayo Tomori", "homeaway": "Away"}]}, "accumulatedscore": [{"periodvalue": "FirstHalf", "periodstatus": "ResultFinal", "home": "2", "away": "0"}, {"periodvalue": "SecondHalf", "periodstatus": "Interim", "home": "3", "away": "0"}], "livescore": {"home": "3", "away": "0"}, "cornerresult": "-1", "hasWebTV": false, "hasOdds": false, "chlodds": {"LINELIST": [{"LINENUM": "1", "MAINLINE": "true", "LINESTATUS": "1", "LINEORDER": "1", "LINE": "12.5/12.5", "H": "100@9.00", "L": "100@1.03"}], "ID": "7f2602ec-02ca-4084-bafa-65d111ac97af", "POOLSTATUS": "FinalStopSell", "ET": "0", "INPLAY": "true", "ALLUP": "true", "Cur": "1"}, "hasExtraTimePools": true, "results": {}, "definedPools": ["HAD", "FHA", "CRS", "FCS", "FTS", "TQL", "OOE", "TTG", "HFT", "HHA", "HDC", "HIL", "FHL", "CHL", "NTS"], "inplayPools": ["HAD", "FHA", "TQL", "HIL", "CHL", "CRS", "FCS", "NTS"]}]