[{"matchID": "e10e2220-48d6-42d2-8f6c-74cd82a19217", "matchIDinofficial": "20220505THU3", "matchNum": "3", "matchDate": "2022-05-05+08:00", "matchDay": "THU", "coupon": {"couponID": "6", "couponShortName": "THU", "couponNameCH": "\u5468\u56db\u8cfd\u4e8b", "couponNameEN": "Thursday Matches"}, "league": {"leagueID": "88", "leagueShortName": "KD1", "leagueNameCH": "\u5357\u97d3\u8077\u696d\u806f\u8cfd", "leagueNameEN": "Korean Division 1"}, "homeTeam": {"teamID": "1107", "teamNameCH": "\u6c34\u539f\u85cd\u7ffc", "teamNameEN": "Suwon Bluewings"}, "awayTeam": {"teamID": "1108", "teamNameCH": "\u851a\u5c71\u73fe\u4ee3", "teamNameEN": "Ulsan Hyundai"}, "matchStatus": "ResultIn", "matchTime": "2022-05-05T15:30:00+08:00", "statuslastupdated": "2022-05-05T17:11:09+08:00", "inplaydelay": "true", "channel": [{"order": 1, "channelID": "MTS", "channelNameCH": "\u7121\u7dda myTV SUPER", "channelNameEN": "TVB myTV SUPER"}], "liveEvent": {"ilcLiveDisplay": true, "hasLiveInfo": true, "isIncomplete": false, "matchIDbetradar": "31561517", "matchstate": "SecondHalf", "stateTS": "2022-05-05T16:36:34+08:00", "liveevent": [{"order": 1, "minutesElasped": "25", "actionType": "YellowCard", "playerNameCH": "", "playerNameEN": "Gi-yun Choi", "homeaway": "Away"}, {"order": 2, "minutesElasped": "27", "actionType": "RedCard", "playerNameCH": "\u91d1\u6210\u4fca", "playerNameEN": "Kim Sung-joon", "homeaway": "Away"}, {"order": 3, "minutesElasped": "39", "actionType": "YellowCard", "playerNameCH": "\u683c\u7f85\u5be7, \u65bd\u5df4\u65af\u5766", "playerNameEN": "Sebastian Gronning", "homeaway": "Home"}, {"order": 4, "minutesElasped": "64", "actionType": "Regular", "playerNameCH": "\u8c93\u738b\u85a9\u91cc\u514b", "playerNameEN": "Elvis Saric", "homeaway": "Home"}, {"order": 5, "minutesElasped": "75", "actionType": "YellowCard", "playerNameCH": "\u91d1\u592a\u7165", "playerNameEN": "Kim Tae-hwan", "homeaway": "Away"}, {"order": 6, "minutesElasped": "75", "actionType": "YellowCard", "playerNameCH": "\u5433\u8ce2\u572d", "playerNameEN": "Oh Hyeon-gyu", "homeaway": "Home"}]}, "accumulatedscore": [{"periodvalue": "FirstHalf", "periodstatus": "ResultFinal", "home": "0", "away": "0"}, {"periodvalue": "SecondHalf", "periodstatus": "Interim", "home": "1", "away": "0"}], "livescore": {"home": "1", "away": "0"}, "cornerresult": "8", "hasWebTV": false, "hasOdds": false, "chlodds": {"LINELIST": [{"LINENUM": "1", "MAINLINE": "true", "LINESTATUS": "1", "LINEORDER": "1", "LINE": "9.5/9.5", "H": "100@2.70", "L": "100@1.40"}], "ID": "9f3598b5-8e5e-4f1c-8be0-4bb961ff21a9", "POOLSTATUS": "Selling", "ET": "0", "INPLAY": "true", "ALLUP": "true", "Cur": "1"}, "hasExtraTimePools": false, "results": {}, "definedPools": ["HAD", "FHA", "CRS", "FCS", "FTS", "OOE", "TTG", "HFT", "HHA", "HDC", "HIL", "FHL", "CHL", "NTS"], "inplayPools": ["HAD", "FHA", "HIL", "CHL", "CRS", "FCS", "NTS"]}, {"matchID": "924750f4-23e1-4630-ac0a-89d109bbb0fb", "matchIDinofficial": "20220505THU5", "matchNum": "5", "matchDate": "2022-05-05+08:00", "matchDay": "THU", "coupon": {"couponID": "6", "couponShortName": "THU", "couponNameCH": "\u5468\u56db\u8cfd\u4e8b", "couponNameEN": "Thursday Matches"}, "league": {"leagueID": "89", "leagueShortName": "AD1", "leagueNameCH": "\u6fb3\u6d32\u8077\u696d\u806f\u8cfd", "leagueNameEN": "Australian Division 1"}, "homeTeam": {"teamID": "1920", "teamNameCH": "\u897f\u6089\u5c3c\u6d41\u6d6a\u8005", "teamNameEN": "Western Sydney Wanderers"}, "awayTeam": {"teamID": "1157", "teamNameCH": "\u5a01\u9748\u9813\u9cf3\u51f0", "teamNameEN": "Wellington Phoenix"}, "matchStatus": "ResultIn", "matchTime": "2022-05-05T17:05:00+08:00", "statuslastupdated": "2022-05-05T17:11:01+08:00", "inplaydelay": "true", "channel": [{"order": 1, "channelID": "MTS", "channelNameCH": "\u7121\u7dda myTV SUPER", "channelNameEN": "TVB myTV SUPER"}], "liveEvent": {"ilcLiveDisplay": true, "hasLiveInfo": true, "isIncomplete": false, "matchIDbetradar": "33300357", "matchstate": "FirstHalf", "stateTS": "2022-05-05T17:05:45+08:00", "liveevent": [{"order": 1, "minutesElasped": "3", "actionType": "Regular", "playerNameCH": "\u68ee\u745f\u9813", "playerNameEN": "Sam Sutton", "homeaway": "Away"}]}, "accumulatedscore": [{"periodvalue": "FirstHalf", "periodstatus": "Interim", "home": "0", "away": "1"}], "livescore": {"home": "0", "away": "1"}, "cornerresult": "1", "hasWebTV": false, "hasOdds": false, "chlodds": {"LINELIST": [{"LINENUM": "2", "MAINLINE": "false", "LINESTATUS": "1", "LINEORDER": "2", "LINE": "12.5/12.5", "H": "100@2.55", "L": "100@1.45"}, {"LINENUM": "1", "MAINLINE": "true", "LINESTATUS": "1", "LINEORDER": "1", "LINE": "11.5/11.5", "L": "100@1.73", "H": "100@1.98"}], "ID": "c4e267c0-4aa3-474c-bda4-d5097109649e", "POOLSTATUS": "Selling", "ET": "0", "INPLAY": "true", "ALLUP": "true", "Cur": "1"}, "hasExtraTimePools": false, "results": {}, "definedPools": ["HAD", "FHA", "CRS", "FCS", "FTS", "OOE", "TTG", "HFT", "HHA", "HDC", "HIL", "FHL", "CHL", "NTS"], "inplayPools": ["HAD", "FHA", "HIL", "CHL", "CRS", "FCS", "NTS"]}]