[{"matchID": "4e65fb16-0f38-470b-9054-9f0e8f347c53", "matchIDinofficial": "20220416SAT88", "matchNum": "88", "matchDate": "2022-04-16+08:00", "matchDay": "SAT", "coupon": {"couponID": "1", "couponShortName": "SAT", "couponNameCH": "\u5468\u516d\u8cfd\u4e8b", "couponNameEN": "Saturday Matches"}, "league": {"leagueID": "79", "leagueShortName": "MLS", "leagueNameCH": "\u7f8e\u570b\u8077\u696d\u806f\u8cfd", "leagueNameEN": "US Football League"}, "homeTeam": {"teamID": "916", "teamNameCH": "\u829d\u52a0\u54e5\u706b\u71c4", "teamNameEN": "Chicago Fire"}, "awayTeam": {"teamID": "923", "teamNameCH": "\u6d1b\u6749\u78ef\u9280\u6cb3", "teamNameEN": "LA Galaxy"}, "matchStatus": "ResultIn", "matchTime": "2022-04-17T08:00:00+08:00", "statuslastupdated": "2022-04-17T09:35:55+08:00", "inplaydelay": "true", "channel": [{"order": 1, "channelID": "638", "channelNameCH": "NOW 638\u53f0", "channelNameEN": "NOW 638"}], "liveEvent": {"ilcLiveDisplay": true, "hasLiveInfo": true, "isIncomplete": true, "matchIDbetradar": "31046035", "matchstate": "SecondHalf", "stateTS": "2022-04-17T09:12:17+08:00", "liveevent": [{"order": 1, "minutesElasped": "24", "actionType": "YellowCard", "playerNameCH": "\u859b\u7956\u65af", "playerNameEN": "Rafael Czichos", "homeaway": "Home"}, {"order": 2, "minutesElasped": "38", "actionType": "YellowCard", "playerNameCH": "\u6234\u6b77\u5a01\u5ec9\u65af", "playerNameEN": "Derrick Williams", "homeaway": "Away"}, {"order": 3, "minutesElasped": "44", "actionType": "YellowCard", "playerNameCH": "\u6885\u91cc\u65af\u5967\u8cd3\u5c3c\u9054", "playerNameEN": "Mauricio Pineda", "homeaway": "Home"}, {"order": 4, "minutesElasped": "49", "actionType": "YellowCard", "playerNameCH": "\u52a0\u65af\u9813\u57fa\u6587\u5c3c\u65af", "playerNameEN": "Gaston Gimenez", "homeaway": "Home"}, {"order": 5, "minutesElasped": "69", "actionType": "YellowCard", "playerNameCH": "\u7c73\u57fa\u723e\u62ff\u83ef\u8def", "playerNameEN": "Miguel Navarro", "homeaway": "Home"}, {"order": 6, "minutesElasped": "76", "actionType": "YellowCard", "playerNameCH": "\u65bd\u52a0\u53e4\u5c3c\u5df4\u5229", "playerNameEN": "Sega Coulibaly", "homeaway": "Away"}]}, "accumulatedscore": [{"periodvalue": "FirstHalf", "periodstatus": "ResultFinal", "home": "0", "away": "0"}, {"periodvalue": "SecondHalf", "periodstatus": "Interim", "home": "0", "away": "0"}], "livescore": {"home": "0", "away": "0"}, "cornerresult": "6", "hasWebTV": false, "hasOdds": false, "chlodds": {"LINELIST": [{"LINENUM": "2", "MAINLINE": "false", "LINESTATUS": "1", "LINEORDER": "2", "LINE": "8.5/8.5", "H": "100@3.25", "L": "100@1.28"}, {"LINENUM": "1", "MAINLINE": "true", "LINESTATUS": "1", "LINEORDER": "1", "LINE": "7.5/7.5", "L": "100@1.94", "H": "100@1.76"}], "ID": "c21d57bc-63c3-472c-80d5-e9f8eb7d936b", "POOLSTATUS": "Selling", "ET": "0", "INPLAY": "true", "ALLUP": "true", "Cur": "1"}, "hasExtraTimePools": false, "results": {}, "definedPools": ["HAD", "FHA", "CRS", "FCS", "FTS", "OOE", "TTG", "HFT", "HHA", "HDC", "HIL", "FHL", "CHL", "NTS"], "inplayPools": ["HAD", "FHA", "HIL", "CHL", "CRS", "FCS", "NTS"]}]