[{"matchID": "cf1caaf2-6597-422a-8726-903340bcd74d", "matchIDinofficial": "20220507SAT29", "matchNum": "29", "matchDate": "2022-05-07+08:00", "matchDay": "SAT", "coupon": {"couponID": "1", "couponShortName": "SAT", "couponNameCH": "\u5468\u516d\u8cfd\u4e8b", "couponNameEN": "Saturday Matches"}, "league": {"leagueID": "3", "leagueShortName": "GSL", "leagueNameCH": "\u5fb7\u570b\u7532\u7d44\u806f\u8cfd", "leagueNameEN": "German Division 1"}, "homeTeam": {"teamID": "286", "teamNameCH": "\u683c\u96f7\u7279\u970d\u592b", "teamNameEN": "Greuther Furth"}, "awayTeam": {"teamID": "25", "teamNameCH": "\u591a\u8499\u7279", "teamNameEN": "Dortmund"}, "matchStatus": "ResultIn", "matchTime": "2022-05-07T21:30:00+08:00", "statuslastupdated": "2022-05-07T23:15:56+08:00", "inplaydelay": "true", "channel": [{"order": 1, "channelID": "76", "channelNameCH": "\u9999\u6e2f\u570b\u969b\u8ca1\u7d93\u53f0", "channelNameEN": "Hong Kong International Business Channel"}, {"order": 2, "channelID": "C661", "channelNameCH": "\u6709\u7dda661\u53f0", "channelNameEN": "i-CABLE 661"}, {"order": 3, "channelID": "C601", "channelNameCH": "\u6709\u7dda601\u53f0", "channelNameEN": "i-CABLE 601"}], "liveEvent": {"ilcLiveDisplay": true, "hasLiveInfo": true, "isIncomplete": true, "matchIDbetradar": "27883680", "matchstate": "SecondHalf", "stateTS": "2022-05-07T22:34:23+08:00", "liveevent": [{"order": 1, "minutesElasped": "26", "actionType": "Regular", "playerNameCH": "\u7956\u5229\u5b89\u767d\u862d\u7279", "playerNameEN": "Julian Brandt", "homeaway": "Away"}, {"order": 2, "minutesElasped": "51", "actionType": "YellowCard", "playerNameCH": "\u8fea\u723e\u6587", "playerNameEN": "Timothy Tillmann", "homeaway": "Home"}, {"order": 3, "minutesElasped": "70", "actionType": "Regular", "playerNameCH": "\u6069\u7518\u574e, \u5091\u897f\u5947", "playerNameEN": "Jessic Ngankam", "homeaway": "Home"}, {"order": 4, "minutesElasped": "72", "actionType": "Regular", "playerNameCH": "\u7956\u5229\u5b89\u767d\u862d\u7279", "playerNameEN": "Julian Brandt", "homeaway": "Away"}, {"order": 5, "minutesElasped": "77", "actionType": "Regular", "playerNameCH": "\u67cf\u65af\u6b77\u514b", "playerNameEN": "Felix Passlack", "homeaway": "Away"}, {"order": 6, "minutesElasped": "81", "actionType": "YellowCard", "playerNameCH": "\u6587\u8def\u723e\u827e\u7c21\u6cbb", "playerNameEN": "Manuel Akanji", "homeaway": "Away"}]}, "accumulatedscore": [{"periodvalue": "FirstHalf", "periodstatus": "ResultFinal", "home": "0", "away": "1"}, {"periodvalue": "SecondHalf", "periodstatus": "Interim", "home": "1", "away": "3"}], "livescore": {"home": "1", "away": "3"}, "cornerresult": "-1", "hasWebTV": false, "hasOdds": false, "chlodds": {"LINELIST": [{"LINENUM": "1", "MAINLINE": "true", "LINESTATUS": "1", "LINEORDER": "1", "LINE": "8.5/8.5", "L": "100@1.15", "H": "100@4.55"}], "ID": "d9fe609b-0bd3-431c-9e32-ee8c0eba2c04", "POOLSTATUS": "Selling", "ET": "0", "INPLAY": "true", "ALLUP": "true", "Cur": "1"}, "hasExtraTimePools": false, "results": {}, "definedPools": ["HAD", "FHA", "CRS", "FCS", "FTS", "OOE", "TTG", "HFT", "HHA", "HDC", "HIL", "FHL", "CHL", "NTS"], "inplayPools": ["HAD", "FHA", "HIL", "CHL", "CRS", "FCS", "NTS"]}, {"matchID": "5ab43f0e-99ea-4767-84b4-0f39a9a66262", "matchIDinofficial": "20220507SAT35", "matchNum": "35", "matchDate": "2022-05-07+08:00", "matchDay": "SAT", "coupon": {"couponID": "1", "couponShortName": "SAT", "couponNameCH": "\u5468\u516d\u8cfd\u4e8b", "couponNameEN": "Saturday Matches"}, "league": {"leagueID": "1", "leagueShortName": "EPL", "leagueNameCH": "\u82f1\u683c\u862d\u8d85\u7d1a\u806f\u8cfd", "leagueNameEN": "Eng Premier"}, "homeTeam": {"teamID": "7", "teamNameCH": "\u8eca\u8def\u58eb", "teamNameEN": "Chelsea"}, "awayTeam": {"teamID": "20", "teamNameCH": "\u72fc\u968a", "teamNameEN": "Wolves"}, "matchStatus": "ResultIn", "matchTime": "2022-05-07T22:00:00+08:00", "statuslastupdated": "2022-05-07T23:15:54+08:00", "inplaydelay": "true", "channel": [{"order": 1, "channelID": "621", "channelNameCH": "NOW 621\u53f0", "channelNameEN": "NOW 621"}], "liveEvent": {"ilcLiveDisplay": true, "hasLiveInfo": true, "isIncomplete": true, "matchIDbetradar": "27751760", "matchstate": "SecondHalf", "stateTS": "2022-05-07T23:04:15+08:00", "liveevent": [{"order": 1, "minutesElasped": "27", "actionType": "YellowCard", "playerNameCH": "\u827e\u65af\u6d3e\u53e4\u9054", "playerNameEN": "Cesar Azpilicueta", "homeaway": "Home"}, {"order": 2, "minutesElasped": "36", "actionType": "YellowCard", "playerNameCH": "\u8def\u66fc\u6c99\u65af", "playerNameEN": "Romain Saiss", "homeaway": "Away"}, {"order": 3, "minutesElasped": "38", "actionType": "Regular", "playerNameCH": "\u7f85\u592b\u5ea6\u65af\u5353\u514b", "playerNameEN": "Ruben Loftus-Cheek", "homeaway": "Home"}, {"order": 4, "minutesElasped": "45", "actionType": "YellowCard", "playerNameCH": "\u67cf\u5ea6\u5c3c\u5716", "playerNameEN": "Pedro Neto", "homeaway": "Away"}, {"order": 5, "minutesElasped": "51", "actionType": "YellowCard", "playerNameCH": "\u6469\u5929\u5974", "playerNameEN": "Joao Moutinho", "homeaway": "Away"}, {"order": 6, "minutesElasped": "56", "actionType": "Penalty", "playerNameCH": "\u76e7\u5361\u53e4", "playerNameEN": "Romelu Lukaku", "homeaway": "Home"}]}, "accumulatedscore": [{"periodvalue": "FirstHalf", "periodstatus": "ResultFinal", "home": "0", "away": "0"}, {"periodvalue": "SecondHalf", "periodstatus": "Interim", "home": "1", "away": "0"}], "livescore": {"home": "1", "away": "0"}, "cornerresult": "-1", "hasWebTV": false, "hasOdds": false, "chlodds": {"LINELIST": [{"LINENUM": "1", "MAINLINE": "true", "LINESTATUS": "1", "LINEORDER": "1", "LINE": "10.5/10.5", "L": "100@1.92", "H": "100@1.78"}, {"LINENUM": "2", "MAINLINE": "false", "LINESTATUS": "1", "LINEORDER": "2", "LINE": "11.5/11.5", "H": "100@2.50", "L": "100@1.46"}], "ID": "8f125715-c246-4d41-840b-cb72ef943b47", "POOLSTATUS": "NotSelling", "ET": "0", "INPLAY": "true", "ALLUP": "true", "Cur": "1"}, "hasExtraTimePools": false, "results": {}, "definedPools": ["HAD", "FHA", "CRS", "FCS", "FTS", "OOE", "TTG", "HFT", "HHA", "HDC", "HIL", "FHL", "CHL", "NTS"], "inplayPools": ["HAD", "FHA", "HIL", "CHL", "CRS", "FCS", "NTS"]}, {"matchID": "2791ce6f-60a1-4de7-a869-a91e0a9eaf1e", "matchIDinofficial": "20220507SAT36", "matchNum": "36", "matchDate": "2022-05-07+08:00", "matchDay": "SAT", "coupon": {"couponID": "1", "couponShortName": "SAT", "couponNameCH": "\u5468\u516d\u8cfd\u4e8b", "couponNameEN": "Saturday Matches"}, "league": {"leagueID": "1", "leagueShortName": "EPL", "leagueNameCH": "\u82f1\u683c\u862d\u8d85\u7d1a\u806f\u8cfd", "leagueNameEN": "Eng Premier"}, "homeTeam": {"teamID": "521", "teamNameCH": "\u8cd3\u798f\u7279", "teamNameEN": "Brentford"}, "awayTeam": {"teamID": "18", "teamNameCH": "\u4fee\u54b8\u9813", "teamNameEN": "Southampton"}, "matchStatus": "ResultIn", "matchTime": "2022-05-07T22:00:00+08:00", "statuslastupdated": "2022-05-07T23:09:43+08:00", "inplaydelay": "true", "channel": [{"order": 1, "channelID": "96", "channelNameCH": "Viu TV 96\u53f0", "channelNameEN": "Viu TV 96"}, {"order": 2, "channelID": "622", "channelNameCH": "NOW 622\u53f0", "channelNameEN": "NOW 622"}], "liveEvent": {"ilcLiveDisplay": true, "hasLiveInfo": true, "isIncomplete": false, "matchIDbetradar": "27751754", "matchstate": "SecondHalf", "stateTS": "2022-05-07T23:03:21+08:00", "liveevent": [{"order": 1, "minutesElasped": "13", "actionType": "Regular", "playerNameCH": "\u90a6\u5716\u65af\u8d0a\u81e3", "playerNameEN": "Pontus Jansson", "homeaway": "Home"}, {"order": 2, "minutesElasped": "14", "actionType": "Regular", "playerNameCH": "\u5c24\u5c3c\u97cb\u6c99", "playerNameEN": "Yoane Wissa", "homeaway": "Home"}, {"order": 3, "minutesElasped": "17", "actionType": "YellowCard", "playerNameCH": "\u4f0a\u5df4\u8b19\u99ac\u8fea\u4e9e\u8def", "playerNameEN": "Ibrahima Diallo", "homeaway": "Away"}]}, "accumulatedscore": [{"periodvalue": "FirstHalf", "periodstatus": "ResultFinal", "home": "2", "away": "0"}, {"periodvalue": "SecondHalf", "periodstatus": "Interim", "home": "", "away": ""}], "livescore": {"home": "2", "away": "0"}, "cornerresult": "7", "hasWebTV": false, "hasOdds": false, "chlodds": {"LINELIST": [{"LINENUM": "1", "MAINLINE": "true", "LINESTATUS": "1", "LINEORDER": "1", "LINE": "10.5/10.5", "H": "100@1.62", "L": "100@2.15"}, {"LINENUM": "2", "MAINLINE": "false", "LINESTATUS": "1", "LINEORDER": "2", "LINE": "11.5/11.5", "H": "100@2.29", "L": "100@1.55"}], "ID": "3cbff5aa-cb3f-4d3f-afd1-0ad9ec67612d", "POOLSTATUS": "Selling", "ET": "0", "INPLAY": "true", "ALLUP": "true", "Cur": "1"}, "hasExtraTimePools": false, "results": {}, "definedPools": ["HAD", "FHA", "CRS", "FCS", "FTS", "OOE", "TTG", "HFT", "HHA", "HDC", "HIL", "FHL", "CHL", "NTS"], "inplayPools": ["HAD", "FHA", "HIL", "CHL", "CRS", "FCS", "NTS"]}, {"matchID": "e1b83202-3841-4035-9fd3-ed2045fcb549", "matchIDinofficial": "20220507SAT38", "matchNum": "38", "matchDate": "2022-05-07+08:00", "matchDay": "SAT", "coupon": {"couponID": "1", "couponShortName": "SAT", "couponNameCH": "\u5468\u516d\u8cfd\u4e8b", "couponNameEN": "Saturday Matches"}, "league": {"leagueID": "1", "leagueShortName": "EPL", "leagueNameCH": "\u82f1\u683c\u862d\u8d85\u7d1a\u806f\u8cfd", "leagueNameEN": "Eng Premier"}, "homeTeam": {"teamID": "193", "teamNameCH": "\u822c\u5c3c", "teamNameEN": "Burnley"}, "awayTeam": {"teamID": "2", "teamNameCH": "\u963f\u58eb\u6771\u7dad\u62c9", "teamNameEN": "Aston Villa"}, "matchStatus": "ResultIn", "matchTime": "2022-05-07T22:00:00+08:00", "statuslastupdated": "2022-05-07T23:14:24+08:00", "inplaydelay": "true", "channel": [{"order": 1, "channelID": "624", "channelNameCH": "NOW 624\u53f0", "channelNameEN": "NOW 624"}], "liveEvent": {"ilcLiveDisplay": true, "hasLiveInfo": true, "isIncomplete": false, "matchIDbetradar": "27751758", "matchstate": "SecondHalf", "stateTS": "2022-05-07T23:03:41+08:00", "liveevent": [{"order": 1, "minutesElasped": "7", "actionType": "Regular", "playerNameCH": "\u4e39\u5c3c\u827e\u683c\u65af", "playerNameEN": "Danny Ings", "homeaway": "Away"}, {"order": 2, "minutesElasped": "21", "actionType": "YellowCard", "playerNameCH": "\u76e7\u5361\u65af\u8fea\u6cbb\u5c3c", "playerNameEN": "Lucas Digne", "homeaway": "Away"}, {"order": 3, "minutesElasped": "31", "actionType": "Regular", "playerNameCH": "\u8c9d\u5b89\u8fea\u4e9e", "playerNameEN": "Emiliano Buendia", "homeaway": "Away"}, {"order": 4, "minutesElasped": "45", "actionType": "YellowCard", "playerNameCH": "\u5967\u5c3c\u5c48\u5805\u65af", "playerNameEN": "Ollie Watkins", "homeaway": "Away"}, {"order": 5, "minutesElasped": "52", "actionType": "Regular", "playerNameCH": "\u5967\u5c3c\u5c48\u5805\u65af", "playerNameEN": "Ollie Watkins", "homeaway": "Away"}]}, "accumulatedscore": [{"periodvalue": "FirstHalf", "periodstatus": "ResultFinal", "home": "0", "away": "2"}, {"periodvalue": "SecondHalf", "periodstatus": "Interim", "home": "0", "away": "3"}], "livescore": {"home": "0", "away": "3"}, "cornerresult": "8", "hasWebTV": false, "hasOdds": false, "chlodds": {"LINELIST": [{"LINENUM": "2", "MAINLINE": "false", "LINESTATUS": "1", "LINEORDER": "2", "LINE": "13.5/13.5", "H": "100@3.00", "L": "100@1.33"}, {"LINENUM": "1", "MAINLINE": "true", "LINESTATUS": "1", "LINEORDER": "1", "LINE": "12.5/12.5", "H": "100@2.13", "L": "100@1.63"}], "ID": "2bb1bb37-0706-4d17-af82-b66e8dea44ff", "POOLSTATUS": "Selling", "ET": "0", "INPLAY": "true", "ALLUP": "true", "Cur": "1"}, "hasExtraTimePools": false, "results": {}, "definedPools": ["HAD", "FHA", "CRS", "FCS", "FTS", "OOE", "TTG", "HFT", "HHA", "HDC", "HIL", "FHL", "CHL", "NTS"], "inplayPools": ["HAD", "FHA", "HIL", "CHL", "CRS", "FCS", "NTS"]}, {"matchID": "531f5bb5-1334-4555-8e3f-e7d5ab76cb58", "matchIDinofficial": "20220507SAT60", "matchNum": "60", "matchDate": "2022-05-07+08:00", "matchDay": "SAT", "coupon": {"couponID": "1", "couponShortName": "SAT", "couponNameCH": "\u5468\u516d\u8cfd\u4e8b", "couponNameEN": "Saturday Matches"}, "league": {"leagueID": "14", "leagueShortName": "FFL", "leagueNameCH": "\u6cd5\u570b\u7532\u7d44\u806f\u8cfd", "leagueNameEN": "French Division 1"}, "homeTeam": {"teamID": "449", "teamNameCH": "\u6bd4\u65af\u7279", "teamNameEN": "Brest"}, "awayTeam": {"teamID": "221", "teamNameCH": "\u65af\u7279\u62c9\u65af\u5821", "teamNameEN": "Strasbourg"}, "matchStatus": "Closed", "matchTime": "2022-05-07T23:00:00+08:00", "statuslastupdated": "2022-05-07T23:01:50+08:00", "inplaydelay": "true", "channel": [{"order": 1, "channelID": "639", "channelNameCH": "NOW 639 \u53f0", "channelNameEN": "NOW 639"}], "liveEvent": {"ilcLiveDisplay": true, "hasLiveInfo": true, "isIncomplete": false, "matchIDbetradar": "27885388", "matchstate": "FirstHalf", "stateTS": "2022-05-07T23:01:50+08:00", "liveevent": []}, "accumulatedscore": [{"periodvalue": "FirstHalf", "periodstatus": "Started", "home": "", "away": ""}], "livescore": {"home": "0", "away": "0"}, "cornerresult": "-1", "hasWebTV": false, "hasOdds": false, "chlodds": {"LINELIST": [{"LINENUM": "1", "MAINLINE": "true", "LINESTATUS": "1", "LINEORDER": "1", "LINE": "9.5/9.5", "H": "100@1.75", "L": "100@1.95"}, {"LINENUM": "2", "MAINLINE": "false", "LINESTATUS": "1", "LINEORDER": "2", "LINE": "10.5/10.5", "H": "100@2.22", "L": "100@1.58"}], "ID": "430ad0af-07aa-4cf3-855c-e0707d3d0a3d", "POOLSTATUS": "NotSelling", "ET": "0", "INPLAY": "true", "ALLUP": "true", "Cur": "1"}, "hasExtraTimePools": false, "results": {}, "definedPools": ["HAD", "FHA", "CRS", "FCS", "FTS", "OOE", "TTG", "HFT", "HHA", "HDC", "HIL", "FHL", "CHL", "NTS"], "inplayPools": ["HAD", "FHA", "HIL", "CHL", "CRS", "FCS", "NTS"]}]