[{"matchID": "7a162b2e-9d3e-43fb-82be-8cf95e94bbdb", "matchIDinofficial": "20220417SUN2", "matchNum": "2", "matchDate": "2022-04-17+08:00", "matchDay": "SUN", "coupon": {"couponID": "2", "couponShortName": "SUN", "couponNameCH": "\u5468\u65e5\u8cfd\u4e8b", "couponNameEN": "Sunday Matches"}, "league": {"leagueID": "87", "leagueShortName": "JD2", "leagueNameCH": "\u65e5\u672c\u4e59\u7d44\u806f\u8cfd", "leagueNameEN": "Japanese Division 2"}, "homeTeam": {"teamID": "2204", "teamNameCH": "\u79cb\u7530\u85cd\u9583\u96fb", "teamNameEN": "Blaublitz Akita"}, "awayTeam": {"teamID": "1742", "teamNameCH": "\u9577\u5d0e\u6210\u529f\u4e38", "teamNameEN": "V-Varen Nagasaki"}, "matchStatus": "ResultIn", "matchTime": "2022-04-17T12:00:00+08:00", "statuslastupdated": "2022-04-17T12:30:54+08:00", "inplaydelay": "true", "channel": [{"order": 1, "channelID": "C661", "channelNameCH": "\u6709\u7dda661\u53f0", "channelNameEN": "i-CABLE 661"}, {"order": 2, "channelID": "C601", "channelNameCH": "\u6709\u7dda601\u53f0", "channelNameEN": "i-CABLE 601"}], "liveEvent": {"ilcLiveDisplay": true, "hasLiveInfo": true, "isIncomplete": true, "matchIDbetradar": "", "matchstate": "FirstHalf", "stateTS": "2022-04-17T12:03:13+08:00", "liveevent": []}, "accumulatedscore": [{"periodvalue": "FirstHalf", "periodstatus": "Interim", "home": "0", "away": "1"}], "livescore": {"home": "0", "away": "1"}, "cornerresult": "8", "hasWebTV": false, "hasOdds": false, "chlodds": {"LINELIST": [{"LINENUM": "1", "MAINLINE": "true", "LINESTATUS": "1", "LINEORDER": "1", "LINE": "14.5/14.5", "L": "100@1.70", "H": "100@2.02"}, {"LINENUM": "2", "MAINLINE": "false", "LINESTATUS": "1", "LINEORDER": "2", "LINE": "15.5/15.5", "H": "100@2.58", "L": "100@1.44"}], "ID": "ed8dfd8a-04f2-4a8c-b9f8-b44f826029d7", "POOLSTATUS": "Selling", "ET": "0", "INPLAY": "true", "ALLUP": "true", "Cur": "1"}, "hasExtraTimePools": false, "results": {}, "definedPools": ["HAD", "FHA", "CRS", "FCS", "FTS", "OOE", "TTG", "HFT", "HHA", "HDC", "HIL", "FHL", "CHL", "NTS"], "inplayPools": ["HAD", "FHA", "HIL", "CHL", "CRS", "FCS", "NTS"]}]