[{"matchID": "abee914c-214f-4059-956e-348d7b429dd1", "matchIDinofficial": "20220501SUN20", "matchNum": "20", "matchDate": "2022-05-01+08:00", "matchDay": "SUN", "coupon": {"couponID": "2", "couponShortName": "SUN", "couponNameCH": "\u5468\u65e5\u8cfd\u4e8b", "couponNameEN": "Sunday Matches"}, "league": {"leagueID": "1", "leagueShortName": "EPL", "leagueNameCH": "\u82f1\u683c\u862d\u8d85\u7d1a\u806f\u8cfd", "leagueNameEN": "Eng Premier"}, "homeTeam": {"teamID": "8", "teamNameCH": "\u611b\u83ef\u9813", "teamNameEN": "Everton"}, "awayTeam": {"teamID": "7", "teamNameCH": "\u8eca\u8def\u58eb", "teamNameEN": "Chelsea"}, "matchStatus": "ResultIn", "matchTime": "2022-05-01T21:00:00+08:00", "statuslastupdated": "2022-05-01T22:10:48+08:00", "inplaydelay": "true", "channel": [{"order": 1, "channelID": "621", "channelNameCH": "NOW 621\u53f0", "channelNameEN": "NOW 621"}], "liveEvent": {"ilcLiveDisplay": true, "hasLiveInfo": true, "isIncomplete": false, "matchIDbetradar": "27751734", "matchstate": "SecondHalf", "stateTS": "2022-05-01T22:03:39+08:00", "liveevent": [{"order": 1, "minutesElasped": "17", "actionType": "YellowCard", "playerNameCH": "\u9b6f\u8fea\u683c", "playerNameEN": "Antonio Rudiger", "homeaway": "Away"}, {"order": 2, "minutesElasped": "36", "actionType": "YellowCard", "playerNameCH": "\u7f8e\u81e3\u8499\u7279", "playerNameEN": "Mason Mount", "homeaway": "Away"}, {"order": 3, "minutesElasped": "38", "actionType": "YellowCard", "playerNameCH": "\u827e\u65af\u6d3e\u53e4\u9054", "playerNameEN": "Cesar Azpilicueta", "homeaway": "Away"}, {"order": 4, "minutesElasped": "38", "actionType": "YellowCard", "playerNameCH": "\u53f2\u5bc6\u65af\u9ad8\u6587", "playerNameEN": "Seamus Coleman", "homeaway": "Home"}, {"order": 5, "minutesElasped": "45", "actionType": "YellowCard", "playerNameCH": "\u6234\u723e\u592b", "playerNameEN": "Fabian Delph", "homeaway": "Home"}, {"order": 6, "minutesElasped": "47", "actionType": "Regular", "playerNameCH": "\u674e\u5bdf\u5229\u81e3", "playerNameEN": "Richarlison", "homeaway": "Home"}]}, "accumulatedscore": [{"periodvalue": "FirstHalf", "periodstatus": "ResultFinal", "home": "0", "away": "0"}, {"periodvalue": "SecondHalf", "periodstatus": "Interim", "home": "1", "away": "0"}], "livescore": {"home": "1", "away": "0"}, "cornerresult": "3", "hasWebTV": false, "hasOdds": false, "chlodds": {"LINELIST": [{"LINENUM": "2", "MAINLINE": "false", "LINESTATUS": "1", "LINEORDER": "2", "LINE": "8.5/8.5", "H": "100@2.60", "L": "100@1.43"}, {"LINENUM": "1", "MAINLINE": "true", "LINESTATUS": "1", "LINEORDER": "1", "LINE": "7.5/7.5", "L": "100@1.92", "H": "100@1.78"}], "ID": "8a48e66c-1d16-4457-97d9-a1ed8ce79627", "POOLSTATUS": "Selling", "ET": "0", "INPLAY": "true", "ALLUP": "true", "Cur": "1"}, "hasExtraTimePools": false, "results": {}, "definedPools": ["HAD", "FHA", "CRS", "FCS", "FTS", "OOE", "TTG", "HFT", "HHA", "HDC", "HIL", "FHL", "CHL", "NTS"], "inplayPools": ["HAD", "FHA", "HIL", "CHL", "CRS", "FCS", "NTS"], "dhc": {"LEG1": "SUN 20", "LEG1ID": "abee914c-214f-4059-956e-348d7b429dd1", "LEG2": "SUN 21", "LEG2ID": "7a272dac-b53c-4635-8fae-eb7a2ec3e49c", "ITEM": "1"}, "hfm": {"LEG1": "SUN 20", "LEG1ID": "abee914c-214f-4059-956e-348d7b429dd1", "LEG2": "SUN 21", "LEG2ID": "7a272dac-b53c-4635-8fae-eb7a2ec3e49c", "LEG3": "SUN 22", "LEG3ID": "d731f586-4dc1-4495-ba86-5f5b784a58db", "LEG4": "SUN 23", "LEG4ID": "05fb9c34-0435-40cc-822a-1da0c4370afa", "LEG5": "SUN 24", "LEG5ID": "3c51f0c7-71a3-4794-882a-e21ef3af4db4", "LEG6": "SUN 37", "LEG6ID": "3c50ad53-18b1-4e8d-b54a-7ba2229be834", "ITEM": "1"}}, {"matchID": "7a272dac-b53c-4635-8fae-eb7a2ec3e49c", "matchIDinofficial": "20220501SUN21", "matchNum": "21", "matchDate": "2022-05-01+08:00", "matchDay": "SUN", "coupon": {"couponID": "2", "couponShortName": "SUN", "couponNameCH": "\u5468\u65e5\u8cfd\u4e8b", "couponNameEN": "Sunday Matches"}, "league": {"leagueID": "1", "leagueShortName": "EPL", "leagueNameCH": "\u82f1\u683c\u862d\u8d85\u7d1a\u806f\u8cfd", "leagueNameEN": "Eng Premier"}, "homeTeam": {"teamID": "19", "teamNameCH": "\u71b1\u523a", "teamNameEN": "Tottenham"}, "awayTeam": {"teamID": "11", "teamNameCH": "\u674e\u65af\u7279\u57ce", "teamNameEN": "Leicester"}, "matchStatus": "ResultIn", "matchTime": "2022-05-01T21:00:00+08:00", "statuslastupdated": "2022-05-01T22:09:32+08:00", "inplaydelay": "true", "channel": [{"order": 1, "channelID": "622", "channelNameCH": "NOW 622\u53f0", "channelNameEN": "NOW 622"}], "liveEvent": {"ilcLiveDisplay": true, "hasLiveInfo": true, "isIncomplete": false, "matchIDbetradar": "27751744", "matchstate": "SecondHalf", "stateTS": "2022-05-01T22:02:25+08:00", "liveevent": [{"order": 1, "minutesElasped": "22", "actionType": "Regular", "playerNameCH": "\u54c8\u5229\u5361\u5c3c", "playerNameEN": "Harry Kane", "homeaway": "Home"}, {"order": 2, "minutesElasped": "26", "actionType": "YellowCard", "playerNameCH": "\u8cd3\u6234\u7dad\u65af", "playerNameEN": "Ben Davies", "homeaway": "Home"}, {"order": 3, "minutesElasped": "48", "actionType": "YellowCard", "playerNameCH": "\u99ac\u514b\u827e\u62dc\u9813", "playerNameEN": "Marc Albrighton", "homeaway": "Away"}]}, "accumulatedscore": [{"periodvalue": "FirstHalf", "periodstatus": "ResultFinal", "home": "1", "away": "0"}, {"periodvalue": "SecondHalf", "periodstatus": "Interim", "home": "", "away": ""}], "livescore": {"home": "1", "away": "0"}, "cornerresult": "6", "hasWebTV": false, "hasOdds": false, "chlodds": {"LINELIST": [{"LINENUM": "1", "MAINLINE": "true", "LINESTATUS": "1", "LINEORDER": "1", "LINE": "10.5/10.5", "L": "100@1.71", "H": "100@2.01"}, {"LINENUM": "2", "MAINLINE": "false", "LINESTATUS": "1", "LINEORDER": "2", "LINE": "11.5/11.5", "H": "100@3.05", "L": "100@1.32"}], "ID": "61ba45ea-5725-4788-b7da-af17a85e4c4b", "POOLSTATUS": "Selling", "ET": "0", "INPLAY": "true", "ALLUP": "true", "Cur": "1"}, "hasExtraTimePools": false, "results": {}, "definedPools": ["HAD", "FHA", "CRS", "FCS", "FTS", "OOE", "TTG", "HFT", "HHA", "HDC", "HIL", "FHL", "CHL", "NTS"], "inplayPools": ["HAD", "FHA", "HIL", "CHL", "CRS", "FCS", "NTS"], "dhc": {"LEG1": "SUN 20", "LEG1ID": "abee914c-214f-4059-956e-348d7b429dd1", "LEG2": "SUN 21", "LEG2ID": "7a272dac-b53c-4635-8fae-eb7a2ec3e49c", "ITEM": "1"}, "hfm": {"LEG1": "SUN 20", "LEG1ID": "abee914c-214f-4059-956e-348d7b429dd1", "LEG2": "SUN 21", "LEG2ID": "7a272dac-b53c-4635-8fae-eb7a2ec3e49c", "LEG3": "SUN 22", "LEG3ID": "d731f586-4dc1-4495-ba86-5f5b784a58db", "LEG4": "SUN 23", "LEG4ID": "05fb9c34-0435-40cc-822a-1da0c4370afa", "LEG5": "SUN 24", "LEG5ID": "3c51f0c7-71a3-4794-882a-e21ef3af4db4", "LEG6": "SUN 37", "LEG6ID": "3c50ad53-18b1-4e8d-b54a-7ba2229be834", "ITEM": "1"}}, {"matchID": "d731f586-4dc1-4495-ba86-5f5b784a58db", "matchIDinofficial": "20220501SUN22", "matchNum": "22", "matchDate": "2022-05-01+08:00", "matchDay": "SUN", "coupon": {"couponID": "2", "couponShortName": "SUN", "couponNameCH": "\u5468\u65e5\u8cfd\u4e8b", "couponNameEN": "Sunday Matches"}, "league": {"leagueID": "2", "leagueShortName": "ISA", "leagueNameCH": "\u610f\u5927\u5229\u7532\u7d44\u806f\u8cfd", "leagueNameEN": "Italian Division 1"}, "homeTeam": {"teamID": "39", "teamNameCH": "AC\u7c73\u862d", "teamNameEN": "AC Milan"}, "awayTeam": {"teamID": "342", "teamNameCH": "\u8cbb\u502b\u5929\u62ff", "teamNameEN": "Fiorentina"}, "matchStatus": "ResultIn", "matchTime": "2022-05-01T21:00:00+08:00", "statuslastupdated": "2022-05-01T22:05:28+08:00", "inplaydelay": "true", "channel": [{"order": 1, "channelID": "638", "channelNameCH": "NOW 638\u53f0", "channelNameEN": "NOW 638"}], "liveEvent": {"ilcLiveDisplay": true, "hasLiveInfo": true, "isIncomplete": false, "matchIDbetradar": "28160518", "matchstate": "SecondHalf", "stateTS": "2022-05-01T22:05:28+08:00", "liveevent": [{"order": 1, "minutesElasped": "2", "actionType": "YellowCard", "playerNameCH": "\u5c24\u7d20\u592b\u99ac\u5217", "playerNameEN": "Youssef Maleh", "homeaway": "Away"}, {"order": 2, "minutesElasped": "41", "actionType": "YellowCard", "playerNameCH": "\u96f2\u8def\u8fea", "playerNameEN": "Lorenzo Venuti", "homeaway": "Away"}]}, "accumulatedscore": [{"periodvalue": "FirstHalf", "periodstatus": "ResultFinal", "home": "0", "away": "0"}, {"periodvalue": "SecondHalf", "periodstatus": "Started", "home": "", "away": ""}], "livescore": {"home": "0", "away": "0"}, "cornerresult": "2", "hasWebTV": false, "hasOdds": false, "chlodds": {"LINELIST": [{"LINENUM": "2", "MAINLINE": "false", "LINESTATUS": "1", "LINEORDER": "2", "LINE": "7.5/7.5", "H": "100@2.90", "L": "100@1.35"}, {"LINENUM": "1", "MAINLINE": "true", "LINESTATUS": "1", "LINEORDER": "1", "LINE": "6.5/6.5", "H": "100@1.93", "L": "100@1.77"}], "ID": "8f6fd5d0-bf49-4af4-a52c-90a3732f00ae", "POOLSTATUS": "Selling", "ET": "0", "INPLAY": "true", "ALLUP": "true", "Cur": "1"}, "hasExtraTimePools": false, "results": {}, "definedPools": ["HAD", "FHA", "CRS", "FCS", "FTS", "OOE", "TTG", "HFT", "HHA", "HDC", "HIL", "FHL", "CHL", "NTS"], "inplayPools": ["HAD", "FHA", "HIL", "CHL", "CRS", "FCS", "NTS"], "hfm": {"LEG1": "SUN 20", "LEG1ID": "abee914c-214f-4059-956e-348d7b429dd1", "LEG2": "SUN 21", "LEG2ID": "7a272dac-b53c-4635-8fae-eb7a2ec3e49c", "LEG3": "SUN 22", "LEG3ID": "d731f586-4dc1-4495-ba86-5f5b784a58db", "LEG4": "SUN 23", "LEG4ID": "05fb9c34-0435-40cc-822a-1da0c4370afa", "LEG5": "SUN 24", "LEG5ID": "3c51f0c7-71a3-4794-882a-e21ef3af4db4", "LEG6": "SUN 37", "LEG6ID": "3c50ad53-18b1-4e8d-b54a-7ba2229be834", "ITEM": "1"}}]