[{"matchID": "a6d6191c-c6a5-4289-8740-0df6fcec6e61", "matchIDinofficial": "20220418MON33", "matchNum": "33", "matchDate": "2022-04-18+08:00", "matchDay": "MON", "coupon": {"couponID": "3", "couponShortName": "MON", "couponNameCH": "\u5468\u4e00\u8cfd\u4e8b", "couponNameEN": "Monday Matches"}, "league": {"leagueID": "29", "leagueShortName": "ED1", "leagueNameCH": "\u82f1\u683c\u862d\u51a0\u8ecd\u806f\u8cfd", "leagueNameEN": "Eng Championship"}, "homeTeam": {"teamID": "223", "teamNameCH": "\u5e03\u91cc\u65af\u6258\u57ce", "teamNameEN": "Bristol City"}, "awayTeam": {"teamID": "204", "teamNameCH": "\u932b\u83f2\u806f", "teamNameEN": "Sheff Utd"}, "matchStatus": "ResultIn", "matchTime": "2022-04-19T00:30:00+08:00", "statuslastupdated": "2022-04-19T01:41:23+08:00", "inplaydelay": "true", "channel": [{"order": 1, "channelID": "C661", "channelNameCH": "\u6709\u7dda661\u53f0", "channelNameEN": "i-CABLE 661"}, {"order": 2, "channelID": "C601", "channelNameCH": "\u6709\u7dda601\u53f0", "channelNameEN": "i-CABLE 601"}], "liveEvent": {"ilcLiveDisplay": true, "hasLiveInfo": true, "isIncomplete": false, "matchIDbetradar": "27867986", "matchstate": "SecondHalf", "stateTS": "2022-04-19T01:34:31+08:00", "liveevent": [{"order": 1, "minutesElasped": "21", "actionType": "YellowCard", "playerNameCH": "\u57fa\u65af\u5df4\u68ee", "playerNameEN": "Chris Basham", "homeaway": "Away"}, {"order": 2, "minutesElasped": "41", "actionType": "YellowCard", "playerNameCH": "\u7d04\u7ff0\u827e\u6839", "playerNameEN": "John Egan", "homeaway": "Away"}, {"order": 3, "minutesElasped": "49", "actionType": "Regular", "playerNameCH": "\u57fa\u65af\u99ac\u7530", "playerNameEN": "Chris Martin", "homeaway": "Home"}]}, "accumulatedscore": [{"periodvalue": "FirstHalf", "periodstatus": "ResultFinal", "home": "0", "away": "0"}, {"periodvalue": "SecondHalf", "periodstatus": "Interim", "home": "1", "away": "0"}], "livescore": {"home": "1", "away": "0"}, "cornerresult": "7", "hasWebTV": false, "hasOdds": false, "chlodds": {"LINELIST": [{"LINENUM": "2", "MAINLINE": "false", "LINESTATUS": "1", "LINEORDER": "2", "LINE": "12.5/12.5", "H": "100@2.95", "L": "100@1.34"}, {"LINENUM": "1", "MAINLINE": "true", "LINESTATUS": "1", "LINEORDER": "1", "LINE": "11.5/11.5", "H": "100@1.95", "L": "100@1.75"}], "ID": "1fdf9771-123d-4bdb-a6ef-acd66a43dd5c", "POOLSTATUS": "Selling", "ET": "0", "INPLAY": "true", "ALLUP": "true", "Cur": "1"}, "hasExtraTimePools": false, "results": {}, "definedPools": ["HAD", "FHA", "CRS", "FCS", "FTS", "OOE", "TTG", "HFT", "HHA", "HDC", "HIL", "FHL", "CHL", "NTS"], "inplayPools": ["HAD", "FHA", "HIL", "CHL", "CRS", "FCS", "NTS"]}, {"matchID": "7ca1a666-0604-442a-80f7-ac61e235d77f", "matchIDinofficial": "20220418MON34", "matchNum": "34", "matchDate": "2022-04-18+08:00", "matchDay": "MON", "coupon": {"couponID": "3", "couponShortName": "MON", "couponNameCH": "\u5468\u4e00\u8cfd\u4e8b", "couponNameEN": "Monday Matches"}, "league": {"leagueID": "2", "leagueShortName": "ISA", "leagueNameCH": "\u610f\u5927\u5229\u7532\u7d44\u806f\u8cfd", "leagueNameEN": "Italian Division 1"}, "homeTeam": {"teamID": "764", "teamNameCH": "\u62ff\u73bb\u91cc", "teamNameEN": "Napoli"}, "awayTeam": {"teamID": "53", "teamNameCH": "\u7f85\u99ac", "teamNameEN": "Roma"}, "matchStatus": "ResultIn", "matchTime": "2022-04-19T01:00:00+08:00", "statuslastupdated": "2022-04-19T01:40:24+08:00", "inplaydelay": "true", "channel": [{"order": 1, "channelID": "638", "channelNameCH": "NOW 638\u53f0", "channelNameEN": "NOW 638"}], "liveEvent": {"ilcLiveDisplay": true, "hasLiveInfo": true, "isIncomplete": false, "matchIDbetradar": "28160482", "matchstate": "FirstHalf", "stateTS": "2022-04-19T01:00:58+08:00", "liveevent": [{"order": 1, "minutesElasped": "11", "actionType": "Penalty", "playerNameCH": "\u6069\u65af\u6cbb\u5c3c", "playerNameEN": "Lorenzo Insigne", "homeaway": "Home"}, {"order": 2, "minutesElasped": "17", "actionType": "YellowCard", "playerNameCH": "\u767d\u8cf4\u4ec1\u57fa\u65af\u5766\u8fea", "playerNameEN": "Bryan Cristante", "homeaway": "Away"}, {"order": 3, "minutesElasped": "37", "actionType": "YellowCard", "playerNameCH": "\u9ad8\u5217\u5df4\u5c3c", "playerNameEN": "Kalidou Koulibaly", "homeaway": "Home"}]}, "accumulatedscore": [{"periodvalue": "FirstHalf", "periodstatus": "Interim", "home": "1", "away": "0"}], "livescore": {"home": "1", "away": "0"}, "cornerresult": "7", "hasWebTV": false, "hasOdds": false, "chlodds": {"LINELIST": [{"LINENUM": "1", "MAINLINE": "true", "LINESTATUS": "1", "LINEORDER": "1", "LINE": "12.5/12.5", "L": "100@1.80", "H": "100@1.90"}, {"LINENUM": "2", "MAINLINE": "false", "LINESTATUS": "1", "LINEORDER": "2", "LINE": "13.5/13.5", "L": "100@1.40", "H": "100@2.70"}], "ID": "d4ebc5af-4738-4589-89c6-42b5d10c6f88", "POOLSTATUS": "Selling", "ET": "0", "INPLAY": "true", "ALLUP": "true", "Cur": "1"}, "hasExtraTimePools": false, "results": {}, "definedPools": ["HAD", "FHA", "CRS", "FCS", "FTS", "OOE", "TTG", "HFT", "HHA", "HDC", "HIL", "FHL", "CHL", "NTS"], "inplayPools": ["HAD", "FHA", "HIL", "CHL", "CRS", "FCS", "NTS"]}]